listing_id,title,company,location,rating,pay_low,pay_median,pay_high,pay_currency,easy_apply,industry,company_size,job_source,description,link
1009706670938,GenAI Research Student Worker,Cerence,Ulm,,,,,EUR,False,,,,,"https://www.glassdoor.de/job-listing/genai-research-student-worker-cerence-JV_IC2690154_KO0,29_KE30,37.htm?jl=1009706670938"
1010083596652,Working Student / Intern in Data & AI - Tech Consultant (m/f/d),Liebherr-Digital Development Center GmbH,Ulm,,,,,EUR,False,,,,,"https://www.glassdoor.de/job-listing/working-student-intern-in-data-ai-tech-consultant-mfd-liebherr-group-JV_IC2690154_KO0,53_KE54,68.htm?jl=1010083596652"
1010088582841,(Senior) Consultant (m/w/d) Artificial Intelligence,Ingenics AG,Ulm,,,,,EUR,True,,,,,"https://www.glassdoor.de/job-listing/senior-consultant-mwd-artificial-intelligence-ingenics-JV_IC2690154_KO0,45_KE46,54.htm?jl=1010088582841"
1009894158549,(Senior) Consultant (m/w/d) Data Science & Artificial Intelligence,Ingenics AG,Ulm,,,,,EUR,True,,,,,"https://www.glassdoor.de/job-listing/senior-consultant-mwd-data-science-artificial-intelligence-ingenics-JV_IC2690154_KO0,58_KE59,67.htm?jl=1009894158549"
1010106615792,"PostDoc in Electronic Structure & Magnetism in Quantum Materials, France",ILL,Deutschland,,,,,EUR,False,,,,,"https://www.glassdoor.de/job-listing/postdoc-in-electronic-structure-magnetism-in-quantum-materials-france-ill-JV_KO0,69_KE70,73.htm?jl=1010106615792"
1010125698762,Senior Consultant Banking Artificial Intelligence (m/w/d) - German C1,Tech Punk GmbH,Deutschland,,,,,EUR,True,,,,,"https://www.glassdoor.de/job-listing/senior-consultant-banking-artificial-intelligence-mwd-german-c1-tech-punk-gmbh-JV_KO0,63_KE64,78.htm?jl=1010125698762"
1010079044116,(Senior-) Consultant (m/w/d) Managementberatung – Schwerpunkt Artificial Intelligence,STAR COOPERATION GmbH,Böblingen,,,,,EUR,False,,,,,"https://www.glassdoor.de/job-listing/senior-consultant-mwd-managementberatung-schwerpunkt-artificial-intelligence-star-cooperation-JV_IC2765468_KO0,76_KE77,93.htm?jl=1010079044116"
1009999078404,"Research Manager AI & Data, Simulation and Quantum (m/f/d)",TWT Science & Innovation,Stuttgart,,,,,EUR,False,,,,,"https://www.glassdoor.de/job-listing/research-manager-ai-data-simulation-and-quantum-mfd-twt-JV_IC2507190_KO0,51_KE52,55.htm?jl=1009999078404"
1009998962820,Expert AI & Engineering (m/f/d),TWT Science & Innovation,Stuttgart,,,,,EUR,False,,,,,"https://www.glassdoor.de/job-listing/expert-ai-engineering-mfd-twt-JV_IC2507190_KO0,25_KE26,29.htm?jl=1009998962820"
1010098989816,Werkstudent (m/w/d) – Managementberatung – Schwerpunkt Artificial Intelligence,STAR COOPERATION GmbH,Böblingen,,,,,EUR,False,,,,,"https://www.glassdoor.de/job-listing/werkstudent-mwd-managementberatung-schwerpunkt-artificial-intelligence-star-cooperation-JV_IC2765468_KO0,70_KE71,87.htm?jl=1010098989816"
1010037622000,Testingenieur (m/w/d),Agile Robots SE,Kaufbeuren,,,,,EUR,True,,,,,"https://www.glassdoor.de/job-listing/testingenieur-mwd-agile-robots-germany-JV_IC2758786_KO0,17_KE18,38.htm?jl=1010037622000"
1010033542233,Doktorarbeit: Sichere KI für maritime Antriebe / Safe Artificial Intelligence for Maritime Engines,Everllence SE,Augsburg,,,,,EUR,False,,,,,"https://www.glassdoor.de/job-listing/doktorarbeit-sichere-ki-für-maritime-antriebe-safe-artificial-intelligence-for-maritime-engines-everllence-se-JV_IC2587487_KO0,95_KE96,109.htm?jl=1010033542233"
1010028538989,"Artificial Intelligence, Stuttgart, The Undergraduate School - Adjunct Faculty",University of Maryland Global Campus,Stuttgart,,,,,EUR,False,,,,,"https://www.glassdoor.de/job-listing/artificial-intelligence-stuttgart-the-undergraduate-school-adjunct-faculty-university-of-maryland-global-campus-JV_IC2507190_KO0,74_KE75,111.htm?jl=1010028538989"
1010104355219,Linux Systems Administrator,Booz Allen,Stuttgart,,,,,EUR,False,,,,,"https://www.glassdoor.de/job-listing/linux-systems-administrator-booz-allen-hamilton-JV_IC2507190_KO0,27_KE28,47.htm?jl=1010104355219"
1010056482129,Manager Business Artificial Intelligence (Human),Neura Robotics GmbH,Metzingen,,,,,EUR,False,,,,,"https://www.glassdoor.de/job-listing/manager-business-artificial-intelligence-human-neura-robotics-JV_IC2598787_KO0,46_KE47,61.htm?jl=1010056482129"
1010112048980,Internship in Development of AI-Based Solutions for Embedded Middleware Software,Bosch Group,Stuttgart,,,,,EUR,False,,,,,"https://www.glassdoor.de/job-listing/internship-in-development-of-ai-based-solutions-for-embedded-middleware-software-bosch-JV_IC2507190_KO0,80_KE81,86.htm?jl=1010112048980"
1010104890510,AI and Data Integration & Modernization Analyst,Booz Allen,Stuttgart,,,,,EUR,False,,,,,"https://www.glassdoor.de/job-listing/ai-and-data-integration-modernization-analyst-booz-allen-hamilton-JV_IC2507190_KO0,45_KE46,65.htm?jl=1010104890510"
1010109390710,Intern AI & Agentic Engineering (Zone Controller),Mercedes-Benz Group AG,Sindelfingen,,,,,EUR,False,,,,,"https://www.glassdoor.de/job-listing/intern-ai-agentic-engineering-zone-controller-mercedes-benz-group-JV_IC2506790_KO0,45_KE46,65.htm?jl=1010109390710"
1010000866742,Consultant Business Intelligence - Dein Einstieg in AI Insights (m/w/d),Deloitte Consulting GmbH,Stuttgart,,,,,EUR,False,,,,,"https://www.glassdoor.de/job-listing/consultant-business-intelligence-dein-einstieg-in-ai-insights-mwd-deloitte-JV_IC2507190_KO0,65_KE66,74.htm?jl=1010000866742"
1010075574158,Databricks Masterclass - Dein Einstieg als Consultant AI & Data (m/w/d),Deloitte Consulting GmbH,Stuttgart,,,,,EUR,False,,,,,"https://www.glassdoor.de/job-listing/databricks-masterclass-dein-einstieg-als-consultant-ai-data-mwd-deloitte-JV_IC2507190_KO0,63_KE64,72.htm?jl=1010075574158"
1009396507899,Digital Testing Consultant (m/w/d),BearingPoint Germany,Stuttgart,,,,,EUR,False,,,,,"https://www.glassdoor.de/job-listing/digital-testing-consultant-mwd-bearingpoint-JV_IC2507190_KO0,30_KE31,43.htm?jl=1009396507899"
1010069031970,Junior Consultant (m/w/d) IT-Security & Identity und Access Management,iC Consult Group GmbH,Stuttgart,,,,,EUR,False,,,,,"https://www.glassdoor.de/job-listing/junior-consultant-mwd-it-security-identity-und-access-management-ic-consult-JV_IC2507190_KO0,64_KE65,75.htm?jl=1010069031970"
1010067682401,AI Delivery Manager,Booz Allen,Stuttgart,,,,,EUR,False,,,,,"https://www.glassdoor.de/job-listing/ai-delivery-manager-booz-allen-hamilton-JV_IC2507190_KO0,19_KE20,39.htm?jl=1010067682401"
1010000865852,Senior Consultant Gen AI / Generative KI (m/w/d),Deloitte Consulting GmbH,Stuttgart,,,,,EUR,False,,,,,"https://www.glassdoor.de/job-listing/senior-consultant-gen-ai-generative-ki-mwd-deloitte-JV_IC2507190_KO0,42_KE43,51.htm?jl=1010000865852"
1009918604730,Expert AI & Engineering (m/f/d),TWT GmbH,Stuttgart,,,,,EUR,False,,,,,"https://www.glassdoor.de/job-listing/expert-ai-engineering-mfd-twt-JV_IC2507190_KO0,25_KE26,29.htm?jl=1009918604730"
1010116925299,"PhD Position (m/f/div) Embodied Intelligence through Material, Mechanics and Computation",Max Planck Institute for Intelligent Systems,Stuttgart,,,,,EUR,True,,,,,"https://www.glassdoor.de/job-listing/phd-position-mf-div-embodied-intelligence-through-material-mechanics-and-computation-max-planck-gesellschaft-JV_IC2507190_KO0,84_KE85,108.htm?jl=1010116925299"
1010111923014,Security Expert – AI & HPC Infrastructure (HLRS_13_2026),Höchstleistungsrechenzentrum Stuttgart (HLRS),Stuttgart,,,,,EUR,False,,,,,"https://www.glassdoor.de/job-listing/security-expert-ai-hpc-infrastructure-hlrs-13-2026-höchstleistungsrechenzentrum-JV_IC2507190_KO0,50_KE51,79.htm?jl=1010111923014"
1010109373966,Postdoctoral Researcher – Sparse Linear Systems (Software Implementation) (HLRS_10_2026),Höchstleistungsrechenzentrum Stuttgart (HLRS),Stuttgart,,,,,EUR,False,,,,,"https://www.glassdoor.de/job-listing/postdoctoral-researcher-sparse-linear-systems-software-implementation-hlrs-10-2026-höchstleistungsrechenzentrum-JV_IC2507190_KO0,82_KE83,111.htm?jl=1010109373966"
1010121495422,"Senior Software Engineer, Core Experiences - Stuttgart, Germany",Speechify,Stuttgart,,,,,EUR,False,,,,,"https://www.glassdoor.de/job-listing/senior-software-engineer-core-experiences-stuttgart-germany-speechify-JV_IC2507190_KO0,59_KE60,69.htm?jl=1010121495422"
1010112679145,Head of IT,1inch,Stuttgart,,,,,EUR,True,,,,,"https://www.glassdoor.de/job-listing/head-of-it-1inch-JV_IC2507190_KO0,10_KE11,16.htm?jl=1010112679145"
1006959880173,Spark Solution Architect (M/F/D),AI.Associates GmbH,Deutschland,,,,,EUR,False,,,,,"https://www.glassdoor.de/job-listing/spark-solution-architect-mfd-ai-associates-gmbh-JV_KO0,28_KE29,47.htm?jl=1006959880173"
1009872619087,Manager Business Intelligence & AI (m/w/d),Deloitte Consulting GmbH,Stuttgart,,,,,EUR,False,,,,,"https://www.glassdoor.de/job-listing/manager-business-intelligence-ai-mwd-deloitte-JV_IC2507190_KO0,36_KE37,45.htm?jl=1009872619087"
1010075023586,Robotics Field Support Lead - EU (m/f/d),Sereact GmbH,Stuttgart,,,,,EUR,False,,,,,"https://www.glassdoor.de/job-listing/robotics-field-support-lead-eu-mfd-sereact-gmbh-JV_IC2507190_KO0,34_KE35,47.htm?jl=1010075023586"
1010123638954,WERKSTUDENT / ABSCHLUSSARBEIT (m/w/d) IM IT-BEREICH KI-GESTÜTZTE AUTOMATISIERUNG | Start: WiSe 2026,UWT GmbH,Betzigau,,,,,EUR,False,,,,,"https://www.glassdoor.de/job-listing/werkstudent-abschlussarbeit-mwd-im-it-bereich-ki-gestützte-automatisierung-start-wise-2026-uwt-JV_IC2537283_KO0,90_KE91,94.htm?jl=1010123638954"
1010067682447,Infrastructure & Logistics Data Scientist,Booz Allen,Stuttgart,,,,,EUR,False,,,,,"https://www.glassdoor.de/job-listing/infrastructure-logistics-data-scientist-booz-allen-hamilton-JV_IC2507190_KO0,39_KE40,59.htm?jl=1010067682447"
1010002815925,(Senior) Developer - Fokus Tax Technology (m/w/d),RSM Ebner Stolz Wirtschaftsprüfer Steuerberater Rechtsanwälte Partnerschaft mbB,Ravensburg,,,,,EUR,False,,,,,"https://www.glassdoor.de/job-listing/senior-developer-fokus-tax-technology-mwd-rsm-ebner-stolz-JV_IC2805851_KO0,41_KE42,57.htm?jl=1010002815925"
1010125188325,"Data Scientist, Senior Manager",Booz Allen,Stuttgart,,,,,EUR,False,,,,,"https://www.glassdoor.de/job-listing/data-scientist-senior-manager-booz-allen-hamilton-JV_IC2507190_KO0,29_KE30,49.htm?jl=1010125188325"
1010128455494,Data Scientist,Agile Defense,Stuttgart,,,,,EUR,True,,,,,"https://www.glassdoor.de/job-listing/data-scientist-agile-defense-JV_IC2507190_KO0,14_KE15,28.htm?jl=1010128455494"
1010125623771,Werkstudent*in Mitarbeit bei AI Use Cases im Garantie & Kulanz Bereich,Mercedes-Benz Group AG,Böblingen,,,,,EUR,False,,,,,"https://www.glassdoor.de/job-listing/werkstudent-in-mitarbeit-bei-ai-use-cases-im-garantie-kulanz-bereich-mercedes-benz-group-JV_IC2765468_KO0,68_KE69,88.htm?jl=1010125623771"
1007188188097,"Senior Consultant - Cyber Security Technology, Transformation & Defense (w/m/d)",KPMG,Stuttgart,,,,,EUR,False,,,,,"https://www.glassdoor.de/job-listing/senior-consultant-cyber-security-technology-transformation-defense-wmd-kpmg-JV_IC2507190_KO0,70_KE71,75.htm?jl=1007188188097"
1010124149092,Consultant AI & Data Engineering (m/w/d),Deloitte Consulting GmbH,Stuttgart,,,,,EUR,False,,,,,"https://www.glassdoor.de/job-listing/consultant-ai-data-engineering-mwd-deloitte-JV_IC2507190_KO0,34_KE35,43.htm?jl=1010124149092"
1009915206445,Praktikum Logistik: Data Science & Process Mining,Dr. Ing. h.c. F. Porsche AG,Deutschland,,,,,EUR,False,,,,,"https://www.glassdoor.de/job-listing/praktikum-logistik-data-science-process-mining-porsche-JV_KO0,46_KE47,54.htm?jl=1009915206445"
1009866850290,Senior Consultant Cloud Analytics & Data Science (m/w/d),Deloitte Consulting GmbH,Stuttgart,,,,,EUR,False,,,,,"https://www.glassdoor.de/job-listing/senior-consultant-cloud-analytics-data-science-mwd-deloitte-JV_IC2507190_KO0,50_KE51,59.htm?jl=1009866850290"
1009753421050,AI Engineer (w|m|d),BridgingIT GmbH,Stuttgart,,,,,EUR,True,,,,,"https://www.glassdoor.de/job-listing/ai-engineer-w-m-d-bridgingit-JV_IC2507190_KO0,17_KE18,28.htm?jl=1009753421050"
1009949077439,Werkstudent (m/w/d) - Talent für Support-Aufgaben in der Entwicklung von Steuergeräten,TWT Science & Innovation,Stuttgart,,,,,EUR,False,,,,,"https://www.glassdoor.de/job-listing/werkstudent-mwd-talent-für-support-aufgaben-in-der-entwicklung-von-steuergeräten-twt-JV_IC2507190_KO0,80_KE81,84.htm?jl=1009949077439"
1010000866753,Manager AI & Data Engineering (m/w/d),Deloitte Consulting GmbH,Stuttgart,,,,,EUR,False,,,,,"https://www.glassdoor.de/job-listing/manager-ai-data-engineering-mwd-deloitte-JV_IC2507190_KO0,31_KE32,40.htm?jl=1010000866753"
1010042471133,Senior UX Designer,Agile Defense,Stuttgart,,,,,EUR,True,,,,,"https://www.glassdoor.de/job-listing/senior-ux-designer-agile-defense-JV_IC2507190_KO0,18_KE19,32.htm?jl=1010042471133"
1009962649868,Manager Data Architecture & Analytics (m/w/d),Deloitte Consulting GmbH,Stuttgart,,,,,EUR,False,,,,,"https://www.glassdoor.de/job-listing/manager-data-architecture-analytics-mwd-deloitte-JV_IC2507190_KO0,39_KE40,48.htm?jl=1009962649868"
1009933317592,Senior Consultant AI & Data Architecture (m/w/d),Deloitte Consulting GmbH,Stuttgart,,,,,EUR,False,,,,,"https://www.glassdoor.de/job-listing/senior-consultant-ai-data-architecture-mwd-deloitte-JV_IC2507190_KO0,42_KE43,51.htm?jl=1009933317592"
1010125466093,Bid Management Analyst (all genders),Accenture,Stuttgart,,,,,EUR,False,,,,,"https://www.glassdoor.de/job-listing/bid-management-analyst-all-genders-accenture-JV_IC2507190_KO0,34_KE35,44.htm?jl=1010125466093"
1010126694006,Lead AI Engineer (w/m/d) IT-Consulting,MaibornWolff GmbH,Augsburg,,,,,EUR,True,,,,,"https://www.glassdoor.de/job-listing/lead-ai-engineer-wmd-it-consulting-maibornwolff-JV_IC2587487_KO0,34_KE35,47.htm?jl=1010126694006"
1009970760863,(Senior) Manager - AI Security (w/m/d),KPMG,Stuttgart,,,,,EUR,False,,,,,"https://www.glassdoor.de/job-listing/senior-manager-ai-security-wmd-kpmg-JV_IC2507190_KO0,30_KE31,35.htm?jl=1009970760863"
1009985212462,Werkstudent Data Governance (m/w/d),Deloitte Consulting GmbH,Stuttgart,,,,,EUR,False,,,,,"https://www.glassdoor.de/job-listing/werkstudent-data-governance-mwd-deloitte-JV_IC2507190_KO0,31_KE32,40.htm?jl=1009985212462"
1010000866765,Senior Consultant AI & Data Engineering (m/w/d),Deloitte Consulting GmbH,Stuttgart,,,,,EUR,False,,,,,"https://www.glassdoor.de/job-listing/senior-consultant-ai-data-engineering-mwd-deloitte-JV_IC2507190_KO0,41_KE42,50.htm?jl=1010000866765"
1010000865916,Manager Data Management Strategy (m/w/d),Deloitte Consulting GmbH,Stuttgart,,,,,EUR,False,,,,,"https://www.glassdoor.de/job-listing/manager-data-management-strategy-mwd-deloitte-JV_IC2507190_KO0,36_KE37,45.htm?jl=1010000865916"
1010000863520,Senior Consultant Cloud Data Engineering / Databricks (m/w/d),Deloitte Consulting GmbH,Stuttgart,,,,,EUR,False,,,,,"https://www.glassdoor.de/job-listing/senior-consultant-cloud-data-engineering-databricks-mwd-deloitte-JV_IC2507190_KO0,55_KE56,64.htm?jl=1010000863520"
1009742946014,IT Consultant Microsoft 365 (m/w/d),Skaylink,Stuttgart,,,,,EUR,True,,,,,"https://www.glassdoor.de/job-listing/it-consultant-microsoft-365-mwd-skaylink-JV_IC2507190_KO0,31_KE32,40.htm?jl=1009742946014"
1009975313011,Senior Consultant Cloud Data Engineering / Azure / GCP (m/w/d),Deloitte Consulting GmbH,Stuttgart,,,,,EUR,False,,,,,"https://www.glassdoor.de/job-listing/senior-consultant-cloud-data-engineering-azure-gcp-mwd-deloitte-JV_IC2507190_KO0,54_KE55,63.htm?jl=1009975313011"
1010000866173,Consultant IT-Assurance / Financial Services (m/w/d),Deloitte GmbH,Stuttgart,,,,,EUR,False,,,,,"https://www.glassdoor.de/job-listing/consultant-it-assurance-financial-services-mwd-deloitte-JV_IC2507190_KO0,46_KE47,55.htm?jl=1010000866173"
1010000865641,Senior Consultant / Manager - SAP Supply Chain and Finance Data Management (m/w/d),Deloitte Consulting GmbH,Stuttgart,,,,,EUR,False,,,,,"https://www.glassdoor.de/job-listing/senior-consultant-manager-sap-supply-chain-and-finance-data-management-mwd-deloitte-JV_IC2507190_KO0,74_KE75,83.htm?jl=1010000865641"
1010038153770,Microsoft Data & AI Security Consultant (m/w/d),Skaylink,Stuttgart,,,,,EUR,True,,,,,"https://www.glassdoor.de/job-listing/microsoft-data-ai-security-consultant-mwd-skaylink-JV_IC2507190_KO0,41_KE42,50.htm?jl=1010038153770"
1009821773997,Identity & Access Consultant (m/w/d) – mit Fokus auf Okta & Auth0,Skaylink,Stuttgart,,,,,EUR,True,,,,,"https://www.glassdoor.de/job-listing/identity-access-consultant-mwd-mit-fokus-auf-okta-auth0-skaylink-JV_IC2507190_KO0,55_KE56,64.htm?jl=1009821773997"
1010000865632,Consultant SAP Master Data Management (m/w/d),Deloitte Consulting GmbH,Stuttgart,,,,,EUR,False,,,,,"https://www.glassdoor.de/job-listing/consultant-sap-master-data-management-mwd-deloitte-JV_IC2507190_KO0,41_KE42,50.htm?jl=1010000865632"
1010000865695,Senior Consultant SAP Master Data Management (m/w/d),Deloitte Consulting GmbH,Stuttgart,,,,,EUR,False,,,,,"https://www.glassdoor.de/job-listing/senior-consultant-sap-master-data-management-mwd-deloitte-JV_IC2507190_KO0,48_KE49,57.htm?jl=1010000865695"
1010000866223,Senior Consultant IT-Assurance / Financial Services (m/w/d),Deloitte GmbH,Stuttgart,,,,,EUR,False,,,,,"https://www.glassdoor.de/job-listing/senior-consultant-it-assurance-financial-services-mwd-deloitte-JV_IC2507190_KO0,53_KE54,62.htm?jl=1010000866223"
1009951439825,Security Consultant – Customer Advisory & Integration (m/w/d),Skaylink,Stuttgart,,,,,EUR,True,,,,,"https://www.glassdoor.de/job-listing/security-consultant-customer-advisory-integration-mwd-skaylink-JV_IC2507190_KO0,53_KE54,62.htm?jl=1009951439825"
1010087047046,Team Lead - Audit and Accounting Solutions,Caseware,Stuttgart,,,,,EUR,True,,,,,"https://www.glassdoor.de/job-listing/team-lead-audit-and-accounting-solutions-caseware-JV_IC2507190_KO0,40_KE41,49.htm?jl=1010087047046"
1009884949464,Architekt Modern Work & Security (m/w/d),Skaylink,Stuttgart,,,,,EUR,True,,,,,"https://www.glassdoor.de/job-listing/architekt-modern-work-security-mwd-skaylink-JV_IC2507190_KO0,34_KE35,43.htm?jl=1009884949464"
1009546264204,Bilingual Public Relations Specialist- AI Trainer,DataAnnotation,Ulm,,,,,EUR,False,,,,,"https://www.glassdoor.de/job-listing/bilingual-public-relations-specialist-ai-trainer-dataannotation-JV_IC2690154_KO0,48_KE49,63.htm?jl=1009546264204"
1010104389246,Domain Architect Digital Solutions (m/f/x),Liebherr-IT Services GmbH,Kirchdorf,,,,,EUR,False,,,,,"https://www.glassdoor.de/job-listing/domain-architect-digital-solutions-mfx-liebherr-group-JV_IC2665743_KO0,38_KE39,53.htm?jl=1010104389246"
1010071374669,Enterprise Architect Purchasing & Procurement (m/f/x),Liebherr-IT Services GmbH,Kirchdorf,,,,,EUR,False,,,,,"https://www.glassdoor.de/job-listing/enterprise-architect-purchasing-procurement-mfx-liebherr-group-JV_IC2665743_KO0,47_KE48,62.htm?jl=1010071374669"
1010024486763,Projektmanager (m/w/d) Digitalisierung & AI,KUTTER GMBH & CO. KG,Memmingen,,,,,EUR,False,,,,,"https://www.glassdoor.de/job-listing/projektmanager-mwd-digitalisierung-ai-kutter-gmbh-co-kg-JV_IC2736291_KO0,37_KE38,55.htm?jl=1010024486763"
1009964977094,AI Implementation Engineer (m/w/d),Liebherr-IT Services GmbH,Kirchdorf,,,,,EUR,False,,,,,"https://www.glassdoor.de/job-listing/ai-implementation-engineer-mwd-liebherr-group-JV_IC2665743_KO0,30_KE31,45.htm?jl=1009964977094"
1010109099973,AI Engineer (m/w/d) AIRBUS,STRATO Personal GmbH,Ulm,,,,,EUR,True,,,,,"https://www.glassdoor.de/job-listing/ai-engineer-mwd-airbus-strato-personal-JV_IC2690154_KO0,22_KE23,38.htm?jl=1010109099973"
1010082155110,KI-Applikationsentwickler (m/w/d) im genetikum Neu-Ulm,genetikum Neu-Ulm,Neu-Ulm,,,,,EUR,True,,,,,"https://www.glassdoor.de/job-listing/ki-applikationsentwickler-mwd-im-genetikum-neu-ulm-genetikum-neu-ulm-JV_IC2525985_KO0,50_KE51,68.htm?jl=1010082155110"
1010106874817,AI Manager IT (m/w/d),Liebherr-IT Services GmbH,Kirchdorf,,,,,EUR,False,,,,,"https://www.glassdoor.de/job-listing/ai-manager-it-mwd-liebherr-group-JV_IC2665743_KO0,17_KE18,32.htm?jl=1010106874817"
1009773694160,Enterprise Architect Purchasing & Procurement (m/f/x),Liebherr-IT Services GmbH,Kirchdorf,,,,,EUR,False,,,,,"https://www.glassdoor.de/job-listing/enterprise-architect-purchasing-procurement-mfx-liebherr-group-JV_IC2665743_KO0,47_KE48,62.htm?jl=1009773694160"
1009976678472,Einkaufs-Experte mit Schwerpunkt Digitalisierung & Künstliche Intelligenz/ Projektmanagement (m/w/d),Liebherr-Purchasing Services GmbH,Biberach an der Riß,,,,,EUR,False,,,,,"https://www.glassdoor.de/job-listing/einkaufs-experte-mit-schwerpunkt-digitalisierung-künstliche-intelligenz-projektmanagement-mwd-liebherr-group-JV_IC2558504_KO0,93_KE94,108.htm?jl=1009976678472"
1010095920383,"Team Lead, Marketing Automation & In-Product Marketing (all genders)",TeamViewer Germany GmbH,Göppingen,,,,,EUR,True,,,,,"https://www.glassdoor.de/job-listing/team-lead-marketing-automation-in-product-marketing-all-genders-teamviewer-JV_IC2807503_KO0,63_KE64,74.htm?jl=1010095920383"
1010073137316,Principal Product Manager – TeamViewer ONE (all genders),TeamViewer Germany GmbH,Göppingen,,,,,EUR,True,,,,,"https://www.glassdoor.de/job-listing/principal-product-manager-teamviewer-one-all-genders-teamviewer-JV_IC2807503_KO0,52_KE53,63.htm?jl=1010073137316"
1010112618349,Global Head of Customer Support (all genders),TeamViewer Germany GmbH,Göppingen,,,,,EUR,True,,,,,"https://www.glassdoor.de/job-listing/global-head-of-customer-support-all-genders-teamviewer-JV_IC2807503_KO0,43_KE44,54.htm?jl=1010112618349"
1010101705272,.NET / Golang Senior Cloud Software Engineer (m/f/d),Liebherr-Digital Development Center GmbH,Ulm,,,,,EUR,False,,,,,"https://www.glassdoor.de/job-listing/net-golang-senior-cloud-software-engineer-mfd-liebherr-group-JV_IC2690154_KO0,45_KE46,60.htm?jl=1010101705272"
1010061537374,Director Product Management TeamViewer One (all genders),TeamViewer Germany GmbH,Göppingen,,,,,EUR,True,,,,,"https://www.glassdoor.de/job-listing/director-product-management-teamviewer-one-all-genders-teamviewer-JV_IC2807503_KO0,54_KE55,65.htm?jl=1010061537374"
1010102758416,Java / Golang Senior Cloud Software Engineer (m/f/d),Liebherr-Digital Development Center GmbH,Ulm,,,,,EUR,False,,,,,"https://www.glassdoor.de/job-listing/java-golang-senior-cloud-software-engineer-mfd-liebherr-group-JV_IC2690154_KO0,46_KE47,61.htm?jl=1010102758416"
1010122140543,Generative AI / Agentic AI Engineer (m/w/d) für AIRBUS Defence and Space,SimpleXX GmbH,Ulm,,,,,EUR,True,,,,,"https://www.glassdoor.de/job-listing/generative-ai-agentic-ai-engineer-mwd-für-airbus-defence-and-space-simplexx-JV_IC2690154_KO0,66_KE67,75.htm?jl=1010122140543"
1010011688942,Senior Site Reliability Engineer (all genders),TeamViewer Germany GmbH,Göppingen,,,,,EUR,True,,,,,"https://www.glassdoor.de/job-listing/senior-site-reliability-engineer-all-genders-teamviewer-JV_IC2807503_KO0,44_KE45,55.htm?jl=1010011688942"
1010019727879,Duales Studium (m/w/d),A.I. Fitness GmbH,Göppingen,,,,,EUR,True,,,,,"https://www.glassdoor.de/job-listing/duales-studium-mwd-ai-management-JV_IC2807503_KO0,18_KE19,32.htm?jl=1010019727879"
1010115666068,Data Platform Engineer (m/f/d),Liebherr-Digital Development Center GmbH,Ulm,,,,,EUR,False,,,,,"https://www.glassdoor.de/job-listing/data-platform-engineer-mfd-liebherr-group-JV_IC2690154_KO0,26_KE27,41.htm?jl=1010115666068"
1010099209487,Senior Employer Relations Manager (m/w/d) Teilzeit (20h/Woche),IU Internationale Hochschule,Ulm,,,,,EUR,False,,,,,"https://www.glassdoor.de/job-listing/senior-employer-relations-manager-mwd-teilzeit-20h-woche-iu-internationale-hochschule-JV_IC2690154_KO0,56_KE57,85.htm?jl=1010099209487"
1010123679993,Data Protection Specialist (m/w/d),Unique Engineering,Ulm,,,,,EUR,True,,,,,"https://www.glassdoor.de/job-listing/data-protection-specialist-mwd-rgf-staffing-JV_IC2690154_KO0,30_KE31,43.htm?jl=1010123679993"
1010064224218,Duales Studium (m/w/d),A.I. Fitness GmbH,Kirchheim,,,,,EUR,True,,,,,"https://www.glassdoor.de/job-listing/duales-studium-mwd-ai-management-JV_IC2771218_KO0,18_KE19,32.htm?jl=1010064224218"
1010119491547,KI-Engineer (m/w/d),Tempton Personaldienstleistungen GmbH,Laupheim,,,,,EUR,True,,,,,"https://www.glassdoor.de/job-listing/ki-engineer-mwd-tempton-personaldienstleistungen-JV_IC2597359_KO0,15_KE16,48.htm?jl=1010119491547"
1010011687625,(Senior) Software Engineer C++/ C# (all genders),TeamViewer Germany GmbH,Göppingen,,,,,EUR,True,,,,,"https://www.glassdoor.de/job-listing/senior-software-engineer-c-c-all-genders-teamviewer-JV_IC2807503_KO0,40_KE41,51.htm?jl=1010011687625"
1010017070976,QA Team Lead – TeamViewer ONE (all genders),TeamViewer Germany GmbH,Göppingen,,,,,EUR,True,,,,,"https://www.glassdoor.de/job-listing/qa-team-lead-teamviewer-one-all-genders-teamviewer-JV_IC2807503_KO0,39_KE40,50.htm?jl=1010017070976"
1010099209433,Senior Employer Relations Manager (m/w/d) Teilzeit (20h/Woche),IU Internationale Hochschule,Neu-Ulm,,,,,EUR,False,,,,,"https://www.glassdoor.de/job-listing/senior-employer-relations-manager-mwd-teilzeit-20h-woche-iu-internationale-hochschule-JV_IC2525985_KO0,56_KE57,85.htm?jl=1010099209433"
1010019727882,Ausbildung Sport- und Fitnesskaufmann (m/w/d),A.I. Fitness GmbH,Göppingen,,,,,EUR,True,,,,,"https://www.glassdoor.de/job-listing/ausbildung-sport-und-fitnesskaufmann-mwd-ai-management-JV_IC2807503_KO0,40_KE41,54.htm?jl=1010019727882"
1010123456041,Full Stack Developer (m/w/d),ITC Graf GmbH,Heidenheim,,,,,EUR,True,,,,,"https://www.glassdoor.de/job-listing/full-stack-developer-mwd-itc-graf-JV_IC2567291_KO0,24_KE25,33.htm?jl=1010123456041"
1010064224207,Ausbildung Sport- und Fitnesskaufmann (m/w/d),A.I. Fitness GmbH,Kirchheim,,,,,EUR,True,,,,,"https://www.glassdoor.de/job-listing/ausbildung-sport-und-fitnesskaufmann-mwd-ai-management-JV_IC2771218_KO0,40_KE41,54.htm?jl=1010064224207"
1010111412403,Generative AI / Agentic AI Engineer (m/w/d),engineering people GmbH,Ulm,,,,,EUR,True,,,,,"https://www.glassdoor.de/job-listing/generative-ai-agentic-ai-engineer-mwd-engineering-people-JV_IC2690154_KO0,37_KE38,56.htm?jl=1010111412403"
1010052041626,Softwareentwickler Sensor-Tracking & Datenfusion (m/w/d),engineering people GmbH,Ulm,,,,,EUR,True,,,,,"https://www.glassdoor.de/job-listing/softwareentwickler-sensor-tracking-datenfusion-mwd-engineering-people-JV_IC2690154_KO0,50_KE51,69.htm?jl=1010052041626"
1010102335521,Data Protection Specialist (m/w/d),engineering people GmbH,Ulm,,,,,EUR,True,,,,,"https://www.glassdoor.de/job-listing/data-protection-specialist-mwd-engineering-people-JV_IC2690154_KO0,30_KE31,49.htm?jl=1010102335521"
1010119469499,System Engineer KI / Power Platform (m/w/d),engineering people GmbH,Laupheim,,,,,EUR,True,,,,,"https://www.glassdoor.de/job-listing/system-engineer-ki-power-platform-mwd-engineering-people-JV_IC2597359_KO0,37_KE38,56.htm?jl=1010119469499"
1010015160285,Project Manager / Product Owner Generative AI (m/f/d),Husqvarna,Ulm,,,,,EUR,False,,,,,"https://www.glassdoor.de/job-listing/project-manager-product-owner-generative-ai-mfd-husqvarna-group-JV_IC2690154_KO0,47_KE48,63.htm?jl=1010015160285"
1010125408726,AI Transformation Manager (m/w/d),Seifert Logistics GmbH,Ulm,,,,,EUR,False,,,,,"https://www.glassdoor.de/job-listing/ai-transformation-manager-mwd-seifert-logistics-group-JV_IC2690154_KO0,29_KE30,53.htm?jl=1010125408726"
1010126155028,Student worker Speech AI QA Ulm,Cerence,Ulm,,,,,EUR,False,,,,,"https://www.glassdoor.de/job-listing/student-worker-speech-ai-qa-ulm-cerence-JV_IC2690154_KO0,31_KE32,39.htm?jl=1010126155028"
1010127641804,"Director, Digital, Data and AI Capability (m/w/d)",Teva Pharmaceuticals,Ulm,,,,,EUR,False,,,,,"https://www.glassdoor.de/job-listing/director-digital-data-and-ai-capability-mwd-teva-pharmaceuticals-JV_IC2690154_KO0,43_KE44,64.htm?jl=1010127641804"
1010110510696,Generative AI/Agentic AI Engineer (d/f/m) [26084],CS Group,Ulm,,,,,EUR,True,,,,,"https://www.glassdoor.de/job-listing/generative-ai-agentic-ai-engineer-dfm-26084-sopra-steria-JV_IC2690154_KO0,43_KE44,56.htm?jl=1010110510696"
1010114658910,Doktorand AI FTE & AI‑gestützte Produktivitätsmessung Software Engineering (d/m/w/x),Mercedes-Benz Tech Innovation GmbH,Ulm,,,,,EUR,False,,,,,"https://www.glassdoor.de/job-listing/doktorand-ai-fte-ai-gestützte-produktivitätsmessung-software-engineering-dmwx-mercedes-benz-tech-innovation-JV_IC2690154_KO0,77_KE78,107.htm?jl=1010114658910"
1010108643993,Mitarbeiter Digitalisierung & Künstliche Intelligenz (m/w/d),ROMA,Burgau,,,,,EUR,False,,,,,"https://www.glassdoor.de/job-listing/mitarbeiter-digitalisierung-künstliche-intelligenz-mwd-roma-kg-JV_IC2590855_KO0,54_KE55,62.htm?jl=1010108643993"
1010083895458,IT Automation & AI Solutions Engineer (m/w/d),IT Consulting Kühnl,Ulm,,,,,EUR,False,,,,,"https://www.glassdoor.de/job-listing/it-automation-ai-solutions-engineer-mwd-it-consulting-kühnl-JV_IC2690154_KO0,39_KE40,59.htm?jl=1010083895458"
1010125408966,AI & Automation Engineer (m/w/d),Seifert Logistics GmbH,Ulm,,,,,EUR,False,,,,,"https://www.glassdoor.de/job-listing/ai-automation-engineer-mwd-seifert-logistics-group-JV_IC2690154_KO0,26_KE27,50.htm?jl=1010125408966"
1010107984665,Head of Data & AI (m/w/d),Müller Holding GmbH & Co. KG,Deutschland,,,,,EUR,False,,,,,"https://www.glassdoor.de/job-listing/head-of-data-ai-mwd-müller-JV_KO0,19_KE20,26.htm?jl=1010107984665"
1010042247371,Data & AI Analyst (m/w/x) - Real Estate Digital Transformation,ZEISS Group,Oberkochen,,,,,EUR,False,,,,,"https://www.glassdoor.de/job-listing/data-ai-analyst-mwx-real-estate-digital-transformation-zeiss-group-JV_IC2768510_KO0,54_KE55,66.htm?jl=1010042247371"
1010114655990,Doktorand AI FTE & AI‑gestützte Produktivitätsmessung Software Engineering (d/m/w/x),Mercedes-Benz Group AG,Ulm,,,,,EUR,False,,,,,"https://www.glassdoor.de/job-listing/doktorand-ai-fte-ai-gestützte-produktivitätsmessung-software-engineering-dmwx-mercedes-benz-group-JV_IC2690154_KO0,77_KE78,97.htm?jl=1010114655990"
1010064499522,AI Project Coordinator After Sales (m/w/d),Husqvarna,Ulm,,,,,EUR,False,,,,,"https://www.glassdoor.de/job-listing/ai-project-coordinator-after-sales-mwd-husqvarna-group-JV_IC2690154_KO0,38_KE39,54.htm?jl=1010064499522"
1009537931072,Werkstudent als AI-Softwaredeveloper m/w/d,PORTER GmbH,Leipheim,,,,,EUR,False,,,,,"https://www.glassdoor.de/job-listing/werkstudent-als-ai-softwaredeveloper-mwd-porter-gmbh-JV_IC2736444_KO0,40_KE41,52.htm?jl=1009537931072"
1010083960903,KI-Spezialist (m/w/d) - Quereinsteiger willkommen!,Syntex GmbH,Neu-Ulm,,,,,EUR,True,,,,,"https://www.glassdoor.de/job-listing/ki-spezialist-mwd-quereinsteiger-willkommen-syntex-JV_IC2525985_KO0,43_KE44,50.htm?jl=1010083960903"
1010086759799,Technical Product Owner – AI Agents & Enterprise AI Platforms (f/m/x),ZEISS Group,Aalen,,,,,EUR,False,,,,,"https://www.glassdoor.de/job-listing/technical-product-owner-ai-agents-enterprise-ai-platforms-fmx-zeiss-group-JV_IC2767041_KO0,61_KE62,73.htm?jl=1010086759799"
1010092842215,Systemingenieur (m|w|d) für KI & Power Plattform – Low-Code-Lösungen,HUCON AG,Ulm,,,,,EUR,False,,,,,"https://www.glassdoor.de/job-listing/systemingenieur-m-w-d-für-ki-power-plattform-low-code-lösungen-hucon-JV_IC2690154_KO0,62_KE63,68.htm?jl=1010092842215"
1009950413225,Sr. Principal TTS Researcher,Cerence,Ulm,,,,,EUR,False,,,,,"https://www.glassdoor.de/job-listing/sr-principal-tts-researcher-cerence-JV_IC2690154_KO0,27_KE28,35.htm?jl=1009950413225"
1010020250804,Specialist AI Enterprise Workplace (m/w/d),CANCOM SE,Jettingen-Scheppach,,,,,EUR,False,,,,,"https://www.glassdoor.de/job-listing/specialist-ai-enterprise-workplace-mwd-cancom-JV_IC2517974_KO0,38_KE39,45.htm?jl=1010020250804"
1010123378499,Werkstudent Generative AI – Projektmanagement & Organisation (m/w/d),SGP Schneider Geiwitz,Ulm,,,,,EUR,True,,,,,"https://www.glassdoor.de/job-listing/werkstudent-generative-ai-projektmanagement-organisation-mwd-sgp-schneider-geiwitz-JV_IC2690154_KO0,60_KE61,82.htm?jl=1010123378499"
1010002890125,Technical Writer (m/w/d),CompuGroup Medical,Deutschland,,,,,EUR,False,,,,,"https://www.glassdoor.de/job-listing/technical-writer-mwd-compugroup-medical-JV_KO0,20_KE21,39.htm?jl=1010002890125"
1010109244402,Teamlead Global HR Analytics & AI​ (f/m/x),ZEISS Group,Oberkochen,,,,,EUR,False,,,,,"https://www.glassdoor.de/job-listing/teamlead-global-hr-analytics-ai-fmx-zeiss-group-JV_IC2768510_KO0,35_KE36,47.htm?jl=1010109244402"
1010037750536,Senior AI & Analytics Expert and Strategy Lead (m/w/d),Diehl Group,Laupheim,,,,,EUR,False,,,,,"https://www.glassdoor.de/job-listing/senior-ai-analytics-expert-and-strategy-lead-mwd-diehl-JV_IC2597359_KO0,48_KE49,54.htm?jl=1010037750536"
1010043538047,IT Integration Engineer (m/w/d) Nevaris & AI,KUTTER GMBH & CO. KG,Memmingen,,,,,EUR,False,,,,,"https://www.glassdoor.de/job-listing/it-integration-engineer-mwd-nevaris-ai-kutter-gmbh-co-kg-JV_IC2736291_KO0,38_KE39,56.htm?jl=1010043538047"
1010099108551,Referent (m/w/d) Künstliche Intelligenz,Kreissparkasse Heidenheim,Heidenheim,,,,,EUR,False,,,,,"https://www.glassdoor.de/job-listing/referent-mwd-künstliche-intelligenz-kreissparkasse-heidenheim-JV_IC2567291_KO0,35_KE36,61.htm?jl=1010099108551"
1010067917556,Power Apps & Power Automate Product Specialist,Teva Pharmaceuticals,Ulm,,,,,EUR,False,,,,,"https://www.glassdoor.de/job-listing/power-apps-power-automate-product-specialist-teva-pharmaceuticals-JV_IC2690154_KO0,44_KE45,65.htm?jl=1010067917556"
1010008815048,Senior Speech & Language R&D Engineer,Cerence,Ulm,,,,,EUR,False,,,,,"https://www.glassdoor.de/job-listing/senior-speech-language-rd-engineer-cerence-JV_IC2690154_KO0,34_KE35,42.htm?jl=1010008815048"
1009846886484,KI Prompt Engineer/AI Consultant (m/w/d) – 100% remote,mycareernow GmbH,Göppingen,,,,,EUR,True,,,,,"https://www.glassdoor.de/job-listing/ki-prompt-engineer-ai-consultant-mwd-100-remote-mycareernow-gmbh-JV_IC2807503_KO0,47_KE48,64.htm?jl=1009846886484"
1010067917497,Enterprise Product Specialist Copilot Studio,Teva Pharmaceuticals,Ulm,,,,,EUR,False,,,,,"https://www.glassdoor.de/job-listing/enterprise-product-specialist-copilot-studio-teva-pharmaceuticals-JV_IC2690154_KO0,44_KE45,65.htm?jl=1010067917497"
1010108350845,Werkstudent AI & Automatisierung (m/w/x),ZEISS Group,Oberkochen,,,,,EUR,False,,,,,"https://www.glassdoor.de/job-listing/werkstudent-ai-automatisierung-mwx-zeiss-group-JV_IC2768510_KO0,34_KE35,46.htm?jl=1010108350845"
1010067927270,M365 Compliance / Purview Specialist (m/w/d),Teva Pharmaceuticals,Ulm,,,,,EUR,False,,,,,"https://www.glassdoor.de/job-listing/m365-compliance-purview-specialist-mwd-teva-pharmaceuticals-JV_IC2690154_KO0,38_KE39,59.htm?jl=1010067927270"
1010109244399,"Head of Global HR Data, Analytics & AI (f/m/x)",ZEISS Group,Oberkochen,,,,,EUR,False,,,,,"https://www.glassdoor.de/job-listing/head-of-global-hr-data-analytics-ai-fmx-zeiss-group-JV_IC2768510_KO0,39_KE40,51.htm?jl=1010109244399"
1010067933865,M365 Solution Architect (m/w/d),Teva Pharmaceuticals,Ulm,,,,,EUR,False,,,,,"https://www.glassdoor.de/job-listing/m365-solution-architect-mwd-teva-pharmaceuticals-JV_IC2690154_KO0,27_KE28,48.htm?jl=1010067933865"
1009996330635,Senior Software Engineer - Hybrid Position (Aachen or Ulm),Cerence,Ulm,,,,,EUR,False,,,,,"https://www.glassdoor.de/job-listing/senior-software-engineer-hybrid-position-aachen-or-ulm-cerence-JV_IC2690154_KO0,54_KE55,62.htm?jl=1009996330635"
1010067927350,Microsoft 365 Operations and Governance Lead (m/w/d),Teva Pharmaceuticals,Ulm,,,,,EUR,False,,,,,"https://www.glassdoor.de/job-listing/microsoft-365-operations-and-governance-lead-mwd-teva-pharmaceuticals-JV_IC2690154_KO0,48_KE49,69.htm?jl=1010067927350"
1010072517035,Internship Computational Assistance for Medical Applications (f/m/x),ZEISS Group,Oberkochen,,,,,EUR,False,,,,,"https://www.glassdoor.de/job-listing/internship-computational-assistance-for-medical-applications-fmx-zeiss-group-JV_IC2768510_KO0,64_KE65,76.htm?jl=1010072517035"
1009991580494,Internship – Business Process Excellence - Global Training (m/f/x),ZEISS Group,Oberkochen,,,,,EUR,False,,,,,"https://www.glassdoor.de/job-listing/internship-business-process-excellence-global-training-mfx-zeiss-group-JV_IC2768510_KO0,58_KE59,70.htm?jl=1009991580494"
1010124503080,Internship (m/f/d) - Global Media Relations & Internal Communications,Voith Group,Heidenheim,,,,,EUR,False,,,,,"https://www.glassdoor.de/job-listing/internship-mfd-global-media-relations-internal-communications-voith-JV_IC2567291_KO0,61_KE62,67.htm?jl=1010124503080"
1010123266008,Business Partner Manager im Master Data Management (w/m/d),HENSOLDT Sensors GmbH,Ulm,,,,,EUR,False,,,,,"https://www.glassdoor.de/job-listing/business-partner-manager-im-master-data-management-wmd-hensoldt-JV_IC2690154_KO0,54_KE55,63.htm?jl=1010123266008"
1010092540196,"Director, Personal Productivity and Democratization Enablement (m/w/d)",Teva Pharmaceuticals,Ulm,,,,,EUR,False,,,,,"https://www.glassdoor.de/job-listing/director-personal-productivity-and-democratization-enablement-mwd-teva-pharmaceuticals-JV_IC2690154_KO0,65_KE66,86.htm?jl=1010092540196"
1010103345445,HEAD OF IT SERVICES & PROJECTS (M/W/D),Wilken Software Group,Ulm,,,,,EUR,False,,,,,"https://www.glassdoor.de/job-listing/head-of-it-services-projects-mwd-wilken-gmbh-JV_IC2690154_KO0,32_KE33,44.htm?jl=1010103345445"
1010006239020,Consultant Project Management & Digital Transformation (all genders),Wavestone Germany AG,Ulm,,,,,EUR,True,,,,,"https://www.glassdoor.de/job-listing/consultant-project-management-digital-transformation-all-genders-wavestone-JV_IC2690154_KO0,64_KE65,74.htm?jl=1010006239020"
1009996330407,"Senior Software Engineer - Android (Hybrid Position, Aachen or Ulm)",Cerence,Ulm,,,,,EUR,False,,,,,"https://www.glassdoor.de/job-listing/senior-software-engineer-android-hybrid-position-aachen-or-ulm-cerence-JV_IC2690154_KO0,62_KE63,70.htm?jl=1009996330407"
1010094111960,WerkstudentIn Softwareentwicklung & Prototyping m/w/d,PORTER GmbH,Leipheim,,,,,EUR,False,,,,,"https://www.glassdoor.de/job-listing/werkstudentin-softwareentwicklung-prototyping-mwd-porter-gmbh-JV_IC2736444_KO0,49_KE50,61.htm?jl=1010094111960"
1010092842447,Ingenieur (m|w|d) für Business Intelligence & Analytics,HUCON AG,Ulm,,,,,EUR,False,,,,,"https://www.glassdoor.de/job-listing/ingenieur-m-w-d-für-business-intelligence-analytics-hucon-JV_IC2690154_KO0,51_KE52,57.htm?jl=1010092842447"
1009766276213,Entwicklungsingenieur Regelungstechnik (m/w/d),Hydraulik Nord Group,Vöhringen,,,,,EUR,False,,,,,"https://www.glassdoor.de/job-listing/entwicklungsingenieur-regelungstechnik-mwd-hydraulik-nord-group-JV_IC2483104_KO0,42_KE43,63.htm?jl=1009766276213"
1010117878499,"Principal Software Engineer - Android (Hybrid Position, Aachen or Ulm)",Cerence,Ulm,,,,,EUR,False,,,,,"https://www.glassdoor.de/job-listing/principal-software-engineer-android-hybrid-position-aachen-or-ulm-cerence-JV_IC2690154_KO0,65_KE66,73.htm?jl=1010117878499"
1010106178887,Head of Engineering (m/w/d),Müller Holding GmbH & Co. KG,Deutschland,,,,,EUR,False,,,,,"https://www.glassdoor.de/job-listing/head-of-engineering-mwd-müller-JV_KO0,23_KE24,30.htm?jl=1010106178887"
1010104924671,"Intern/Work Student, Software Engineering (all genders)",TeamViewer Germany GmbH,Göppingen,,,,,EUR,True,,,,,"https://www.glassdoor.de/job-listing/intern-work-student-software-engineering-all-genders-teamviewer-JV_IC2807503_KO0,52_KE53,63.htm?jl=1010104924671"
1010083960891,Quereinstieg KI / Data Science (m/w/d) – ohne Vorkenntnisse!,Syntex GmbH,Aalen,,,,,EUR,True,,,,,"https://www.glassdoor.de/job-listing/quereinstieg-ki-data-science-mwd-ohne-vorkenntnisse-syntex-JV_IC2767041_KO0,51_KE52,58.htm?jl=1010083960891"
1009956593832,Mitarbeiter im L2 Support (m/w/d) Klinische Applikationen,CompuGroup Medical,Deutschland,,,,,EUR,False,,,,,"https://www.glassdoor.de/job-listing/mitarbeiter-im-l2-support-mwd-klinische-applikationen-compugroup-medical-JV_KO0,53_KE54,72.htm?jl=1009956593832"
1009959678092,Junior Project Manager (m|w|d) Procurement Analytics (Steinbeis-Masterstudium),Voith Group,Heidenheim,,,,,EUR,False,,,,,"https://www.glassdoor.de/job-listing/junior-project-manager-m-w-d-procurement-analytics-steinbeis-masterstudium-voith-JV_IC2567291_KO0,74_KE75,80.htm?jl=1009959678092"
1010106837268,Sourcing Excellence & Transformation Manager,BI GmbH,Biberach an der Riß,,,,,EUR,False,,,,,"https://www.glassdoor.de/job-listing/sourcing-excellence-transformation-manager-boehringer-ingelheim-JV_IC2558504_KO0,42_KE43,63.htm?jl=1010106837268"
1010051949542,Product Engineer,Western Digital,Ulm,,,,,EUR,True,,,,,"https://www.glassdoor.de/job-listing/product-engineer-western-digital-JV_IC2690154_KO0,16_KE17,32.htm?jl=1010051949542"
1010012095031,Senior AI Solution Consultant (m/w/d),Diehl Group,Laupheim,,,,,EUR,False,,,,,"https://www.glassdoor.de/job-listing/senior-ai-solution-consultant-mwd-diehl-JV_IC2597359_KO0,33_KE34,39.htm?jl=1010012095031"
1009793840362,Duales Studium B. Sc. (d/m/w) Informatik FR Künstliche Intelligenz zum 01.09.2026 - ASLC Ulm,Airbus Secure Land Communications GmbH,Ulm,,,,,EUR,False,,,,,"https://www.glassdoor.de/job-listing/duales-studium-b-sc-dmw-informatik-fr-künstliche-intelligenz-zum-01-09-2026-aslc-ulm-airbus-JV_IC2690154_KO0,84_KE85,91.htm?jl=1009793840362"
1009950235377,Praxissemester AI-Automation & Digital Marketing (m/w/d) – Schwerpunkt KMU,ReinhartSteuerberatung,Aalen,,,,,EUR,True,,,,,"https://www.glassdoor.de/job-listing/praxissemester-ai-automation-digital-marketing-mwd-schwerpunkt-kmu-reinhartsteuerberatung-JV_IC2767041_KO0,66_KE67,89.htm?jl=1009950235377"
1010094112222,Werkstudent Data Operations & Data Science m/w/d,PORTER GmbH,Leipheim,,,,,EUR,False,,,,,"https://www.glassdoor.de/job-listing/werkstudent-data-operations-data-science-mwd-porter-gmbh-JV_IC2736444_KO0,44_KE45,56.htm?jl=1010094112222"
1010116877551,iOS Developer,TechBiz Global GmbH,Neu-Ulm,,,,,EUR,True,,,,,"https://www.glassdoor.de/job-listing/ios-developer-techbiz-global-JV_IC2525985_KO0,13_KE14,28.htm?jl=1010116877551"
1010102889578,Duales Studium zum Bachelor of Science (m/w/d) Studiengang Data Science und Künstliche Intelligenz - Studienbeginn 2027,Rentschler Biopharma SE,Laupheim,,,,,EUR,False,,,,,"https://www.glassdoor.de/job-listing/duales-studium-zum-bachelor-of-science-mwd-studiengang-data-science-und-künstliche-intelligenz-studienbeginn-2027-rentschler-biopharma-JV_IC2597359_KO0,113_KE114,134.htm?jl=1010102889578"
1010082352295,Data Protection Specialist (m/w/d) fixed term 2 years,Husqvarna,Ulm,,,,,EUR,False,,,,,"https://www.glassdoor.de/job-listing/data-protection-specialist-mwd-fixed-term-2-years-husqvarna-group-JV_IC2690154_KO0,49_KE50,65.htm?jl=1010082352295"
1010022376089,"Intern, Sustainability Management (all genders)",TeamViewer Germany GmbH,Göppingen,,,,,EUR,True,,,,,"https://www.glassdoor.de/job-listing/intern-sustainability-management-all-genders-teamviewer-JV_IC2807503_KO0,44_KE45,55.htm?jl=1010022376089"
1010117378185,Senior Project Manager Retail Operations (f/m/x) @ Carl Zeiss Extended Reality (XRX),ZEISS Group,Aalen,,,,,EUR,False,,,,,"https://www.glassdoor.de/job-listing/senior-project-manager-retail-operations-fmx-carl-zeiss-extended-reality-xrx-zeiss-group-JV_IC2767041_KO0,76_KE77,88.htm?jl=1010117378185"
1009693982072,L2 Support Mitarbeiter im Sozialwesen (m/w/d),CompuGroup Medical,Deutschland,,,,,EUR,False,,,,,"https://www.glassdoor.de/job-listing/l2-support-mitarbeiter-im-sozialwesen-mwd-compugroup-medical-JV_KO0,41_KE42,60.htm?jl=1009693982072"
1009793840138,Duales Studium B. Sc. (d/m/w) Informatik FR Künstliche Intelligenz zum 01.09.2026 - DS Ulm,Airbus Defence and Space GmbH,Ulm,,,,,EUR,False,,,,,"https://www.glassdoor.de/job-listing/duales-studium-b-sc-dmw-informatik-fr-künstliche-intelligenz-zum-01-09-2026-ds-ulm-airbus-JV_IC2690154_KO0,82_KE83,89.htm?jl=1009793840138"
1009947961480,Mitarbeiter im Kundensupport (m/w/d),CompuGroup Medical,Deutschland,,,,,EUR,False,,,,,"https://www.glassdoor.de/job-listing/mitarbeiter-im-kundensupport-mwd-compugroup-medical-JV_KO0,32_KE33,51.htm?jl=1009947961480"
1010109801310,"Work Student, Platform Operations (all genders)",TeamViewer Germany GmbH,Göppingen,,,,,EUR,True,,,,,"https://www.glassdoor.de/job-listing/work-student-platform-operations-all-genders-teamviewer-JV_IC2807503_KO0,44_KE45,55.htm?jl=1010109801310"
1009905992290,L2 Support Mitarbeiter (m/w/d) im Gesundheitswesen,CompuGroup Medical,Deutschland,,,,,EUR,False,,,,,"https://www.glassdoor.de/job-listing/l2-support-mitarbeiter-mwd-im-gesundheitswesen-compugroup-medical-JV_KO0,46_KE47,65.htm?jl=1009905992290"
1010104923154,Community Manager (all genders),TeamViewer Germany GmbH,Göppingen,,,,,EUR,True,,,,,"https://www.glassdoor.de/job-listing/community-manager-all-genders-teamviewer-JV_IC2807503_KO0,29_KE30,40.htm?jl=1010104923154"
1010016255695,IT-Spezialist Netzwerk & Security (m/w/d),CompuGroup Medical,Deutschland,,,,,EUR,False,,,,,"https://www.glassdoor.de/job-listing/it-spezialist-netzwerk-security-mwd-compugroup-medical-JV_KO0,35_KE36,54.htm?jl=1010016255695"
1010046677079,"Process Engineer, Plasma",Western Digital,Ulm,,,,,EUR,True,,,,,"https://www.glassdoor.de/job-listing/process-engineer-plasma-western-digital-JV_IC2690154_KO0,23_KE24,39.htm?jl=1010046677079"
1010118075584,Global HR Process Owner - Core Processes (f/m/x),ZEISS Group,Oberkochen,,,,,EUR,False,,,,,"https://www.glassdoor.de/job-listing/global-hr-process-owner-core-processes-fmx-zeiss-group-JV_IC2768510_KO0,42_KE43,54.htm?jl=1010118075584"
1010114794256,Praktikant:in Softwareentwicklung & Innovation (m/w/d),Innolizer GmbH,Ulm,,,,,EUR,True,,,,,"https://www.glassdoor.de/job-listing/praktikant-in-softwareentwicklung-innovation-mwd-innolizer-gmbh-JV_IC2690154_KO0,48_KE49,63.htm?jl=1010114794256"
1009931631135,Senior TTS Research Engineer,Cerence,Ulm,,,,,EUR,False,,,,,"https://www.glassdoor.de/job-listing/senior-tts-research-engineer-cerence-JV_IC2690154_KO0,28_KE29,36.htm?jl=1009931631135"
1010127836261,Werkstudent (m/w/d) Quality & HSE – Dokumentenmanagement & Toolpflege,Western Digital,Ulm,,,,,EUR,True,,,,,"https://www.glassdoor.de/job-listing/werkstudent-mwd-quality-hse-dokumentenmanagement-toolpflege-western-digital-JV_IC2690154_KO0,59_KE60,75.htm?jl=1010127836261"
1010115085987,"Work Student, Training & Development (all genders)",TeamViewer Germany GmbH,Göppingen,,,,,EUR,True,,,,,"https://www.glassdoor.de/job-listing/work-student-training-development-all-genders-teamviewer-JV_IC2807503_KO0,45_KE46,56.htm?jl=1010115085987"
1010072600510,Executive Assistant to Managing Director,Western Digital,Ulm,,,,,EUR,True,,,,,"https://www.glassdoor.de/job-listing/executive-assistant-to-managing-director-western-digital-JV_IC2690154_KO0,40_KE41,56.htm?jl=1010072600510"
1009833697472,Systemingenieur (w/m/d),HENSOLDT Sensors GmbH,Ulm,,,,,EUR,False,,,,,"https://www.glassdoor.de/job-listing/systemingenieur-wmd-hensoldt-JV_IC2690154_KO0,19_KE20,28.htm?jl=1009833697472"
1009650076935,Founding CTO/CPTO,TechBiz Global GmbH,Neu-Ulm,,,,,EUR,True,,,,,"https://www.glassdoor.de/job-listing/founding-cto-cpto-techbiz-global-JV_IC2525985_KO0,17_KE18,32.htm?jl=1009650076935"
1010107593507,Werkstudent (m/w/d) im Bereich R&D Engineering,Western Digital,Ulm,,,,,EUR,True,,,,,"https://www.glassdoor.de/job-listing/werkstudent-mwd-im-bereich-rd-engineering-western-digital-JV_IC2690154_KO0,41_KE42,57.htm?jl=1010107593507"
1010039264824,Support Mitarbeiter (m/w/d) Therapieplanung im Gesundheitswesen,CompuGroup Medical,Deutschland,,,,,EUR,False,,,,,"https://www.glassdoor.de/job-listing/support-mitarbeiter-mwd-therapieplanung-im-gesundheitswesen-compugroup-medical-JV_KO0,59_KE60,78.htm?jl=1010039264824"
1010118076518,Global HR Process Owner - HR Payroll and Absence (f/m/x),ZEISS Group,Oberkochen,,,,,EUR,False,,,,,"https://www.glassdoor.de/job-listing/global-hr-process-owner-hr-payroll-and-absence-fmx-zeiss-group-JV_IC2768510_KO0,50_KE51,62.htm?jl=1010118076518"
1010096862684,Werkstudent Diagnose und Monitoring (m/w/x),ZEISS Group,Oberkochen,,,,,EUR,False,,,,,"https://www.glassdoor.de/job-listing/werkstudent-diagnose-und-monitoring-mwx-zeiss-group-JV_IC2768510_KO0,39_KE40,51.htm?jl=1010096862684"
1010127853273,Quereinsteiger (m/w/d) AI for Developers,MSIT GmbH,Ulm,,,,,EUR,True,,,,,"https://www.glassdoor.de/job-listing/quereinsteiger-mwd-ai-for-developers-msit-JV_IC2690154_KO0,36_KE37,41.htm?jl=1010127853273"
1010072603354,Quality Specialist Engineer,Western Digital,Ulm,,,,,EUR,True,,,,,"https://www.glassdoor.de/job-listing/quality-specialist-engineer-western-digital-JV_IC2690154_KO0,27_KE28,43.htm?jl=1010072603354"
1009920938488,(Senior) Consultant Agile Transformation (all genders),Wavestone Germany AG,Ulm,,,,,EUR,True,,,,,"https://www.glassdoor.de/job-listing/senior-consultant-agile-transformation-all-genders-wavestone-JV_IC2690154_KO0,50_KE51,60.htm?jl=1009920938488"
1010127815192,Bauzeichner(m/w/d),i Live Group GmbH,Aalen,,,,,EUR,False,,,,,"https://www.glassdoor.de/job-listing/bauzeichner-mwd-i-live-holding-JV_IC2767041_KO0,15_KE16,30.htm?jl=1010127815192"
1009263306122,Softwarearchitekt (m/w/d),CompuGroup Medical,Deutschland,,,,,EUR,False,,,,,"https://www.glassdoor.de/job-listing/softwarearchitekt-mwd-compugroup-medical-JV_KO0,21_KE22,40.htm?jl=1009263306122"
1010099944785,Werkstudent (m/w/d) im Bereich Wafermessplätze,Western Digital,Ulm,,,,,EUR,True,,,,,"https://www.glassdoor.de/job-listing/werkstudent-mwd-im-bereich-wafermessplätze-western-digital-JV_IC2690154_KO0,42_KE43,58.htm?jl=1010099944785"
1010051948701,Senior Development Engineer – Photonic Devices / VCSEL Epitaxy (m/f/d),Western Digital,Ulm,,,,,EUR,True,,,,,"https://www.glassdoor.de/job-listing/senior-development-engineer-photonic-devices-vcsel-epitaxy-mfd-western-digital-JV_IC2690154_KO0,62_KE63,78.htm?jl=1010051948701"
1009920955330,(Senior) Manager - Consulting & Digital Transformation (all genders),Wavestone Germany AG,Ulm,,,,,EUR,True,,,,,"https://www.glassdoor.de/job-listing/senior-manager-consulting-digital-transformation-all-genders-wavestone-JV_IC2690154_KO0,60_KE61,70.htm?jl=1009920955330"
1010043146656,Ausbildung zum Mikrotechnologe (m/w/d) - 2026,Western Digital,Ulm,,,,,EUR,True,,,,,"https://www.glassdoor.de/job-listing/ausbildung-zum-mikrotechnologe-mwd-2026-western-digital-JV_IC2690154_KO0,39_KE40,55.htm?jl=1010043146656"
1010083866771,Working student (m/f/d),BSH Home Appliances Group,Dillingen an der Donau,,,,,EUR,False,,,,,"https://www.glassdoor.de/job-listing/working-student-mfd-bsh-hausgeräte-JV_IC4991383_KO0,19_KE20,34.htm?jl=1010083866771"
1010099944027,Werkstudent (m/w/d) im Bereich Waferqualifikation,Western Digital,Ulm,,,,,EUR,True,,,,,"https://www.glassdoor.de/job-listing/werkstudent-mwd-im-bereich-waferqualifikation-western-digital-JV_IC2690154_KO0,45_KE46,61.htm?jl=1010099944027"
1010032085529,Content SEO Strategist (m/w/d) - Fokus auf Suchmaschinenoptimierung & AI-gestützte Content-Strategien,Masters of Digital GmbH,Schwäbisch Gmünd,,,,,EUR,True,,,,,"https://www.glassdoor.de/job-listing/content-seo-strategist-mwd-fokus-auf-suchmaschinenoptimierung-ai-gestützte-content-strategien-masters-of-digital-gmbh-JV_IC2505321_KO0,93_KE94,117.htm?jl=1010032085529"
1010088028112,Senior/Leading Frontend Software Engineer,TechBiz Global GmbH,Ulm,,,,,EUR,True,,,,,"https://www.glassdoor.de/job-listing/senior-leading-frontend-software-engineer-techbiz-global-JV_IC2690154_KO0,41_KE42,56.htm?jl=1010088028112"
1010111065036,Mitarbeiter Entwicklung // Quereinsteiger (m/w),PDR-Team GmbH,Mutlangen,,,,,EUR,True,,,,,"https://www.glassdoor.de/job-listing/mitarbeiter-entwicklung-quereinsteiger-mw-pdr-team-JV_IC2598470_KO0,41_KE42,50.htm?jl=1010111065036"
1010127815189,Bauingenieur als Projektleitung (m/w/d),i Live Group GmbH,Aalen,,,,,EUR,False,,,,,"https://www.glassdoor.de/job-listing/bauingenieur-als-projektleitung-mwd-i-live-holding-JV_IC2767041_KO0,35_KE36,50.htm?jl=1010127815189"
1009697061393,Intern at Center of Excellence for Artificial Intelligence (all genders),MTU Aero Engines AG,München,,,,,EUR,False,,,,,"https://www.glassdoor.de/job-listing/intern-at-center-of-excellence-for-artificial-intelligence-all-genders-mtu-aero-engines-JV_IC4990924_KO0,70_KE71,87.htm?jl=1009697061393"
1009972936072,AI Software Engineer (m/f/d),Quantum- Systems GmbH,Gilching,,,,,EUR,True,,,,,"https://www.glassdoor.de/job-listing/ai-software-engineer-mfd-quantum-systems-JV_IC2550191_KO0,24_KE25,40.htm?jl=1009972936072"
1009999077431,"Research Manager AI & Data, Simulation and Quantum (m/f/d)",TWT Science & Innovation,München,,,,,EUR,False,,,,,"https://www.glassdoor.de/job-listing/research-manager-ai-data-simulation-and-quantum-mfd-twt-JV_IC4990924_KO0,51_KE52,55.htm?jl=1009999077431"
1009999078403,"Research Manager AI & Data, Simulation and Quantum (m/f/d)",TWT Science & Innovation,Ingolstadt,,,,,EUR,False,,,,,"https://www.glassdoor.de/job-listing/research-manager-ai-data-simulation-and-quantum-mfd-twt-JV_IC2739589_KO0,51_KE52,55.htm?jl=1009999078403"
1010084051408,Duales Studium BWL - Spezialisierung Artificial Intelligence (B.A.) - Fonds Finanz Maklerservice GmbH,IU Duales Studium,München,,,,,EUR,False,,,,,"https://www.glassdoor.de/job-listing/duales-studium-bwl-spezialisierung-artificial-intelligence-ba-fonds-finanz-maklerservice-gmbh-iu-internationale-hochschule-JV_IC4990924_KO0,93_KE94,122.htm?jl=1010084051408"
1010004140503,Senior Principal System Software Architect (embedded systems/ software-defined vehicle) (f/m/div),Infineon Technologies AG,München,,,,,EUR,False,,,,,"https://www.glassdoor.de/job-listing/senior-principal-system-software-architect-embedded-systems-software-defined-vehicle-fm-div-infineon-technologies-JV_IC4990924_KO0,91_KE92,113.htm?jl=1010004140503"
1010078731616,"Working Student (m/f/d) Post-Training, Evaluation and Benchmarking for Robotic Tasks",Agile Robots SE,München,,,,,EUR,True,,,,,"https://www.glassdoor.de/job-listing/working-student-mfd-post-training-evaluation-and-benchmarking-for-robotic-tasks-agile-robots-germany-JV_IC4990924_KO0,79_KE80,100.htm?jl=1010078731616"
1010057865659,Software Engineer (m/f/d) Robotics Research Tooling & Reliability,Agile Robots SE,München,,,,,EUR,True,,,,,"https://www.glassdoor.de/job-listing/software-engineer-mfd-robotics-research-tooling-reliability-agile-robots-germany-JV_IC4990924_KO0,59_KE60,80.htm?jl=1010057865659"
1010079052360,Working Student (m/f/d) Simulation-Based Fine-Tuning & Benchmarking for VLA-Models,Agile Robots SE,München,,,,,EUR,True,,,,,"https://www.glassdoor.de/job-listing/working-student-mfd-simulation-based-fine-tuning-benchmarking-for-vla-models-agile-robots-germany-JV_IC4990924_KO0,76_KE77,97.htm?jl=1010079052360"
1010117177589,Senior AI Research Engineer (m/w/d) Foundation Models,Agile Robots SE,München,,,,,EUR,True,,,,,"https://www.glassdoor.de/job-listing/senior-ai-research-engineer-mwd-foundation-models-agile-robots-germany-JV_IC4990924_KO0,49_KE50,70.htm?jl=1010117177589"
1010106681428,(Senior) AI Research Engineer (m/f/d) Generative Video for Robotics,Agile Robots SE,München,,,,,EUR,True,,,,,"https://www.glassdoor.de/job-listing/senior-ai-research-engineer-mfd-generative-video-for-robotics-agile-robots-germany-JV_IC4990924_KO0,61_KE62,82.htm?jl=1010106681428"
1010051534934,Senior AI Research Engineer (m/f/d) Learning-Based Robotics,Agile Robots SE,München,,,,,EUR,True,,,,,"https://www.glassdoor.de/job-listing/senior-ai-research-engineer-mfd-learning-based-robotics-agile-robots-germany-JV_IC4990924_KO0,55_KE56,76.htm?jl=1010051534934"
1010086153927,Senior Product Manager (m/f/d) Robot Learning,Agile Robots SE,München,,,,,EUR,True,,,,,"https://www.glassdoor.de/job-listing/senior-product-manager-mfd-robot-learning-agile-robots-germany-JV_IC4990924_KO0,41_KE42,62.htm?jl=1010086153927"
1010123502139,Robotics Vision & Perception Engineer (m/f/d),Agile Robots SE,München,,,,,EUR,True,,,,,"https://www.glassdoor.de/job-listing/robotics-vision-perception-engineer-mfd-agile-robots-germany-JV_IC4990924_KO0,39_KE40,60.htm?jl=1010123502139"
1009945138750,(Senior) ML Research Engineer (m/f/d) Robotics,Agile Robots SE,München,,,,,EUR,True,,,,,"https://www.glassdoor.de/job-listing/senior-ml-research-engineer-mfd-robotics-agile-robots-germany-JV_IC4990924_KO0,40_KE41,61.htm?jl=1009945138750"
1010122571586,Junior IT Administrator (m/f/d) on-site,Agile Robots SE,München,,,,,EUR,True,,,,,"https://www.glassdoor.de/job-listing/junior-it-administrator-mfd-on-site-agile-robots-germany-JV_IC4990924_KO0,35_KE36,56.htm?jl=1010122571586"
1010035011019,Senior Applied AI Engineer (m/f/d),Agile Robots SE,München,,,,,EUR,True,,,,,"https://www.glassdoor.de/job-listing/senior-applied-ai-engineer-mfd-agile-robots-germany-JV_IC4990924_KO0,30_KE31,51.htm?jl=1010035011019"
1010116141409,Robotics Application Engineer (Applications & Deployment) (m/f/d),Agile Robots SE,München,,,,,EUR,True,,,,,"https://www.glassdoor.de/job-listing/robotics-application-engineer-applications-deployment-mfd-agile-robots-germany-JV_IC4990924_KO0,57_KE58,78.htm?jl=1010116141409"
1009971719777,(Senior) Robotics AI Engineer (m/f/d),Agile Robots SE,München,,,,,EUR,True,,,,,"https://www.glassdoor.de/job-listing/senior-robotics-ai-engineer-mfd-agile-robots-germany-JV_IC4990924_KO0,31_KE32,52.htm?jl=1009971719777"
1010071204458,Robotics Software Engineer (m/f/d),Agile Robots SE,München,,,,,EUR,True,,,,,"https://www.glassdoor.de/job-listing/robotics-software-engineer-mfd-agile-robots-germany-JV_IC4990924_KO0,30_KE31,51.htm?jl=1010071204458"
1010045015313,(Senior) Technical Project Manager Software (m/f/d),Agile Robots SE,München,,,,,EUR,True,,,,,"https://www.glassdoor.de/job-listing/senior-technical-project-manager-software-mfd-agile-robots-germany-JV_IC4990924_KO0,45_KE46,66.htm?jl=1010045015313"
1009916549627,Senior Software Architect (m/f/d) Robotics,Agile Robots SE,München,,,,,EUR,True,,,,,"https://www.glassdoor.de/job-listing/senior-software-architect-mfd-robotics-agile-robots-germany-JV_IC4990924_KO0,38_KE39,59.htm?jl=1009916549627"
1010102238034,Project Coordinator (m/f/d),Agile Robots SE,München,,,,,EUR,True,,,,,"https://www.glassdoor.de/job-listing/project-coordinator-mfd-agile-robots-germany-JV_IC4990924_KO0,23_KE24,44.htm?jl=1010102238034"
1010057516022,(Senior) Team Lead – Software Architecture (m/f/d),Agile Robots SE,München,,,,,EUR,True,,,,,"https://www.glassdoor.de/job-listing/senior-team-lead-software-architecture-mfd-agile-robots-germany-JV_IC4990924_KO0,42_KE43,63.htm?jl=1010057516022"
1010076260685,(Senior) Software Engineer (m/f/d) Robotics,Agile Robots SE,München,,,,,EUR,True,,,,,"https://www.glassdoor.de/job-listing/senior-software-engineer-mfd-robotics-agile-robots-germany-JV_IC4990924_KO0,37_KE38,58.htm?jl=1010076260685"
1010045331816,Intern Artificial Intelligence (m/f/d)*,Munich Re,München,,,,,EUR,False,,,,,"https://www.glassdoor.de/job-listing/intern-artificial-intelligence-mfd-munich-re-JV_IC4990924_KO0,34_KE35,44.htm?jl=1010045331816"
1009999069411,Expert AI & Engineering (m/f/d),TWT Science & Innovation,München,,,,,EUR,False,,,,,"https://www.glassdoor.de/job-listing/expert-ai-engineering-mfd-twt-JV_IC4990924_KO0,25_KE26,29.htm?jl=1009999069411"
1009998965684,Expert AI & Engineering (m/f/d),TWT Science & Innovation,Ingolstadt,,,,,EUR,False,,,,,"https://www.glassdoor.de/job-listing/expert-ai-engineering-mfd-twt-JV_IC2739589_KO0,25_KE26,29.htm?jl=1009998965684"
1010126685674,Lead AI Engineer (w/m/d) IT-Consulting,MaibornWolff GmbH,München,,,,,EUR,True,,,,,"https://www.glassdoor.de/job-listing/lead-ai-engineer-wmd-it-consulting-maibornwolff-JV_IC4990924_KO0,34_KE35,47.htm?jl=1010126685674"
1010123743585,Working student - Software process governance (f/m/div),Infineon Technologies AG,München,,,,,EUR,False,,,,,"https://www.glassdoor.de/job-listing/working-student-software-process-governance-fm-div-infineon-technologies-JV_IC4990924_KO0,50_KE51,72.htm?jl=1010123743585"
1010128081874,Working Student - Operation Process Optimization Analyst - AI & Automation (m/f/d),Allianz,München,,,,,EUR,False,,,,,"https://www.glassdoor.de/job-listing/working-student-operation-process-optimization-analyst-ai-automation-mfd-allianz-JV_IC4990924_KO0,72_KE73,80.htm?jl=1010128081874"
1010101748895,"FY26 Working Student - GenAI Prototyping - 6 months, Munich, Germany",Qualcomm,München,,,,,EUR,False,,,,,"https://www.glassdoor.de/job-listing/fy26-working-student-genai-prototyping-6-months-munich-germany-qualcomm-JV_IC4990924_KO0,62_KE63,71.htm?jl=1010101748895"
1010037818307,Internship Opportunities with Quantinuum 2026 - UK/Germany,Quantinuum,Deutschland,,,,,EUR,False,,,,,"https://www.glassdoor.de/job-listing/internship-opportunities-with-quantinuum-2026-uk-germany-quantinuum-JV_KO0,56_KE57,67.htm?jl=1010037818307"
1010074556612,GenAI Consulting Intern (all genders),Roland Berger Holding GmbH,München,,,,,EUR,False,,,,,"https://www.glassdoor.de/job-listing/genai-consulting-intern-all-genders-roland-berger-JV_IC4990924_KO0,35_KE36,49.htm?jl=1010074556612"
1010116061148,Software-Entwickler (m/w/d) mit Schwerpunkt auf KI-Technologien,IntraFind Software AG,München,,,,,EUR,False,,,,,"https://www.glassdoor.de/job-listing/software-entwickler-mwd-mit-schwerpunkt-auf-ki-technologien-intrafind-software-JV_IC4990924_KO0,59_KE60,78.htm?jl=1010116061148"
1010126264363,AI Deployment Engineer - Startups,OpenAI,München,,,,,EUR,False,,,,,"https://www.glassdoor.de/job-listing/ai-deployment-engineer-startups-openai-JV_IC4990924_KO0,31_KE32,38.htm?jl=1010126264363"
1010114619075,Working Student (m/f/d) – AI Research for Graphics and Materials,Dassault Systèmes,München,,,,,EUR,False,,,,,"https://www.glassdoor.de/job-listing/working-student-mfd-ai-research-for-graphics-and-materials-dassault-systèmes-JV_IC4990924_KO0,58_KE59,76.htm?jl=1010114619075"
1010094394479,(Senior) Researcher (f/m/d) - Knowledge Graphs and Generative AI,SAP,Deutschland,,,,,EUR,False,,,,,"https://www.glassdoor.de/job-listing/senior-researcher-fmd-knowledge-graphs-and-generative-ai-sap-JV_KO0,56_KE57,60.htm?jl=1010094394479"
1010124504045,Researcher - Quantum Machine Learning & Quantum Information,Terra Quantum,München,,,,,EUR,False,,,,,"https://www.glassdoor.de/job-listing/researcher-quantum-machine-learning-quantum-information-terra-quantum-JV_IC4990924_KO0,55_KE56,69.htm?jl=1010124504045"
1009854831780,Data Science - Work Student / Intern,Hawk,München,,,,,EUR,False,,,,,"https://www.glassdoor.de/job-listing/data-science-work-student-intern-hawk-JV_IC4990924_KO0,32_KE33,37.htm?jl=1009854831780"
1010025615031,Internship - Uncertainty Quantification for Generative AI Applications,IABG,Ottobrunn,,,,,EUR,False,,,,,"https://www.glassdoor.de/job-listing/internship-uncertainty-quantification-for-generative-ai-applications-iabg-JV_IC2500849_KO0,68_KE69,73.htm?jl=1010025615031"
1009946660098,Python Engineer for AI (m/f/d),Appsfactory GmbH,München,,,,,EUR,False,,,,,"https://www.glassdoor.de/job-listing/python-engineer-for-ai-mfd-appsfactory-JV_IC4990924_KO0,26_KE27,38.htm?jl=1009946660098"
1010000866748,Consultant Business Intelligence - Dein Einstieg in AI Insights (m/w/d),Deloitte Consulting GmbH,München,,,,,EUR,False,,,,,"https://www.glassdoor.de/job-listing/consultant-business-intelligence-dein-einstieg-in-ai-insights-mwd-deloitte-JV_IC4990924_KO0,65_KE66,74.htm?jl=1010000866748"
1010086727507,"Software Engineer II, Vulnerability Management",Google,München,,,,,EUR,False,,,,,"https://www.glassdoor.de/job-listing/software-engineer-ii-vulnerability-management-google-JV_IC4990924_KO0,45_KE46,52.htm?jl=1010086727507"
1010125097345,Intern in Local Environment Office at Allianz SE (m/f/d),Allianz,München,,,,,EUR,False,,,,,"https://www.glassdoor.de/job-listing/intern-in-local-environment-office-at-allianz-se-mfd-allianz-JV_IC4990924_KO0,52_KE53,60.htm?jl=1010125097345"
1010117126342,Unreal AI Developer,welevel GmbH,München,,,,,EUR,False,,,,,"https://www.glassdoor.de/job-listing/unreal-ai-developer-welevel-JV_IC4990924_KO0,19_KE20,27.htm?jl=1010117126342"
1010116235843,Principal Researcher (f/m/d) - Foundation and World Models on Structured Business Data,SAP,Deutschland,,,,,EUR,False,,,,,"https://www.glassdoor.de/job-listing/principal-researcher-fmd-foundation-and-world-models-on-structured-business-data-sap-JV_KO0,80_KE81,84.htm?jl=1010116235843"
1010069950490,Director Digital Transformation & Process Excellence (f/m/x),Webasto,München,,,,,EUR,False,,,,,"https://www.glassdoor.de/job-listing/director-digital-transformation-process-excellence-fmx-webasto-JV_IC4990924_KO0,54_KE55,62.htm?jl=1010069950490"
1010064880380,Duales Studium BWL - Spezialisierung Artificial Intelligence (B.A.),Fonds Finanz Maklerservice GmbH,München,,,,,EUR,False,,,,,"https://www.glassdoor.de/job-listing/duales-studium-bwl-spezialisierung-artificial-intelligence-ba-fonds-finanz-maklerservice-JV_IC4990924_KO0,61_KE62,88.htm?jl=1010064880380"
1010023026861,Intern Consultant Data Science and AI (m/f/d)*,Munich Re,Deutschland,,,,,EUR,False,,,,,"https://www.glassdoor.de/job-listing/intern-consultant-data-science-and-ai-mfd-munich-re-JV_KO0,41_KE42,51.htm?jl=1010023026861"
1010095390094,Working Student (m/f/x) AI Innovation & Analysis,appliedAI,München,,,,,EUR,True,,,,,"https://www.glassdoor.de/job-listing/working-student-mfx-ai-innovation-analysis-appliedai-JV_IC4990924_KO0,42_KE43,52.htm?jl=1010095390094"
1010061377621,Senior Research Engineer - Video Foundation Models (Pre - Training),Synthesia,Deutschland,,,,,EUR,False,,,,,"https://www.glassdoor.de/job-listing/senior-research-engineer-video-foundation-models-pre-training-synthesia-JV_KO0,61_KE62,71.htm?jl=1010061377621"
1010024688105,Senior Software Engineer – AI and Autonomous Driving,NVIDIA,Deutschland,,,,,EUR,False,,,,,"https://www.glassdoor.de/job-listing/senior-software-engineer-ai-and-autonomous-driving-nvidia-JV_KO0,50_KE51,57.htm?jl=1010024688105"
1010101653151,Chief Technology Officer - Star-Trac,Banyan Software,München,,,,,EUR,False,,,,,"https://www.glassdoor.de/job-listing/chief-technology-officer-star-trac-banyan-software-JV_IC4990924_KO0,34_KE35,50.htm?jl=1010101653151"
1010104676384,Staff Data Engineer,PPRO,München,,,,,EUR,False,,,,,"https://www.glassdoor.de/job-listing/staff-data-engineer-ppro-JV_IC4990924_KO0,19_KE20,24.htm?jl=1010104676384"
1010062647097,Working Student (m/f/d) - Allianz Consulting - IT Transformation and Project Delivery,Allianz,Deutschland,,,,,EUR,False,,,,,"https://www.glassdoor.de/job-listing/working-student-mfd-allianz-consulting-it-transformation-and-project-delivery-allianz-JV_KO0,77_KE78,85.htm?jl=1010062647097"
1010106445767,Senior Director AI Integration (m/f/x),ROHDE & SCHWARZ GmbH & Co. KG,München,,,,,EUR,False,,,,,"https://www.glassdoor.de/job-listing/senior-director-ai-integration-mfx-rohde-schwarz-JV_IC4990924_KO0,34_KE35,48.htm?jl=1010106445767"
1010071486807,(Junior) Produktmanager (m/w/d) AI-Produkte – Kreditvergleich,CHECK24,München,,,,,EUR,False,,,,,"https://www.glassdoor.de/job-listing/junior-produktmanager-mwd-ai-produkte-kreditvergleich-check24-JV_IC4990924_KO0,53_KE54,61.htm?jl=1010071486807"
1010046153175,"Senior Solutions Architect, AI Factory",NVIDIA,München,,,,,EUR,False,,,,,"https://www.glassdoor.de/job-listing/senior-solutions-architect-ai-factory-nvidia-JV_IC4990924_KO0,37_KE38,44.htm?jl=1010046153175"
1010080562768,Full Stack Engineer,Malao GmbH,Deutschland,,,,,EUR,False,,,,,"https://www.glassdoor.de/job-listing/full-stack-engineer-malao-gmbh-JV_KO0,19_KE20,30.htm?jl=1010080562768"
1010116061142,Frontend-Entwickler (m/w/d),IntraFind Software AG,München,,,,,EUR,False,,,,,"https://www.glassdoor.de/job-listing/frontend-entwickler-mwd-intrafind-software-JV_IC4990924_KO0,23_KE24,42.htm?jl=1010116061142"
1009430817233,(Junior) Consultant Master Data Governance and Management (m/w/d),BearingPoint Germany,München,,,,,EUR,False,,,,,"https://www.glassdoor.de/job-listing/junior-consultant-master-data-governance-and-management-mwd-bearingpoint-JV_IC4990924_KO0,59_KE60,72.htm?jl=1009430817233"
1010039369009,Partner AI Deployment Engineer,OpenAI,Deutschland,,,,,EUR,False,,,,,"https://www.glassdoor.de/job-listing/partner-ai-deployment-engineer-openai-JV_KO0,30_KE31,37.htm?jl=1010039369009"
1010124503916,Lead Researcher – Quantum Machine Learning,Terra Quantum,München,,,,,EUR,False,,,,,"https://www.glassdoor.de/job-listing/lead-researcher-quantum-machine-learning-terra-quantum-JV_IC4990924_KO0,40_KE41,54.htm?jl=1010124503916"
1010013986724,Principal AI Developer Technology Engineer,NVIDIA,München,,,,,EUR,False,,,,,"https://www.glassdoor.de/job-listing/principal-ai-developer-technology-engineer-nvidia-JV_IC4990924_KO0,42_KE43,49.htm?jl=1010013986724"
1010118086099,Werkstudent (m/w/d) AI-Produkte – Kreditvergleich,CHECK24,München,,,,,EUR,False,,,,,"https://www.glassdoor.de/job-listing/werkstudent-mwd-ai-produkte-kreditvergleich-check24-JV_IC4990924_KO0,43_KE44,51.htm?jl=1010118086099"
1010082080025,Solution Architect (m/f/d)*,Munich Re,München,,,,,EUR,False,,,,,"https://www.glassdoor.de/job-listing/solution-architect-mfd-munich-re-JV_IC4990924_KO0,22_KE23,32.htm?jl=1010082080025"
1010016410986,Senior Principal Engineer Formal Verification (f/m/div),Infineon Technologies AG,München,,,,,EUR,False,,,,,"https://www.glassdoor.de/job-listing/senior-principal-engineer-formal-verification-fm-div-infineon-technologies-JV_IC4990924_KO0,52_KE53,74.htm?jl=1010016410986"
1010026355001,Engineering Manager – Data & AI (m/f/d),KI group GmbH,München,,,,,EUR,False,,,,,"https://www.glassdoor.de/job-listing/engineering-manager-data-ai-mfd-ki-group-JV_IC4990924_KO0,31_KE32,40.htm?jl=1010026355001"
1010065230951,"Executive Director, AI Architecture",Harman International,Deutschland,,,,,EUR,False,,,,,"https://www.glassdoor.de/job-listing/executive-director-ai-architecture-harman-JV_KO0,34_KE35,41.htm?jl=1010065230951"
1010116061145,Technische Projektleitung (m/w/d),IntraFind Software AG,München,,,,,EUR,False,,,,,"https://www.glassdoor.de/job-listing/technische-projektleitung-mwd-intrafind-software-JV_IC4990924_KO0,29_KE30,48.htm?jl=1010116061145"
1010039679120,"Partner AI Deployment Engineer, Global Advisory Alliances",OpenAI,München,,,,,EUR,False,,,,,"https://www.glassdoor.de/job-listing/partner-ai-deployment-engineer-global-advisory-alliances-openai-JV_IC4990924_KO0,56_KE57,63.htm?jl=1010039679120"
1009990739632,MLOps Engineer – Azure & AI/ML Platforms (m/f/d),KI group GmbH,München,,,,,EUR,False,,,,,"https://www.glassdoor.de/job-listing/mlops-engineer-azure-ai-ml-platforms-mfd-ki-group-JV_IC4990924_KO0,40_KE41,49.htm?jl=1009990739632"
1010124228693,Director of AI Products (f/m/d),Circus SE,München,,,,,EUR,True,,,,,"https://www.glassdoor.de/job-listing/director-of-ai-products-fmd-circus-se-JV_IC4990924_KO0,27_KE28,37.htm?jl=1010124228693"
1010102952236,Working Student in Claims Performance Management at Allianz SE (m/f/d),Allianz,München,,,,,EUR,False,,,,,"https://www.glassdoor.de/job-listing/working-student-in-claims-performance-management-at-allianz-se-mfd-allianz-JV_IC4990924_KO0,66_KE67,74.htm?jl=1010102952236"
1010114550092,Associate Vice President for Agentic & Generative AI in Industry (f/m/d) Siemens Advanta - Artificial Intelligence & New Technologies,Siemens,München,,,,,EUR,False,,,,,"https://www.glassdoor.de/job-listing/associate-vice-president-for-agentic-generative-ai-in-industry-fmd-siemens-advanta-artificial-intelligence-new-technologies-siemens-JV_IC4990924_KO0,123_KE124,131.htm?jl=1010114550092"
1010075574155,Databricks Masterclass - Dein Einstieg als Consultant AI & Data (m/w/d),Deloitte Consulting GmbH,München,,,,,EUR,False,,,,,"https://www.glassdoor.de/job-listing/databricks-masterclass-dein-einstieg-als-consultant-ai-data-mwd-deloitte-JV_IC4990924_KO0,63_KE64,72.htm?jl=1010075574155"
1010116235851,Lead Research Engineer (f/m/d): Foundation and World Models on Structured Data,SAP,Deutschland,,,,,EUR,False,,,,,"https://www.glassdoor.de/job-listing/lead-research-engineer-fmd-foundation-and-world-models-on-structured-data-sap-JV_KO0,73_KE74,77.htm?jl=1010116235851"
1010116235840,Lead Research Engineer (f/m/d) - Foundation and World Models on Structured Data,SAP,Deutschland,,,,,EUR,False,,,,,"https://www.glassdoor.de/job-listing/lead-research-engineer-fmd-foundation-and-world-models-on-structured-data-sap-JV_KO0,73_KE74,77.htm?jl=1010116235840"
1010119098303,"Engineering Manager, Agent Foundations, Front-End",Google,München,,,,,EUR,False,,,,,"https://www.glassdoor.de/job-listing/engineering-manager-agent-foundations-front-end-google-JV_IC4990924_KO0,47_KE48,54.htm?jl=1010119098303"
1010124907901,Praktikant (m/w/d) für den Bereich Platform Office (WiSe 26/27),AGCO,Marktoberdorf,,,,,EUR,False,,,,,"https://www.glassdoor.de/job-listing/praktikant-mwd-für-den-bereich-platform-office-wise-26-27-agco-JV_IC2736270_KO0,57_KE58,62.htm?jl=1010124907901"
1010096380566,Compiler Tooling Engineer (Neural Engine) - (m/f/d),Apple,München,,,,,EUR,False,,,,,"https://www.glassdoor.de/job-listing/compiler-tooling-engineer-neural-engine-mfd-apple-JV_IC4990924_KO0,43_KE44,49.htm?jl=1010096380566"
1010096380556,Compiler Engineer (Neural Engine) - (m/f/d),Apple,München,,,,,EUR,False,,,,,"https://www.glassdoor.de/job-listing/compiler-engineer-neural-engine-mfd-apple-JV_IC4990924_KO0,35_KE36,41.htm?jl=1010096380556"
1010124149086,Consultant AI & Data Engineering (m/w/d),Deloitte Consulting GmbH,München,,,,,EUR,False,,,,,"https://www.glassdoor.de/job-listing/consultant-ai-data-engineering-mwd-deloitte-JV_IC4990924_KO0,34_KE35,43.htm?jl=1010124149086"
1010092966067,(Senior) Software Engineer - Cash flow,PPRO,München,,,,,EUR,False,,,,,"https://www.glassdoor.de/job-listing/senior-software-engineer-cash-flow-ppro-JV_IC4990924_KO0,34_KE35,39.htm?jl=1010092966067"
1010053238165,"Solution Architect, Energy",NVIDIA,Deutschland,,,,,EUR,False,,,,,"https://www.glassdoor.de/job-listing/solution-architect-energy-nvidia-JV_KO0,25_KE26,32.htm?jl=1010053238165"
1010116061152,Softwarearchitekt (m/w/d),IntraFind Software AG,München,,,,,EUR,False,,,,,"https://www.glassdoor.de/job-listing/softwarearchitekt-mwd-intrafind-software-JV_IC4990924_KO0,21_KE22,40.htm?jl=1010116061152"
1010121495583,"Software Engineer, Data Infrastructure & Acquisition - Munich, Germany",Speechify,München,,,,,EUR,False,,,,,"https://www.glassdoor.de/job-listing/software-engineer-data-infrastructure-acquisition-munich-germany-speechify-JV_IC4990924_KO0,64_KE65,74.htm?jl=1010121495583"
1009983350240,Product Manager,CesiumAstro,München,,,,,EUR,False,,,,,"https://www.glassdoor.de/job-listing/product-manager-cesiumastro-JV_IC4990924_KO0,15_KE16,27.htm?jl=1009983350240"
1010124900901,Freelance Onsite Support Technician – 1st / 2nd Level Support ( m/w/d),Everience Benelux,München,,,,,EUR,True,,,,,"https://www.glassdoor.de/job-listing/freelance-onsite-support-technician-1st-2nd-level-support-mwd-everience-JV_IC4990924_KO0,61_KE62,71.htm?jl=1010124900901"
1010106783551,Research Manager (f/m/d): SAP Business AI Research,SAP,Deutschland,,,,,EUR,False,,,,,"https://www.glassdoor.de/job-listing/research-manager-fmd-sap-business-ai-research-sap-JV_KO0,45_KE46,49.htm?jl=1010106783551"
1009908302408,Forward Deployed Engineer - Munich,OpenAI,München,,,,,EUR,False,,,,,"https://www.glassdoor.de/job-listing/forward-deployed-engineer-munich-openai-JV_IC4990924_KO0,32_KE33,39.htm?jl=1009908302408"
1009945612510,Forward Deployed Software Engineer - Munich,OpenAI,München,,,,,EUR,False,,,,,"https://www.glassdoor.de/job-listing/forward-deployed-software-engineer-munich-openai-JV_IC4990924_KO0,41_KE42,48.htm?jl=1009945612510"
1010000864035,Consultant AI & Data Analytics / Data Science (m/w/d),Deloitte GmbH,München,,,,,EUR,False,,,,,"https://www.glassdoor.de/job-listing/consultant-ai-data-analytics-data-science-mwd-deloitte-JV_IC4990924_KO0,45_KE46,54.htm?jl=1010000864035"
1009866850279,Senior Consultant Cloud Analytics & Data Science (m/w/d),Deloitte Consulting GmbH,München,,,,,EUR,False,,,,,"https://www.glassdoor.de/job-listing/senior-consultant-cloud-analytics-data-science-mwd-deloitte-JV_IC4990924_KO0,50_KE51,59.htm?jl=1009866850279"
1010068746173,Machine Learning Scientist,Nucs AI,München,,,,,EUR,True,,,,,"https://www.glassdoor.de/job-listing/machine-learning-scientist-nucs-ai-JV_IC4990924_KO0,26_KE27,34.htm?jl=1010068746173"
1009941939781,Software Entwickler:in mit Schwerpunkt GenAI (w/d/m),Mayflower GmbH,München,,,,,EUR,True,,,,,"https://www.glassdoor.de/job-listing/software-entwickler-in-mit-schwerpunkt-genai-wdm-mayflower-JV_IC4990924_KO0,48_KE49,58.htm?jl=1009941939781"
1010110612902,Senior Business Architect (m/f/d),Allianz,München,,,,,EUR,False,,,,,"https://www.glassdoor.de/job-listing/senior-business-architect-mfd-allianz-JV_IC4990924_KO0,29_KE30,37.htm?jl=1010110612902"
1010062829693,(Junior) Architect - Global Data Platform / Data Mesh (all genders),MEDIAPLUS Gruppe,München,,,,,EUR,True,,,,,"https://www.glassdoor.de/job-listing/junior-architect-global-data-platform-data-mesh-all-genders-mediaplus-JV_IC4990924_KO0,59_KE60,69.htm?jl=1010062829693"
1010121495640,"Tech Lead, Android Core Product - Munich, Germany",Speechify,München,,,,,EUR,False,,,,,"https://www.glassdoor.de/job-listing/tech-lead-android-core-product-munich-germany-speechify-JV_IC4990924_KO0,45_KE46,55.htm?jl=1010121495640"
1010054649874,Senior Software Engineer – ADAS,NVIDIA,Deutschland,,,,,EUR,False,,,,,"https://www.glassdoor.de/job-listing/senior-software-engineer-adas-nvidia-JV_KO0,29_KE30,36.htm?jl=1010054649874"
1010128122202,SAP CX iXp Intern (f/m/d) - DevOps Engineer,SAP,Deutschland,,,,,EUR,False,,,,,"https://www.glassdoor.de/job-listing/sap-cx-ixp-intern-fmd-devops-engineer-sap-JV_KO0,37_KE38,41.htm?jl=1010128122202"
1010123699627,Senior Embedded Systems Software Engineer (m/w/d),Mobileye,München,,,,,EUR,False,,,,,"https://www.glassdoor.de/job-listing/senior-embedded-systems-software-engineer-mwd-mobileye-JV_IC4990924_KO0,45_KE46,54.htm?jl=1010123699627"
1010099179492,Working Student - Infrastructure & Platform (f/m/d),Temedica GmbH,München,,,,,EUR,True,,,,,"https://www.glassdoor.de/job-listing/working-student-infrastructure-platform-fmd-temedica-JV_IC4990924_KO0,43_KE44,52.htm?jl=1010099179492"
1009449304685,Praktikant Data Science / Data Engineering im Bereich Risk Advisory Services,BRL Risk Consulting GmbH & Co. KG,München,,,,,EUR,True,,,,,"https://www.glassdoor.de/job-listing/praktikant-data-science-data-engineering-im-bereich-risk-advisory-services-brl-boege-rohde-luebbehuesen-JV_IC4990924_KO0,74_KE75,103.htm?jl=1009449304685"
1010112310345,IT Lead Consultant Business Solutions (m/w/d),Hirschvogel Group,Denklingen,,,,,EUR,False,,,,,"https://www.glassdoor.de/job-listing/it-lead-consultant-business-solutions-mwd-hirschvogel-group-JV_IC2548192_KO0,41_KE42,59.htm?jl=1010112310345"
1009999049405,Product Manager - AI Platform (m/f/x),Scalable GmbH,München,,,,,EUR,True,,,,,"https://www.glassdoor.de/job-listing/product-manager-ai-platform-mfx-scalable-press-JV_IC4990924_KO0,31_KE32,46.htm?jl=1009999049405"
1010053178917,DevOps Engineer (m/f/d) – Munich,Impower GmbH,Deutschland,,,,,EUR,True,,,,,"https://www.glassdoor.de/job-listing/devops-engineer-mfd-munich-impower-gmbh-JV_KO0,26_KE27,39.htm?jl=1010053178917"
1010056287405,Senior Frontend Engineer (m/f/d) – Munich,Impower GmbH,München,,,,,EUR,True,,,,,"https://www.glassdoor.de/job-listing/senior-frontend-engineer-mfd-munich-impower-gmbh-JV_IC4990924_KO0,35_KE36,48.htm?jl=1010056287405"
1010124503839,Senior Systems Software Engineer,Terra Quantum,München,,,,,EUR,False,,,,,"https://www.glassdoor.de/job-listing/senior-systems-software-engineer-terra-quantum-JV_IC4990924_KO0,32_KE33,46.htm?jl=1010124503839"
1009970760865,(Senior) Manager - AI Security (w/m/d),KPMG,Deutschland,,,,,EUR,False,,,,,"https://www.glassdoor.de/job-listing/senior-manager-ai-security-wmd-kpmg-JV_KO0,30_KE31,35.htm?jl=1009970760865"
1007188188096,"Senior Consultant - Cyber Security Technology, Transformation & Defense (w/m/d)",KPMG,München,,,,,EUR,False,,,,,"https://www.glassdoor.de/job-listing/senior-consultant-cyber-security-technology-transformation-defense-wmd-kpmg-JV_IC4990924_KO0,70_KE71,75.htm?jl=1007188188096"
1010095348461,Werkstudent IT,Magna International,Markt Schwaben,,,,,EUR,True,,,,,"https://www.glassdoor.de/job-listing/werkstudent-it-magna-international-JV_IC2737606_KO0,14_KE15,34.htm?jl=1010095348461"
1010077187879,SAP FI/CO Lead Consultant (m/w/d),TE Connectivity,Ottobrunn,,,,,EUR,False,,,,,"https://www.glassdoor.de/job-listing/sap-fi-co-lead-consultant-mwd-te-connectivity-JV_IC2500849_KO0,29_KE30,45.htm?jl=1010077187879"
1010109536156,Client Delivery Lead (Energy/Utilities experience),Kraken,München,,,,,EUR,True,,,,,"https://www.glassdoor.de/job-listing/client-delivery-lead-energy-utilities-experience-kraken-tech-JV_IC4990924_KO0,48_KE49,60.htm?jl=1010109536156"
1009962649867,Manager Data Architecture & Analytics (m/w/d),Deloitte Consulting GmbH,München,,,,,EUR,False,,,,,"https://www.glassdoor.de/job-listing/manager-data-architecture-analytics-mwd-deloitte-JV_IC4990924_KO0,39_KE40,48.htm?jl=1009962649867"
1009933317577,Senior Consultant AI & Data Architecture (m/w/d),Deloitte Consulting GmbH,München,,,,,EUR,False,,,,,"https://www.glassdoor.de/job-listing/senior-consultant-ai-data-architecture-mwd-deloitte-JV_IC4990924_KO0,42_KE43,51.htm?jl=1009933317577"
1009890371659,Microsoft 365 Consultant – Copilot & Collaboration (m/w/d),Skaylink,München,,,,,EUR,True,,,,,"https://www.glassdoor.de/job-listing/microsoft-365-consultant-copilot-collaboration-mwd-skaylink-JV_IC4990924_KO0,50_KE51,59.htm?jl=1009890371659"
1009752292608,(Senior) Developer - Fokus Tax Technology (m/w/d),RSM Ebner Stolz Wirtschaftsprüfer Steuerberater Rechtsanwälte Partnerschaft mbB,München,,,,,EUR,False,,,,,"https://www.glassdoor.de/job-listing/senior-developer-fokus-tax-technology-mwd-rsm-ebner-stolz-JV_IC4990924_KO0,41_KE42,57.htm?jl=1009752292608"
1010071512052,Team Lead Machine Learning (m/f/x) - Remote Sensing,osapiens,München,,,,,EUR,True,,,,,"https://www.glassdoor.de/job-listing/team-lead-machine-learning-mfx-remote-sensing-osapiens-services-JV_IC4990924_KO0,45_KE46,63.htm?jl=1010071512052"
1009792043308,Power Platform Consultant (m/w/d),Skaylink,München,,,,,EUR,True,,,,,"https://www.glassdoor.de/job-listing/power-platform-consultant-mwd-skaylink-JV_IC4990924_KO0,29_KE30,38.htm?jl=1009792043308"
1010127801449,Head of Robotics & Automation Engineering (f/m/d),Circus SE,München,,,,,EUR,True,,,,,"https://www.glassdoor.de/job-listing/head-of-robotics-automation-engineering-fmd-circus-se-JV_IC4990924_KO0,43_KE44,53.htm?jl=1010127801449"
1010021226209,Senior IT Project Manager (m/w/d),Skaylink,München,,,,,EUR,True,,,,,"https://www.glassdoor.de/job-listing/senior-it-project-manager-mwd-skaylink-JV_IC4990924_KO0,29_KE30,38.htm?jl=1010021226209"
1010055920344,Senior Backend Engineer (m/f/d) – Munich,Impower GmbH,Deutschland,,,,,EUR,True,,,,,"https://www.glassdoor.de/job-listing/senior-backend-engineer-mfd-munich-impower-gmbh-JV_KO0,34_KE35,47.htm?jl=1010055920344"
1009888216411,Specialist (m/f/d) – AI Driven Cyber Risk Management,SIXT Germany,München,,,,,EUR,True,,,,,"https://www.glassdoor.de/job-listing/specialist-mfd-ai-driven-cyber-risk-management-sixt-JV_IC4990924_KO0,46_KE47,51.htm?jl=1009888216411"
1009824986081,Modern Work Consultant für Teams und SharePoint (m/w/d),Skaylink,München,,,,,EUR,True,,,,,"https://www.glassdoor.de/job-listing/modern-work-consultant-für-teams-und-sharepoint-mwd-skaylink-JV_IC4990924_KO0,51_KE52,60.htm?jl=1009824986081"
1010000865564,(Senior) Manager SAP Master Data (m/w/d),Deloitte Consulting GmbH,München,,,,,EUR,False,,,,,"https://www.glassdoor.de/job-listing/senior-manager-sap-master-data-mwd-deloitte-JV_IC4990924_KO0,34_KE35,43.htm?jl=1010000865564"
1010000864575,Senior Consultant IT Audit & IT Assurance (m/w/d),Deloitte GmbH,München,,,,,EUR,False,,,,,"https://www.glassdoor.de/job-listing/senior-consultant-it-audit-it-assurance-mwd-deloitte-JV_IC4990924_KO0,43_KE44,52.htm?jl=1010000864575"
1010004771640,Client Delivery Lead - Residential Flex (f/m/d),Kraken,München,,,,,EUR,True,,,,,"https://www.glassdoor.de/job-listing/client-delivery-lead-residential-flex-fmd-kraken-tech-JV_IC4990924_KO0,41_KE42,53.htm?jl=1010004771640"
1010056118478,Senior Backend Engineer - Typescript (m/f/x),osapiens,München,,,,,EUR,True,,,,,"https://www.glassdoor.de/job-listing/senior-backend-engineer-typescript-mfx-osapiens-services-JV_IC4990924_KO0,38_KE39,56.htm?jl=1010056118478"
1009821773990,Identity & Access Consultant (m/w/d) – mit Fokus auf Okta & Auth0,Skaylink,München,,,,,EUR,True,,,,,"https://www.glassdoor.de/job-listing/identity-access-consultant-mwd-mit-fokus-auf-okta-auth0-skaylink-JV_IC4990924_KO0,55_KE56,64.htm?jl=1009821773990"
1010000866187,Consultant IT-Assurance / Financial Services (m/w/d),Deloitte GmbH,München,,,,,EUR,False,,,,,"https://www.glassdoor.de/job-listing/consultant-it-assurance-financial-services-mwd-deloitte-JV_IC4990924_KO0,46_KE47,55.htm?jl=1010000866187"
1009912729678,Enterprise Architect (m/w/d),Lebensversicherung von 1871 a. G. München,München,,,,,EUR,True,,,,,"https://www.glassdoor.de/job-listing/enterprise-architect-mwd-lebensversicherung-von-1871-JV_IC4990924_KO0,24_KE25,52.htm?jl=1009912729678"
1010000865637,Senior Consultant SAP Master Data Management (m/w/d),Deloitte Consulting GmbH,München,,,,,EUR,False,,,,,"https://www.glassdoor.de/job-listing/senior-consultant-sap-master-data-management-mwd-deloitte-JV_IC4990924_KO0,48_KE49,57.htm?jl=1010000865637"
1010038153774,Microsoft Data & AI Security Consultant (m/w/d),Skaylink,Deutschland,,,,,EUR,True,,,,,"https://www.glassdoor.de/job-listing/microsoft-data-ai-security-consultant-mwd-skaylink-JV_KO0,41_KE42,50.htm?jl=1010038153774"
1010000866246,Senior Consultant IT-Assurance / Financial Services (m/w/d),Deloitte GmbH,München,,,,,EUR,False,,,,,"https://www.glassdoor.de/job-listing/senior-consultant-it-assurance-financial-services-mwd-deloitte-JV_IC4990924_KO0,53_KE54,62.htm?jl=1010000866246"
1009901247051,Head of HR (m/w/d) - French 21.04,Still 2,München,,,,,EUR,True,,,,,"https://www.glassdoor.de/job-listing/head-of-hr-mwd-french-21-04-still-2-JV_IC4990924_KO0,27_KE28,35.htm?jl=1009901247051"
1009904571590,Modern Work Consultant – Teams Phone (m/w/d),Skaylink,München,,,,,EUR,True,,,,,"https://www.glassdoor.de/job-listing/modern-work-consultant-teams-phone-mwd-skaylink-JV_IC4990924_KO0,38_KE39,47.htm?jl=1009904571590"
1010108750425,"Senior Platform Engineer (Cloud, Kubernetes, AI Infrastructure)",MULTIVERSE COMPUTING,München,,,,,EUR,True,,,,,"https://www.glassdoor.de/job-listing/senior-platform-engineer-cloud-kubernetes-ai-infrastructure-multiverse-computing-JV_IC4990924_KO0,59_KE60,80.htm?jl=1010108750425"
1009775095911,Senior Consultant Endpoint Management (m/w/d),Skaylink,München,,,,,EUR,True,,,,,"https://www.glassdoor.de/job-listing/senior-consultant-endpoint-management-mwd-skaylink-JV_IC4990924_KO0,41_KE42,50.htm?jl=1009775095911"
1009691345072,Senior Security Consultant (m/w/d),Skaylink,München,,,,,EUR,True,,,,,"https://www.glassdoor.de/job-listing/senior-security-consultant-mwd-skaylink-JV_IC4990924_KO0,30_KE31,39.htm?jl=1009691345072"
1009884949462,Architekt Modern Work & Security (m/w/d),Skaylink,München,,,,,EUR,True,,,,,"https://www.glassdoor.de/job-listing/architekt-modern-work-security-mwd-skaylink-JV_IC4990924_KO0,34_KE35,43.htm?jl=1009884949462"
1009465907188,Security Consultant (m/w/d),Skaylink,München,,,,,EUR,True,,,,,"https://www.glassdoor.de/job-listing/security-consultant-mwd-skaylink-JV_IC4990924_KO0,23_KE24,32.htm?jl=1009465907188"
1009951439826,Security Consultant – Customer Advisory & Integration (m/w/d),Skaylink,München,,,,,EUR,True,,,,,"https://www.glassdoor.de/job-listing/security-consultant-customer-advisory-integration-mwd-skaylink-JV_IC4990924_KO0,53_KE54,62.htm?jl=1009951439826"
1009465907200,Senior Active Directory Consultant (m/w/d),Skaylink,München,,,,,EUR,True,,,,,"https://www.glassdoor.de/job-listing/senior-active-directory-consultant-mwd-skaylink-JV_IC4990924_KO0,38_KE39,47.htm?jl=1009465907200"
1010040242123,Senior GenAI Architect - Internal Projects & Efficiency (m/w/d) in Garching bei münchen,in-tech GmbH,Augsburg,,,,,EUR,False,,,,,"https://www.glassdoor.de/job-listing/senior-genai-architect-internal-projects-efficiency-mwd-in-garching-bei-münchen-in-tech-JV_IC2587487_KO0,79_KE80,87.htm?jl=1010040242123"
1010112079250,SEO Content Specialist (m/f/d) - Expert Content & AI Discovery,REPA Deutschland GmbH,Bergkirchen,,,,,EUR,True,,,,,"https://www.glassdoor.de/job-listing/seo-content-specialist-mfd-expert-content-ai-discovery-repa-germany-JV_IC2686667_KO0,54_KE55,67.htm?jl=1010112079250"
1010124987881,Senior Fullstack Developer (w/m/d),TÜV Süd,Augsburg,,,,,EUR,False,,,,,"https://www.glassdoor.de/job-listing/senior-fullstack-developer-wmd-tüv-süd-JV_IC2587487_KO0,30_KE31,38.htm?jl=1010124987881"
1010098989770,(Senior) AI Enablement Manager (m/w/d),IU Internationale Hochschule,Augsburg,,,,,EUR,False,,,,,"https://www.glassdoor.de/job-listing/senior-ai-enablement-manager-mwd-iu-internationale-hochschule-JV_IC2587487_KO0,32_KE33,61.htm?jl=1010098989770"
1010082071188,Duales Studium (m/w/d),A.I. Fitness GmbH,Stadtbergen,,,,,EUR,True,,,,,"https://www.glassdoor.de/job-listing/duales-studium-mwd-ai-management-JV_IC2745917_KO0,18_KE19,32.htm?jl=1010082071188"
1010108193111,Anlagenmechaniker SHK / Heizungsbauer (m/w/d) – Wärmepumpen - Süd-Bayern,Octopus Energy Group,Augsburg,,,,,EUR,True,,,,,"https://www.glassdoor.de/job-listing/anlagenmechaniker-shk-heizungsbauer-mwd-wärmepumpen-süd-bayern-octopus-energy-JV_IC2587487_KO0,62_KE63,77.htm?jl=1010108193111"
1010109777098,Filialleiter (m/w/d),A.I. Fitness GmbH,Augsburg,,,,,EUR,True,,,,,"https://www.glassdoor.de/job-listing/filialleiter-mwd-ai-management-JV_IC2587487_KO0,16_KE17,30.htm?jl=1010109777098"
1010124679301,AI & Software Engineer (m/w/d),makandra GmbH,Augsburg,,,,,EUR,True,,,,,"https://www.glassdoor.de/job-listing/ai-software-engineer-mwd-makandra-gmbh-JV_IC2587487_KO0,24_KE25,38.htm?jl=1010124679301"
1010046097876,Senior Employer Relations Manager (m/w/d) Teilzeit (20h/Woche),IU Internationale Hochschule,Augsburg,,,,,EUR,False,,,,,"https://www.glassdoor.de/job-listing/senior-employer-relations-manager-mwd-teilzeit-20h-woche-iu-internationale-hochschule-JV_IC2587487_KO0,56_KE57,85.htm?jl=1010046097876"
1010126743341,Consultant (m/w/d) Werkstattnetzwerk Identica,Axalta Coat. Sys. Germany,Maisach,,,,,EUR,True,,,,,"https://www.glassdoor.de/job-listing/consultant-mwd-werkstattnetzwerk-identica-axalta-JV_IC2736746_KO0,41_KE42,48.htm?jl=1010126743341"
1010116956686,KI-Entwickler Geschäftsprozess Innovation (m/w/d),KNDS Deutschland,München,,,,,EUR,True,,,,,"https://www.glassdoor.de/job-listing/ki-entwickler-geschäftsprozess-innovation-mwd-knds-JV_IC4990924_KO0,45_KE46,50.htm?jl=1010116956686"
1009998193957,Fitnesstrainer Teilzeit (m/w/d),A.I. Fitness GmbH,Stadtbergen,,,,,EUR,True,,,,,"https://www.glassdoor.de/job-listing/fitnesstrainer-teilzeit-mwd-ai-management-JV_IC2745917_KO0,27_KE28,41.htm?jl=1009998193957"
1010125115520,Elektriker*in / Elektroniker*in (m/w/d) - Smart Meter - Region Augsburg,Octopus Energy Group,Augsburg,,,,,EUR,True,,,,,"https://www.glassdoor.de/job-listing/elektriker-in-elektroniker-in-mwd-smart-meter-region-augsburg-octopus-energy-JV_IC2587487_KO0,61_KE62,76.htm?jl=1010125115520"
1010107896718,Elektriker*in / Elektroniker*in (m/w/d) - Wärmepumpen - Süd-Bayern,Octopus Energy Group,Augsburg,,,,,EUR,True,,,,,"https://www.glassdoor.de/job-listing/elektriker-in-elektroniker-in-mwd-wärmepumpen-süd-bayern-octopus-energy-JV_IC2587487_KO0,56_KE57,71.htm?jl=1010107896718"
1010085182436,AI Engineer (Python/React) (m/w/d) - German C1 - Only Senior Level,Tech Punk GmbH,Bayern,,,,,EUR,True,,,,,"https://www.glassdoor.de/job-listing/ai-engineer-python-react-mwd-german-c1-only-senior-level-tech-punk-gmbh-JV_KO0,56_KE57,71.htm?jl=1010085182436"
1010082071150,Ausbildung Sport- und Fitnesskaufmann (m/w/d),A.I. Fitness GmbH,Stadtbergen,,,,,EUR,True,,,,,"https://www.glassdoor.de/job-listing/ausbildung-sport-und-fitnesskaufmann-mwd-ai-management-JV_IC2745917_KO0,40_KE41,54.htm?jl=1010082071150"
1010107896725,Elektriker*in / Elektroniker*in (m/w/d) - Wärmepumpen - Süd-Bayern,Octopus Energy Group,Fürstenfeldbruck,,,,,EUR,True,,,,,"https://www.glassdoor.de/job-listing/elektriker-in-elektroniker-in-mwd-wärmepumpen-süd-bayern-octopus-energy-JV_IC2832116_KO0,56_KE57,71.htm?jl=1010107896725"
1010108193117,Anlagenmechaniker SHK / Heizungsbauer (m/w/d) – Wärmepumpen - Süd-Bayern,Octopus Energy Group,Fürstenfeldbruck,,,,,EUR,True,,,,,"https://www.glassdoor.de/job-listing/anlagenmechaniker-shk-heizungsbauer-mwd-wärmepumpen-süd-bayern-octopus-energy-JV_IC2832116_KO0,62_KE63,77.htm?jl=1010108193117"
1010078768897,Software Engineer (m/w/d),catchHR,Fürstenfeldbruck,,,,,EUR,True,,,,,"https://www.glassdoor.de/job-listing/software-engineer-mwd-catchhr-JV_IC2832116_KO0,21_KE22,29.htm?jl=1010078768897"
1010108193131,Bauhandwerker | Tiefbauer | GaLaBauer | Maurer (m/w/d) - Wärmepumpen Großraum München,Octopus Energy Group,Fürstenfeldbruck,,,,,EUR,True,,,,,"https://www.glassdoor.de/job-listing/bauhandwerker-tiefbauer-galabauer-maurer-mwd-wärmepumpen-großraum-münchen-octopus-energy-JV_IC2832116_KO0,73_KE74,88.htm?jl=1010108193131"
1010108193087,Servicetechniker Wärmepumpe / Anlagenmechaniker SHK (m/w/d) – Süd-Bayern,Octopus Energy Group,Fürstenfeldbruck,,,,,EUR,True,,,,,"https://www.glassdoor.de/job-listing/servicetechniker-wärmepumpe-anlagenmechaniker-shk-mwd-süd-bayern-octopus-energy-JV_IC2832116_KO0,64_KE65,79.htm?jl=1010108193087"
1010043534245,Technical Content Specialist - AI Focus (m/w/d),CADENAS GmbH,Augsburg,,,,,EUR,False,,,,,"https://www.glassdoor.de/job-listing/technical-content-specialist-ai-focus-mwd-cadenas-JV_IC2587487_KO0,41_KE42,49.htm?jl=1010043534245"
1010123617318,AI Engineer (all genders),baramundi software GmbH,Augsburg,,,,,EUR,True,,,,,"https://www.glassdoor.de/job-listing/ai-engineer-all-genders-baramundi-software-JV_IC2587487_KO0,23_KE24,42.htm?jl=1010123617318"
1010126577487,HR Process & HRIS Specialist – Automation & AI Enablement (m/f/d),PATRIZIA SE,Augsburg,,,,,EUR,False,,,,,"https://www.glassdoor.de/job-listing/hr-process-hris-specialist-automation-ai-enablement-mfd-patrizia-immobilien-JV_IC2587487_KO0,55_KE56,75.htm?jl=1010126577487"
1010122784656,Portfolio & AI Agent Architect (m/w/d),q.beyond AG,Augsburg,,,,,EUR,False,,,,,"https://www.glassdoor.de/job-listing/portfolio-ai-agent-architect-mwd-q-beyond-ag-JV_IC2587487_KO0,32_KE33,44.htm?jl=1010122784656"
1009290017117,"Junior Projektentwickler (m/w/d) für den Bereich Life Science, AI, High-Tech Quartiere",asto Group,Deutschland,,,,,EUR,False,,,,,"https://www.glassdoor.de/job-listing/junior-projektentwickler-mwd-für-den-bereich-life-science-ai-high-tech-quartiere-asto-group-JV_KO0,80_KE81,91.htm?jl=1009290017117"
1009972660735,Masterarbeit: Foundation Models (Embodied AI) für ein Fahrzeug Docking-Manöver (w/m/d),Deutsches Zentrum für Luft- und Raumfahrt e. V. (DLR),Deutschland,,,,,EUR,False,,,,,"https://www.glassdoor.de/job-listing/masterarbeit-foundation-models-embodied-ai-für-ein-fahrzeug-docking-manöver-wmd-dlr-JV_KO0,79_KE80,83.htm?jl=1009972660735"
1010117360769,Werkstudent im Bereich Learning - Data & AI (m/w/d),Everllence SE,Augsburg,,,,,EUR,False,,,,,"https://www.glassdoor.de/job-listing/werkstudent-im-bereich-learning-data-ai-mwd-everllence-se-JV_IC2587487_KO0,43_KE44,57.htm?jl=1010117360769"
1010127744767,Quereinsteiger (m/w/d) GenAI Engineering,MSIT GmbH,Augsburg,,,,,EUR,True,,,,,"https://www.glassdoor.de/job-listing/quereinsteiger-mwd-genai-engineering-msit-JV_IC2587487_KO0,36_KE37,41.htm?jl=1010127744767"
1010102928779,Intern / Working Student Learning Content Creation / Training Development in Human Resources,"TTI, Inc. (European Operations Center, Maisach)",Maisach,,,,,EUR,False,,,,,"https://www.glassdoor.de/job-listing/intern-working-student-learning-content-creation-training-development-in-human-resources-tti-europe-JV_IC2736746_KO0,88_KE89,99.htm?jl=1010102928779"
1010125460408,Test- und Validierungsingenieur IoT (m/w/d),engineering people GmbH,Kaufering,,,,,EUR,True,,,,,"https://www.glassdoor.de/job-listing/test-und-validierungsingenieur-iot-mwd-engineering-people-JV_IC2740560_KO0,38_KE39,57.htm?jl=1010125460408"
1010121770151,Filialleiter (m/w/d),A.I. Fitness GmbH,Augsburg,,,,,EUR,False,,,,,"https://www.glassdoor.de/job-listing/filialleiter-mwd-ai-management-JV_IC2587487_KO0,16_KE17,30.htm?jl=1010121770151"
1009290017125,"Junior Projektleiter (m/w/d) für den Bereich Life Science, AI, High-Tech Quartiere",asto Group,Deutschland,,,,,EUR,False,,,,,"https://www.glassdoor.de/job-listing/junior-projektleiter-mwd-für-den-bereich-life-science-ai-high-tech-quartiere-asto-group-JV_KO0,76_KE77,87.htm?jl=1009290017125"
1010110890169,"Germany Residents - Survey Participants - Augsburg, Germany",Prolific Academic Ltd,Augsburg,,,,,EUR,True,,,,,"https://www.glassdoor.de/job-listing/germany-residents-survey-participants-augsburg-germany-prolific-JV_IC2587487_KO0,54_KE55,63.htm?jl=1010110890169"
1010016301981,Process Automation Specialist - AI (m/w/d),Andreas Schmid Group,Gersthofen,,,,,EUR,False,,,,,"https://www.glassdoor.de/job-listing/process-automation-specialist-ai-mwd-andreas-schmid-logistik-JV_IC2758764_KO0,36_KE37,60.htm?jl=1010016301981"
1010057161690,Werkstudent (m/w/d) Produktmanagement AI-Automation Mietwagen,CHECK24 Travel,Augsburg,,,,,EUR,False,,,,,"https://www.glassdoor.de/job-listing/werkstudent-mwd-produktmanagement-ai-automation-mietwagen-check24-JV_IC2587487_KO0,57_KE58,65.htm?jl=1010057161690"
1009969545848,(Junior) Produktmanager (m/w/d) AI-basierte Self Services – Frontend & Backend Mietwagen,CHECK24 Travel,Augsburg,,,,,EUR,False,,,,,"https://www.glassdoor.de/job-listing/junior-produktmanager-mwd-ai-basierte-self-services-frontend-backend-mietwagen-check24-JV_IC2587487_KO0,78_KE79,86.htm?jl=1009969545848"
1009969554703,(Junior) Produktmanager (m/w/d) UX/UI & AI-Experience Mietwagen,CHECK24 Travel,Augsburg,,,,,EUR,False,,,,,"https://www.glassdoor.de/job-listing/junior-produktmanager-mwd-ux-ui-ai-experience-mietwagen-check24-JV_IC2587487_KO0,55_KE56,63.htm?jl=1009969554703"
1010083960806,Dein Karrieresprung: KI-Spezialist (m/w/d) – Jetzt einsteigen und starten!,Syntex GmbH,Augsburg,,,,,EUR,True,,,,,"https://www.glassdoor.de/job-listing/dein-karrieresprung-ki-spezialist-mwd-jetzt-einsteigen-und-starten-syntex-JV_IC2587487_KO0,66_KE67,73.htm?jl=1010083960806"
1009969581316,(Junior) AI-Automation Manager (m/w/d) Mietwagen,CHECK24 Travel,Augsburg,,,,,EUR,False,,,,,"https://www.glassdoor.de/job-listing/junior-ai-automation-manager-mwd-mietwagen-check24-JV_IC2587487_KO0,42_KE43,50.htm?jl=1009969581316"
1010005045524,Manager IT Service Desk (m/f/d) - Augsburg,IGEL Technology GmbH,Augsburg,,,,,EUR,False,,,,,"https://www.glassdoor.de/job-listing/manager-it-service-desk-mfd-augsburg-igel-JV_IC2587487_KO0,36_KE37,41.htm?jl=1010005045524"
1009969563712,(Junior) Data Scientist (m/w/d) – Fokus auf Recommender Systems und Ranking-Probleme Mietwagen,CHECK24 Travel,Augsburg,,,,,EUR,False,,,,,"https://www.glassdoor.de/job-listing/junior-data-scientist-mwd-fokus-auf-recommender-systems-und-ranking-probleme-mietwagen-check24-JV_IC2587487_KO0,86_KE87,94.htm?jl=1009969563712"
1010123835355,Anwendungstechniker (m/w/d) Werkzeug- & Formenbau | Bad Tölz / Rosenheim / Traunstein,MOLDINO Tool Engineering Europe GmbH,München,,,,,EUR,False,,,,,"https://www.glassdoor.de/job-listing/anwendungstechniker-mwd-werkzeug-formenbau-bad-tölz-rosenheim-traunstein-mitsubishi-JV_IC4990924_KO0,72_KE73,83.htm?jl=1010123835355"
1010114729269,Teamleitung Elektronik (m/w/d),VERMES Microdispensing GmbH,Holzkirchen,,,,,EUR,False,,,,,"https://www.glassdoor.de/job-listing/teamleitung-elektronik-mwd-vermes-microdispensing-JV_IC2831622_KO0,26_KE27,49.htm?jl=1010114729269"
1010007348452,WIG-Schweisser & Schweissaufsicht (a) in der Schweiz,Pilatus Aircraft Ltd,München,,,,,EUR,False,,,,,"https://www.glassdoor.de/job-listing/wig-schweisser-schweissaufsicht-a-in-der-schweiz-pilatus-aircraft-ltd-JV_IC4990924_KO0,48_KE49,69.htm?jl=1010007348452"
1010127801407,Senior Account Solution Engineer - Mid-Market Germany,Salesforce,München,,,,,EUR,False,,,,,"https://www.glassdoor.de/job-listing/senior-account-solution-engineer-mid-market-germany-salesforce-JV_IC4990924_KO0,51_KE52,62.htm?jl=1010127801407"
1010075633460,Teamleiter Mechaniker in der Schweiz (m/w/d),Pilatus Aircraft Ltd,München,,,,,EUR,False,,,,,"https://www.glassdoor.de/job-listing/teamleiter-mechaniker-in-der-schweiz-mwd-pilatus-aircraft-ltd-JV_IC4990924_KO0,40_KE41,61.htm?jl=1010075633460"
1010051011179,Elektriker Schaltschrankbau (m/w/d),VERMES Microdispensing GmbH,Holzkirchen,,,,,EUR,False,,,,,"https://www.glassdoor.de/job-listing/elektriker-schaltschrankbau-mwd-vermes-microdispensing-JV_IC2831622_KO0,31_KE32,54.htm?jl=1010051011179"
1010124719371,Triebwerk Mechaniker (a) in der Schweiz,Pilatus Aircraft Ltd,München,,,,,EUR,False,,,,,"https://www.glassdoor.de/job-listing/triebwerk-mechaniker-a-in-der-schweiz-pilatus-aircraft-ltd-JV_IC4990924_KO0,37_KE38,58.htm?jl=1010124719371"
1010124719374,Triebwerk Mechaniker in der Schweiz (m/w/d),Pilatus Aircraft Ltd,München,,,,,EUR,False,,,,,"https://www.glassdoor.de/job-listing/triebwerk-mechaniker-in-der-schweiz-mwd-pilatus-aircraft-ltd-JV_IC4990924_KO0,39_KE40,60.htm?jl=1010124719374"
1009999139422,"MFA oder MTRA (m/w/d) - optional Stellvertretung - für unsere Funktionsdiagnostik in Voll- oder Teilzeit, befristet",Benedictus Krankenhaus Feldafing GmbH & Co. KG,Feldafing,,,,,EUR,True,,,,,"https://www.glassdoor.de/job-listing/mfa-oder-mtra-mwd-optional-stellvertretung-für-unsere-funktionsdiagnostik-in-voll-oder-teilzeit-befristet-artemed-JV_IC2838706_KO0,105_KE106,113.htm?jl=1009999139422"
1010024489550,Physiotherapeutin (m/w/d),Stiftung ICP München,München,,,,,EUR,False,,,,,"https://www.glassdoor.de/job-listing/physiotherapeutin-mwd-stiftung-icp-münchen-JV_IC4990924_KO0,21_KE22,42.htm?jl=1010024489550"
1010104331664,Medizinisch-technische Assistenz für Funktionsdiagnostik (w/m/d),München Klinik gGmbH,München,,,,,EUR,False,,,,,"https://www.glassdoor.de/job-listing/medizinisch-technische-assistenz-für-funktionsdiagnostik-wmd-münchen-klinik-JV_IC4990924_KO0,60_KE61,75.htm?jl=1010104331664"
1010075633457,Teamleiter Elektriker in der Schweiz (m/w/d) (a),Pilatus Aircraft Ltd,Deutschland,,,,,EUR,False,,,,,"https://www.glassdoor.de/job-listing/teamleiter-elektriker-in-der-schweiz-mwda-pilatus-aircraft-ltd-JV_KO0,41_KE42,62.htm?jl=1010075633457"
1010075633470,Mechaniker in der Schweiz (m/w/d),Pilatus Aircraft Ltd,München,,,,,EUR,False,,,,,"https://www.glassdoor.de/job-listing/mechaniker-in-der-schweiz-mwd-pilatus-aircraft-ltd-JV_IC4990924_KO0,29_KE30,50.htm?jl=1010075633470"
1009542180497,Heilerziehungspfleger / Erzieher (m/w/d),Blindeninstitutsstiftung,München,,,,,EUR,False,,,,,"https://www.glassdoor.de/job-listing/heilerziehungspfleger-erzieher-mwd-blindeninstitutsstiftung-JV_IC4990924_KO0,34_KE35,59.htm?jl=1009542180497"
1010068586698,Senior EAM Consultant (f/m/d),LUY GmbH,Deutschland,,,,,EUR,False,,,,,"https://www.glassdoor.de/job-listing/senior-eam-consultant-fmd-luy-gmbh-JV_KO0,25_KE26,34.htm?jl=1010068586698"
1010100586008,Fachärztin / Facharzt (w/m/d) Laboratoriumsmedizin,München Klinik gGmbH,München,,,,,EUR,False,,,,,"https://www.glassdoor.de/job-listing/fachärztin-facharzt-wmd-laboratoriumsmedizin-münchen-klinik-JV_IC4990924_KO0,44_KE45,59.htm?jl=1010100586008"
1010108854743,Laborhilfe (m/w/d) für unseren Probeneingang,Labor Becker MVZ eGbR,München,,,,,EUR,False,,,,,"https://www.glassdoor.de/job-listing/laborhilfe-mwd-für-unseren-probeneingang-laboratory-becker-kollegen-JV_IC4990924_KO0,40_KE41,67.htm?jl=1010108854743"
1010124768715,Case Managerin / Case Manager (w/m/d) Gynäkologie und Geburtshilfe,München Klinik gGmbH,München,,,,,EUR,False,,,,,"https://www.glassdoor.de/job-listing/case-managerin-case-manager-wmd-gynäkologie-und-geburtshilfe-münchen-klinik-JV_IC4990924_KO0,60_KE61,75.htm?jl=1010124768715"
1010109579523,Vertriebsmitarbeiter/Teamleiter (m/w/d) freiberuflich im Außendienst,MOBIL Sport- und Öffentlichkeitswerbung GmbH,München,,,,,EUR,False,,,,,"https://www.glassdoor.de/job-listing/vertriebsmitarbeiter-teamleiter-mwd-freiberuflich-im-außendienst-mobil-sport-und-öffentlichkeitswerbung-gmbh-JV_IC4990924_KO0,64_KE65,108.htm?jl=1010109579523"
1010107911750,MTL oder Biologe (m/w/d) für die Leukämie- und Lymphomdiagnostik,Labor Becker MVZ eGbR,München,,,,,EUR,False,,,,,"https://www.glassdoor.de/job-listing/mtl-oder-biologe-mwd-für-die-leukämie-und-lymphomdiagnostik-laboratory-becker-kollegen-JV_IC4990924_KO0,59_KE60,86.htm?jl=1010107911750"
1010122493475,Kundendienstmonteur (m/w/d),VS Vereinigte Spezialmöbelfabriken GmbH & Co. KG,München,,,,,EUR,False,,,,,"https://www.glassdoor.de/job-listing/kundendienstmonteur-mwd-vs-vereinigte-spezialmöbelfabriken-JV_IC4990924_KO0,23_KE24,58.htm?jl=1010122493475"
1010068584895,Senior Partner Sales Manager (f/d/m),LUY GmbH,Deutschland,,,,,EUR,False,,,,,"https://www.glassdoor.de/job-listing/senior-partner-sales-manager-fdm-luy-gmbh-JV_KO0,32_KE33,41.htm?jl=1010068584895"
1010116115030,Customer Experience Advisor,Corston Architectural Detail,München,,,,,EUR,False,,,,,"https://www.glassdoor.de/job-listing/customer-experience-advisor-corston-JV_IC4990924_KO0,27_KE28,35.htm?jl=1010116115030"
1009824381809,Sicherheits- und Umweltingenieur (w/m/d),HENSOLDT Sensors GmbH,Taufkirchen,,,,,EUR,False,,,,,"https://www.glassdoor.de/job-listing/sicherheits-und-umweltingenieur-wmd-hensoldt-JV_IC2489360_KO0,35_KE36,44.htm?jl=1009824381809"
1010123372711,Bilingual Tutor (English/German) - AI Trainer,DataAnnotation,München,,,,,EUR,False,,,,,"https://www.glassdoor.de/job-listing/bilingual-tutor-english-german-ai-trainer-dataannotation-JV_IC4990924_KO0,41_KE42,56.htm?jl=1010123372711"
1010046006950,Ausbildung zur Fachkraft für Lebensmitteltechnik (m/w/d) / Ausbildung zum Maschinen- und Anlagenführer (m/w/d),Kugler Feinkost GmbH,Deutschland,,,,,EUR,False,,,,,"https://www.glassdoor.de/job-listing/ausbildung-zur-fachkraft-für-lebensmitteltechnik-mwd-ausbildung-zum-maschinen-und-anlagenführer-mwd-kugler-feinkost-gmbh-JV_KO0,99_KE100,120.htm?jl=1010046006950"
1010046292904,"Bereichsleitung Physiotherapie/ Ergotherapie (m/w/d) für die Geriatrie in Vollzeit, unbefristet",Benedictus Krankenhaus Feldafing GmbH & Co. KG,Feldafing,,,,,EUR,True,,,,,"https://www.glassdoor.de/job-listing/bereichsleitung-physiotherapie-ergotherapie-mwd-für-die-geriatrie-in-vollzeit-unbefristet-artemed-JV_IC2838706_KO0,89_KE90,97.htm?jl=1010046292904"
1010085872109,Senior HR Business Partner Munich m/f/d,PeopleX,München,,,,,EUR,False,,,,,"https://www.glassdoor.de/job-listing/senior-hr-business-partner-munich-mfd-peoplex-JV_IC4990924_KO0,37_KE38,45.htm?jl=1010085872109"
1010124935282,Senior Project Leader for Mixed Signal IP (f/m/div),Infineon Technologies AG,München,,,,,EUR,False,,,,,"https://www.glassdoor.de/job-listing/senior-project-leader-for-mixed-signal-ip-fm-div-infineon-technologies-JV_IC4990924_KO0,48_KE49,70.htm?jl=1010124935282"
1010123362515,Bilingual Content Writer (English/German) - AI Trainer,DataAnnotation,München,,,,,EUR,False,,,,,"https://www.glassdoor.de/job-listing/bilingual-content-writer-english-german-ai-trainer-dataannotation-JV_IC4990924_KO0,50_KE51,65.htm?jl=1010123362515"
1010053150596,❤️Exam. Pflegefachkraft (m/w/d) 1:1 Kinderintensivpflege❤️,Deutsche Fachpflege Holding GmbH,München,,,,,EUR,False,,,,,"https://www.glassdoor.de/job-listing/-exam-pflegefachkraft-mwd-1-1-kinderintensivpflege-deutsche-fachpflege-gruppe-JV_IC4990924_KO0,50_KE51,77.htm?jl=1010053150596"
1010107923235,"Account Executive (m/w/d) DACH - Dublin, Irland -(Umzugkosten nach Dublin, Irland werden übernommen)",Indeed,München,,,,,EUR,True,,,,,"https://www.glassdoor.de/job-listing/account-executive-mwd-dach-dublin-irland-umzugkosten-nach-dublin-irland-werden-übernommen-indeed-JV_IC4990924_KO0,89_KE90,96.htm?jl=1010107923235"
1010100235048,"CTA, BTA, MTL / MTLA, MTV oder Biologe (m/w/d) für unsere Klinische Chemie & Gerinnung",Labor Becker MVZ eGbR,München,,,,,EUR,False,,,,,"https://www.glassdoor.de/job-listing/cta-bta-mtl-mtla-mtv-oder-biologe-mwd-für-unsere-klinische-chemie-gerinnung-laboratory-becker-kollegen-JV_IC4990924_KO0,75_KE76,102.htm?jl=1010100235048"
1010104330848,Lackierer (m/w/d) Schienenfahrzeuge,Siemens Mobility GmbH,München,,,,,EUR,True,,,,,"https://www.glassdoor.de/job-listing/lackierer-mwd-schienenfahrzeuge-siemens-JV_IC4990924_KO0,31_KE32,39.htm?jl=1010104330848"
1009965103384,Augenoptiker (m/w/d) oder Verkäufer – Optik (m/w/d),Apollo-Optik Holding GmbH & Co. KG,München,,,,,EUR,False,,,,,"https://www.glassdoor.de/job-listing/augenoptiker-mwd-oder-verkäufer-optik-mwd-apollo-optik-JV_IC4990924_KO0,41_KE42,54.htm?jl=1009965103384"
1009927447901,Augenoptiker (m/w/d) oder Verkäufer – Optik (m/w/d),Apollo-Optik Holding GmbH & Co. KG,München,,,,,EUR,False,,,,,"https://www.glassdoor.de/job-listing/augenoptiker-mwd-oder-verkäufer-optik-mwd-apollo-optik-JV_IC4990924_KO0,41_KE42,54.htm?jl=1009927447901"
1009923916247,(Senior) Consultant (gn) Specialists in Industry and Production,Gi Group Deutschland GmbH,München,,,,,EUR,True,,,,,"https://www.glassdoor.de/job-listing/senior-consultant-gn-specialists-in-industry-and-production-gi-group-holding-JV_IC4990924_KO0,59_KE60,76.htm?jl=1009923916247"
1010118792186,PRODUCT SUPPORT SPECIALIST (M/W/D) SPORT & FITNESS WEARABLES,Garmin,München,,,,,EUR,False,,,,,"https://www.glassdoor.de/job-listing/product-support-specialist-mwd-sport-fitness-wearables-garmin-JV_IC4990924_KO0,54_KE55,61.htm?jl=1010118792186"
1010013606217,MTRA / MT-R (m/w/d) Vollzeit,Internistisches Klinikum München Süd,München,,,,,EUR,True,,,,,"https://www.glassdoor.de/job-listing/mtra-mt-rmwd-vollzeit-internistisches-klinikum-münchen-süd-JV_IC4990924_KO0,21_KE22,58.htm?jl=1010013606217"
1009973996030,Augenoptiker (m/w/d) oder Verkäufer – Optik (m/w/d),Apollo-Optik Holding GmbH & Co. KG,Deutschland,,,,,EUR,False,,,,,"https://www.glassdoor.de/job-listing/augenoptiker-mwd-oder-verkäufer-optik-mwd-apollo-optik-JV_KO0,41_KE42,54.htm?jl=1009973996030"
1009829008867,Operationstechnischer Assistent / OTA (m/w/d) Willkommensprämie / keine Wochenendarbeit,anest Gruppe,München,,,,,EUR,True,,,,,"https://www.glassdoor.de/job-listing/operationstechnischer-assistent-ota-mwd-willkommensprämie-keine-wochenendarbeit-anest-gruppe-JV_IC4990924_KO0,79_KE80,92.htm?jl=1009829008867"
1010057404099,Staff Engineer Physical Verification Methodologies (f/m/div),Infineon Technologies AG,Deutschland,,,,,EUR,False,,,,,"https://www.glassdoor.de/job-listing/staff-engineer-physical-verification-methodologies-fm-div-infineon-technologies-JV_KO0,57_KE58,79.htm?jl=1010057404099"
1010128881881,"Senior Director IT Architecture Management – Sales, Marketing & Analytics (f/m/div)",Infineon Technologies AG,München,,,,,EUR,False,,,,,"https://www.glassdoor.de/job-listing/senior-director-it-architecture-management-sales-marketing-analytics-fm-div-infineon-technologies-JV_IC4990924_KO0,75_KE76,97.htm?jl=1010128881881"
1010123598296,Volljurist – Exportkontrolle (all genders),Fraunhofer-Gesellschaft e.V.,München,,,,,EUR,False,,,,,"https://www.glassdoor.de/job-listing/volljurist-exportkontrolle-all-genders-fraunhofer-gesellschaft-JV_IC4990924_KO0,38_KE39,62.htm?jl=1010123598296"
1010051023574,Elektriker (m/w/d),VERMES Microdispensing GmbH,Holzkirchen,,,,,EUR,False,,,,,"https://www.glassdoor.de/job-listing/elektriker-mwd-vermes-microdispensing-JV_IC2831622_KO0,14_KE15,37.htm?jl=1010051023574"
1010115685250,Senior Social Advertising Manager (m/w/d),TERRITORY MEDIA GmbH,München,,,,,EUR,False,,,,,"https://www.glassdoor.de/job-listing/senior-social-advertising-manager-mwd-territory-content-to-results-JV_IC4990924_KO0,37_KE38,66.htm?jl=1010115685250"
1010101668450,STAFF SYSTEMS ENGINEER (M/W/D) - AUTOMOTIVE OEM,Garmin,München,,,,,EUR,False,,,,,"https://www.glassdoor.de/job-listing/staff-systems-engineer-mwd-automotive-oem-garmin-JV_IC4990924_KO0,41_KE42,48.htm?jl=1010101668450"
1009531915076,Gesundheits- und Krankenpfleger OP / GuK | OTA (m/w/d) mit Willkommensprämie,MVZ Periop GmbH,München,,,,,EUR,True,,,,,"https://www.glassdoor.de/job-listing/gesundheits-und-krankenpfleger-op-guk-ota-mwd-mit-willkommensprämie-mvz-periop-gmbh-JV_IC4990924_KO0,67_KE68,83.htm?jl=1009531915076"
1010086622298,Leitung Medizincontrolling (m/w/d) - Prozesse gestalten. Zukunft sichern.,Internistisches Klinikum München Süd,München,,,,,EUR,True,,,,,"https://www.glassdoor.de/job-listing/leitung-medizincontrolling-mwd-prozesse-gestalten-zukunft-sichern-internistisches-klinikum-münchen-süd-JV_IC4990924_KO0,65_KE66,102.htm?jl=1010086622298"
1010103026533,Personalreferent (m/w/d),Amper Kliniken AG,Dachau,,,,,EUR,False,,,,,"https://www.glassdoor.de/job-listing/personalreferent-mwd-helios-kliniken-JV_IC2548176_KO0,20_KE21,36.htm?jl=1010103026533"
1010120630668,IT Servicemanager für BayernCloud Schule (w/m/d),"Landesamt für Digitalisierung, Breitband und Vermessung",München,,,,,EUR,False,,,,,"https://www.glassdoor.de/job-listing/it-servicemanager-für-bayerncloud-schule-wmd-landesamt-für-digitalisierung-breitband-und-vermessung-JV_IC4990924_KO0,44_KE45,99.htm?jl=1010120630668"
1010109150607,Laborhilfe (m/w/d) für unsere Zytologietechnik,Labor Becker MVZ eGbR,München,,,,,EUR,False,,,,,"https://www.glassdoor.de/job-listing/laborhilfe-mwd-für-unsere-zytologietechnik-laboratory-becker-kollegen-JV_IC4990924_KO0,42_KE43,69.htm?jl=1010109150607"
1010114199674,LKW-Fahrer im Nahverkehr (m/w/d),REMONDIS Süd GmbH,Weßling,,,,,EUR,False,,,,,"https://www.glassdoor.de/job-listing/lkw-fahrer-im-nahverkehr-mwd-remondis-gruppe-JV_IC2486125_KO0,28_KE29,44.htm?jl=1010114199674"
1010114199612,LKW-Fahrer im Nahverkehr (m/w/d),REMONDIS Süd GmbH,Weßling,,,,,EUR,False,,,,,"https://www.glassdoor.de/job-listing/lkw-fahrer-im-nahverkehr-mwd-remondis-gruppe-JV_IC2486125_KO0,28_KE29,44.htm?jl=1010114199612"
1010114199611,LKW-Fahrer im Nahverkehr (m/w/d),REMONDIS Süd GmbH,Weßling,,,,,EUR,False,,,,,"https://www.glassdoor.de/job-listing/lkw-fahrer-im-nahverkehr-mwd-remondis-gruppe-JV_IC2486125_KO0,28_KE29,44.htm?jl=1010114199611"
1010078806632,Auftragsmanager für die Versicherungsabteilung - Krailling (m/w/d),Vonovia,München,,,,,EUR,False,,,,,"https://www.glassdoor.de/job-listing/auftragsmanager-für-die-versicherungsabteilung-krailling-mwd-vonovia-JV_IC4990924_KO0,60_KE61,68.htm?jl=1010078806632"
1010110650509,Laborhilfe (m/w/d) für die Probenverteilung,Labor Becker MVZ eGbR,München,,,,,EUR,False,,,,,"https://www.glassdoor.de/job-listing/laborhilfe-mwd-für-die-probenverteilung-laboratory-becker-kollegen-JV_IC4990924_KO0,39_KE40,66.htm?jl=1010110650509"
1009681318143,Schweißer (m/w/d),Siemens Mobility GmbH,München,,,,,EUR,True,,,,,"https://www.glassdoor.de/job-listing/schweißer-mwd-siemens-JV_IC4990924_KO0,13_KE14,21.htm?jl=1009681318143"
1009681302308,Schlosser (m/w/d),Siemens Mobility GmbH,München,,,,,EUR,True,,,,,"https://www.glassdoor.de/job-listing/schlosser-mwd-siemens-JV_IC4990924_KO0,13_KE14,21.htm?jl=1009681302308"
1010072601707,Senior Regional Marketing Manager EMEA (d/m/f),ams-OSRAM AG,Deutschland,,,,,EUR,False,,,,,"https://www.glassdoor.de/job-listing/senior-regional-marketing-manager-emea-dmf-ams-osram-JV_KO0,42_KE43,52.htm?jl=1010072601707"
1009927447971,Erzieher*in / pädagogische Fachkraft (w/m/d),Landeshauptstadt München,München,,,,,EUR,False,,,,,"https://www.glassdoor.de/job-listing/erzieher-in-pädagogische-fachkraft-wmd-landeshauptstadt-münchen-JV_IC4990924_KO0,38_KE39,63.htm?jl=1009927447971"
1010074967905,Junior Assistant Manager (M/W/D),Big Squadra,München,,,,,EUR,True,,,,,"https://www.glassdoor.de/job-listing/junior-assistant-manager-mwd-big-mamma-group-JV_IC4990924_KO0,28_KE29,44.htm?jl=1010074967905"
1009992917541,Filialleiter*in Autovermietung (w/m/d),Europcar,München,,,,,EUR,False,,,,,"https://www.glassdoor.de/job-listing/filialleiter-in-autovermietung-wmd-europcar-mobility-group-JV_IC4990924_KO0,34_KE35,58.htm?jl=1009992917541"
1010116243666,Anlagenverantwortliche / Anlagenverantwortlicher Heizung (w/m/d),München Klinik gGmbH,München,,,,,EUR,False,,,,,"https://www.glassdoor.de/job-listing/anlagenverantwortliche-anlagenverantwortlicher-heizung-wmd-münchen-klinik-JV_IC4990924_KO0,58_KE59,73.htm?jl=1010116243666"
1009998759753,Senior Manager International Tax (w/m/div),Infineon Technologies AG,München,,,,,EUR,False,,,,,"https://www.glassdoor.de/job-listing/senior-manager-international-tax-wm-div-infineon-technologies-JV_IC4990924_KO0,39_KE40,61.htm?jl=1009998759753"
1010104164033,Apple Specialist - Verkäuferin / Kundenberater Teilzeit (m/w/d) befristet,Apple,München,,,,,EUR,False,,,,,"https://www.glassdoor.de/job-listing/apple-specialist-verkäuferin-kundenberater-teilzeit-mwd-befristet-apple-JV_IC4990924_KO0,65_KE66,71.htm?jl=1010104164033"
1010104164018,Apple Specialist - Verkäuferin / Kundenberater Teilzeit (m/w/d) befristet,Apple,München,,,,,EUR,False,,,,,"https://www.glassdoor.de/job-listing/apple-specialist-verkäuferin-kundenberater-teilzeit-mwd-befristet-apple-JV_IC4990924_KO0,65_KE66,71.htm?jl=1010104164018"
1010083685470,Schweißer (m/w/d) in München,Siemens Mobility GmbH,München,,,,,EUR,True,,,,,"https://www.glassdoor.de/job-listing/schweißer-mwd-in-münchen-siemens-JV_IC4990924_KO0,24_KE25,32.htm?jl=1010083685470"
1010069245583,Global Product Marketing Director (d/m/f),ams-OSRAM AG,Deutschland,,,,,EUR,False,,,,,"https://www.glassdoor.de/job-listing/global-product-marketing-director-dmf-ams-osram-JV_KO0,37_KE38,47.htm?jl=1010069245583"
1010123698078,HR Manager People Strategy & Unlocking Potential for Central Europe,The Boston Consulting Group GmbH,München,,,,,EUR,False,,,,,"https://www.glassdoor.de/job-listing/hr-manager-people-strategy-unlocking-potential-for-central-europe-boston-consulting-group-JV_IC4990924_KO0,65_KE66,89.htm?jl=1010123698078"
1010114199470,Schlosser (m/w/d),XERVON Instandhaltung GmbH,München,,,,,EUR,False,,,,,"https://www.glassdoor.de/job-listing/schlosser-mwd-xervon-JV_IC4990924_KO0,13_KE14,20.htm?jl=1010114199470"
1010104164048,Apple Specialist - Kundenberater / Verkäufer Teilzeit (m/w/d) befristet,Apple,München,,,,,EUR,False,,,,,"https://www.glassdoor.de/job-listing/apple-specialist-kundenberater-verkäufer-teilzeit-mwd-befristet-apple-JV_IC4990924_KO0,63_KE64,69.htm?jl=1010104164048"
1010104164023,Apple Specialist - Kundenberater / Verkäufer Teilzeit (m/w/d) befristet,Apple,München,,,,,EUR,False,,,,,"https://www.glassdoor.de/job-listing/apple-specialist-kundenberater-verkäufer-teilzeit-mwd-befristet-apple-JV_IC4990924_KO0,63_KE64,69.htm?jl=1010104164023"
1009829019321,Operationstechnischer Assistent / OTA (m/w/d) Willkommensprämie / keine Wochenendarbeit,MVZ Periop GmbH,München,,,,,EUR,True,,,,,"https://www.glassdoor.de/job-listing/operationstechnischer-assistent-ota-mwd-willkommensprämie-keine-wochenendarbeit-mvz-periop-gmbh-JV_IC4990924_KO0,79_KE80,95.htm?jl=1009829019321"
1009025754394,Baumpfleger:in München,Vonovia,München,,,,,EUR,False,,,,,"https://www.glassdoor.de/job-listing/baumpfleger-in-münchen-vonovia-JV_IC4990924_KO0,22_KE23,30.htm?jl=1009025754394"
1009938348295,Kinder- und Jugendpsychotherapeut*in (w/m/d),München Klinik gGmbH,München,,,,,EUR,False,,,,,"https://www.glassdoor.de/job-listing/kinder-und-jugendpsychotherapeut-in-wmd-münchen-klinik-JV_IC4990924_KO0,39_KE40,54.htm?jl=1009938348295"
1010108126390,Inside Sales Representative Mil/Aero,Heilind Electronics GmbH,Bruckmühl,,,,,EUR,False,,,,,"https://www.glassdoor.de/job-listing/inside-sales-representative-mil-aero-heilind-electronics-JV_IC2686991_KO0,36_KE37,56.htm?jl=1010108126390"
1009954487271,Service Communciation Engineer Satcom (d/m/w),E Airbus Defence and Space GmbH,München,,,,,EUR,False,,,,,"https://www.glassdoor.de/job-listing/service-communciation-engineer-satcom-dmw-e-airbus-defence-and-space-gmbh-JV_IC4990924_KO0,41_KE42,73.htm?jl=1009954487271"
1009927447976,Kinderpfleger*in / pädagogische Ergänzungskraft (w/m/d),Landeshauptstadt München,München,,,,,EUR,False,,,,,"https://www.glassdoor.de/job-listing/kinderpfleger-in-pädagogische-ergänzungskraft-wmd-landeshauptstadt-münchen-JV_IC4990924_KO0,49_KE50,74.htm?jl=1009927447976"
1010114199646,Anlagenmechaniker (m/w/d),XERVON Instandhaltung GmbH,München,,,,,EUR,False,,,,,"https://www.glassdoor.de/job-listing/anlagenmechaniker-mwd-xervon-JV_IC4990924_KO0,21_KE22,28.htm?jl=1010114199646"
1009818999583,Augenoptikermeister (d/w/m),Apollo-Optik Holding GmbH & Co. KG,München,,,,,EUR,False,,,,,"https://www.glassdoor.de/job-listing/augenoptikermeister-dwm-apollo-optik-JV_IC4990924_KO0,23_KE24,36.htm?jl=1009818999583"
1010103072693,Teamassistenz (m/w/d) für Notarkostenprüfer,Notarkasse Anstalt des öffentlichen Rechts,München,,,,,EUR,False,,,,,"https://www.glassdoor.de/job-listing/teamassistenz-mwd-für-notarkostenprüfer-notarkasse-anstalt-des-öffentlichen-rechts-JV_IC4990924_KO0,39_KE40,82.htm?jl=1010103072693"
1010016411076,Principal Engineer IO Design,Infineon Technologies AG,München,,,,,EUR,False,,,,,"https://www.glassdoor.de/job-listing/principal-engineer-io-design-infineon-technologies-JV_IC4990924_KO0,28_KE29,50.htm?jl=1010016411076"
1010114199645,Teamleiter Schweißtechnik (m/w/d),XERVON Instandhaltung GmbH,Oberding,,,,,EUR,False,,,,,"https://www.glassdoor.de/job-listing/teamleiter-schweißtechnik-mwd-xervon-JV_IC2499004_KO0,29_KE30,36.htm?jl=1010114199645"
1010106641074,Augenoptikermeister (d/w/m),Apollo-Optik Holding GmbH & Co. KG,Unterschleißheim,,,,,EUR,False,,,,,"https://www.glassdoor.de/job-listing/augenoptikermeister-dwm-apollo-optik-JV_IC2846265_KO0,23_KE24,36.htm?jl=1010106641074"
1009990231376,Principal Concept Engineer for Timer – GTM (f/m/div),Infineon Technologies AG,München,,,,,EUR,False,,,,,"https://www.glassdoor.de/job-listing/principal-concept-engineer-for-timer-gtm-fm-div-infineon-technologies-JV_IC4990924_KO0,47_KE48,69.htm?jl=1009990231376"
1010129221695,Veranstaltungs- und Medientechniker (m/w/d),AV Media Heroes,München,,,,,EUR,True,,,,,"https://www.glassdoor.de/job-listing/veranstaltungs-und-medientechniker-mwd-av-media-heroes-JV_IC4990924_KO0,38_KE39,54.htm?jl=1010129221695"
1010124935247,Senior Application Manager - Solid State Circuit Breakers (f/m/div),Infineon Technologies AG,München,,,,,EUR,False,,,,,"https://www.glassdoor.de/job-listing/senior-application-manager-solid-state-circuit-breakers-fm-div-infineon-technologies-JV_IC4990924_KO0,62_KE63,84.htm?jl=1010124935247"
1010056022065,Senior Staff Engineer Automation & Digitalization for IP Development (f/m/div),Infineon Technologies AG,Deutschland,,,,,EUR,False,,,,,"https://www.glassdoor.de/job-listing/senior-staff-engineer-automation-digitalization-for-ip-development-fm-div-infineon-technologies-JV_KO0,73_KE74,95.htm?jl=1010056022065"
1010127458198,Medizinische Fachangestellte (m/w/d),BG prevent GmbH,Germering,,,,,EUR,False,,,,,"https://www.glassdoor.de/job-listing/medizinische-fachangestellte-mwd-bad-gruppe-JV_IC2826996_KO0,32_KE33,43.htm?jl=1010127458198"
1010123388389,English to German Translator - AI Trainer,DataAnnotation,München,,,,,EUR,False,,,,,"https://www.glassdoor.de/job-listing/english-to-german-translator-ai-trainer-dataannotation-JV_IC4990924_KO0,39_KE40,54.htm?jl=1010123388389"
1009927447886,Augenoptiker (m/w/d) oder Verkäufer – Optik (m/w/d),Apollo-Optik Holding GmbH & Co. KG,Gräfelfing,,,,,EUR,False,,,,,"https://www.glassdoor.de/job-listing/augenoptiker-mwd-oder-verkäufer-optik-mwd-apollo-optik-JV_IC2759888_KO0,41_KE42,54.htm?jl=1009927447886"
1009853804080,Augenoptiker (m/w/d) oder Verkäufer – Optik (m/w/d),Apollo-Optik Holding GmbH & Co. KG,München,,,,,EUR,False,,,,,"https://www.glassdoor.de/job-listing/augenoptiker-mwd-oder-verkäufer-optik-mwd-apollo-optik-JV_IC4990924_KO0,41_KE42,54.htm?jl=1009853804080"
1009531912810,Gesundheits- und Krankenpfleger OP / GuK | OTA (m/w/d) mit Willkommensprämie,anest Gruppe,München,,,,,EUR,True,,,,,"https://www.glassdoor.de/job-listing/gesundheits-und-krankenpfleger-op-guk-ota-mwd-mit-willkommensprämie-anest-gruppe-JV_IC4990924_KO0,67_KE68,80.htm?jl=1009531912810"
1010125683603,Unix/Linux System-Administrator (w/m/d),"Landesamt für Digitalisierung, Breitband und Vermessung",München,,,,,EUR,False,,,,,"https://www.glassdoor.de/job-listing/unix-linux-system-administrator-wmd-landesamt-für-digitalisierung-breitband-und-vermessung-JV_IC4990924_KO0,35_KE36,90.htm?jl=1010125683603"
1009388760371,Consultant Commodity Trading (all genders) - BCG Platinion,Boston Consulting Group,München,,,,,EUR,False,,,,,"https://www.glassdoor.de/job-listing/consultant-commodity-trading-all-genders-bcg-platinion-boston-consulting-group-JV_IC4990924_KO0,54_KE55,78.htm?jl=1009388760371"
1010015147671,Head of Change Management (m/f/d),REPA Deutschland GmbH,Bergkirchen,,,,,EUR,True,,,,,"https://www.glassdoor.de/job-listing/head-of-change-management-mfd-repa-germany-JV_IC2686667_KO0,29_KE30,42.htm?jl=1010015147671"
1010075840124,Augenoptikermeister (m/w/d) oder Augenoptiker (m/w/d),Apollo-Optik Holding GmbH & Co. KG,Deutschland,,,,,EUR,False,,,,,"https://www.glassdoor.de/job-listing/augenoptikermeister-mwd-oder-augenoptiker-mwd-apollo-optik-JV_KO0,45_KE46,58.htm?jl=1010075840124"
1010100442661,Steuerfachangestellte/r oder Steuerfachwirt/in (m/w/d) gesucht,Badache Weindl & Partner,München,,,,,EUR,True,,,,,"https://www.glassdoor.de/job-listing/steuerfachangestellte-r-oder-steuerfachwirt-in-mwd-gesucht-badache-weindl-partner-JV_IC4990924_KO0,58_KE59,81.htm?jl=1010100442661"
1009853804075,Augenoptikermeister (d/w/m),Apollo-Optik Holding GmbH & Co. KG,München,,,,,EUR,False,,,,,"https://www.glassdoor.de/job-listing/augenoptikermeister-dwm-apollo-optik-JV_IC4990924_KO0,23_KE24,36.htm?jl=1009853804075"
1010083699984,Mechatroniker (w/m/d) in München,Siemens Mobility GmbH,München,,,,,EUR,True,,,,,"https://www.glassdoor.de/job-listing/mechatroniker-wmd-in-münchen-siemens-JV_IC4990924_KO0,28_KE29,36.htm?jl=1010083699984"
1010094032866,Ergotherapeut (m/w/d) Frühförderung,Augustinum gGmbH,München,,,,,EUR,True,,,,,"https://www.glassdoor.de/job-listing/ergotherapeut-mwd-frühförderung-augustinum-JV_IC4990924_KO0,31_KE32,42.htm?jl=1010094032866"
1010109210502,Konstruktionsmechaniker (m/w/d) in München,Siemens Mobility GmbH,Karlsfeld,,,,,EUR,True,,,,,"https://www.glassdoor.de/job-listing/konstruktionsmechaniker-mwd-in-münchen-siemens-JV_IC2832625_KO0,38_KE39,46.htm?jl=1010109210502"
1010077377723,Planer / Projektleiter HKLS (m/w/d),Academic Work,München,,,,,EUR,False,,,,,"https://www.glassdoor.de/job-listing/planer-projektleiter-hkls-mwd-academic-work-JV_IC4990924_KO0,29_KE30,43.htm?jl=1010077377723"
1010124532633,Pflegedienstleitung (m/w/d) am Schliersee,Altenheim St. Elisabeth Schliersee der Stiftung St. Zeno,Bayern,,,,,EUR,True,,,,,"https://www.glassdoor.de/job-listing/pflegedienstleitung-mwd-am-schliersee-altenheim-st-elisabeth-schliersee-der-stiftung-st-zeno-JV_KO0,37_KE38,92.htm?jl=1010124532633"
1010046496705,IT Systemtechniker - Schwerpunkt Druckerlösungen (m/w/d),SanData IT-Gruppe,Deutschland,,,,,EUR,False,,,,,"https://www.glassdoor.de/job-listing/it-systemtechniker-schwerpunkt-druckerlösungen-mwd-sandata-JV_KO0,50_KE51,58.htm?jl=1010046496705"
1010069649551,Senior Consultant Energy Utilities (all genders) - BCG Platinion,Boston Consulting Group,München,,,,,EUR,False,,,,,"https://www.glassdoor.de/job-listing/senior-consultant-energy-utilities-all-genders-bcg-platinion-boston-consulting-group-JV_IC4990924_KO0,60_KE61,84.htm?jl=1010069649551"
1010035281373,CAFM-Manager | CAFM-Koordinator m/w/d,SPIE Efficient Facilities GmbH,München,,,,,EUR,True,,,,,"https://www.glassdoor.de/job-listing/cafm-manager-cafm-koordinator-mwd-spie-JV_IC4990924_KO0,33_KE34,38.htm?jl=1010035281373"
1010123850073,DevOps Engineer - AI Trainer,DataAnnotation,München,,,,,EUR,True,,,,,"https://www.glassdoor.de/job-listing/devops-engineer-ai-trainer-dataannotation-JV_IC4990924_KO0,26_KE27,41.htm?jl=1010123850073"
1010109273785,Karosseriebauer (w/m/d) im Schienenfahrzeugbau in München,Siemens Mobility GmbH,Germering,,,,,EUR,True,,,,,"https://www.glassdoor.de/job-listing/karosseriebauer-wmd-im-schienenfahrzeugbau-in-münchen-siemens-JV_IC2826996_KO0,53_KE54,61.htm?jl=1010109273785"
1010124769442,"BTA, CTA, MTL oder Biologe als Technischer Assistent (m/w/d) für unsere Immunologie",Labor Becker MVZ eGbR,München,,,,,EUR,False,,,,,"https://www.glassdoor.de/job-listing/bta-cta-mtl-oder-biologe-als-technischer-assistent-mwd-für-unsere-immunologie-laboratory-becker-kollegen-JV_IC4990924_KO0,77_KE78,104.htm?jl=1010124769442"
1010118473649,Engineering Manager (m/w/d),Myra Security GmbH,München,,,,,EUR,False,,,,,"https://www.glassdoor.de/job-listing/engineering-manager-mwd-myra-security-JV_IC4990924_KO0,23_KE24,37.htm?jl=1010118473649"
1010122519750,(Senior) Consultant IT Architektur (w/m/d),digatus it group AG,München,,,,,EUR,False,,,,,"https://www.glassdoor.de/job-listing/senior-consultant-it-architektur-wmd-digatus-JV_IC4990924_KO0,36_KE37,44.htm?jl=1010122519750"
1009923659420,Branch Manager (gn) - Skilled Workers in Industry and Production,Grafton Deutschland GmbH - Industrial,München,,,,,EUR,True,,,,,"https://www.glassdoor.de/job-listing/branch-manager-gn-skilled-workers-in-industry-and-production-gi-group-holding-JV_IC4990924_KO0,60_KE61,77.htm?jl=1009923659420"
1010102826803,Recruiting Specialist (m/w/d) Süddeutschland,Elis Deutschland,München,,,,,EUR,False,,,,,"https://www.glassdoor.de/job-listing/recruiting-specialist-mwd-süddeutschland-elis-JV_IC4990924_KO0,40_KE41,45.htm?jl=1010102826803"
1010101651611,IT Project Manager (f/m/d) – Mergers & Acquisitions,Klüber Lubrication München GmbH & Co. KG,München,,,,,EUR,False,,,,,"https://www.glassdoor.de/job-listing/it-project-manager-fmd-mergers-acquisitions-freudenberg-group-JV_IC4990924_KO0,43_KE44,61.htm?jl=1010101651611"
1010109112875,"Ad Sales Partnerships Specialist GSE (Germany, Switzerland, Austria, Luxembourg) HBO Max, FTC",Warner Bros. Discovery,München,,,,,EUR,False,,,,,"https://www.glassdoor.de/job-listing/ad-sales-partnerships-specialist-gse-germany-switzerland-austria-luxembourg-hbo-max-ftc-warner-bros-discovery-JV_IC4990924_KO0,87_KE88,109.htm?jl=1010109112875"
1010088468001,Augenoptiker (m/w/d) oder Verkäufer – Optik (m/w/d),Apollo-Optik Holding GmbH & Co. KG,Olching,,,,,EUR,False,,,,,"https://www.glassdoor.de/job-listing/augenoptiker-mwd-oder-verkäufer-optik-mwd-apollo-optik-JV_IC2595110_KO0,41_KE42,54.htm?jl=1010088468001"
1010043576377,Duales Studium BWL - Spezialisierung Accounting & Controlling (B.A.) - Unsere Champions GmbH,IU Duales Studium,München,,,,,EUR,False,,,,,"https://www.glassdoor.de/job-listing/duales-studium-bwl-spezialisierung-accounting-controlling-ba-unsere-champions-gmbh-iu-internationale-hochschule-JV_IC4990924_KO0,82_KE83,111.htm?jl=1010043576377"
1010123383579,English Teacher - AI Trainer,DataAnnotation,München,,,,,EUR,False,,,,,"https://www.glassdoor.de/job-listing/english-teacher-ai-trainer-dataannotation-JV_IC4990924_KO0,26_KE27,41.htm?jl=1010123383579"
1010092626502,Mitarbeiter in der Qualitätssicherung (m/w/d),VERMES Microdispensing GmbH,Holzkirchen,,,,,EUR,False,,,,,"https://www.glassdoor.de/job-listing/mitarbeiter-in-der-qualitätssicherung-mwd-vermes-microdispensing-JV_IC2831622_KO0,41_KE42,64.htm?jl=1010092626502"
1010046006954,Ausbildung zur Kauffrau/-mann im Einzelhandel (m/w/d) / Ausbildung zum Verkäufer (m/w/d),Kugler Feinkost GmbH,Deutschland,,,,,EUR,False,,,,,"https://www.glassdoor.de/job-listing/ausbildung-zur-kauffrau-mann-im-einzelhandel-mwd-ausbildung-zum-verkäufer-mwd-kugler-feinkost-gmbh-JV_KO0,77_KE78,98.htm?jl=1010046006954"
1010096886819,Senior Engineer Automation Memories (f/m/div),Infineon Technologies AG,München,,,,,EUR,False,,,,,"https://www.glassdoor.de/job-listing/senior-engineer-automation-memories-fm-div-infineon-technologies-JV_IC4990924_KO0,42_KE43,64.htm?jl=1010096886819"
1010113097728,Inside Sales Manager (m/w/d),FLH Media Digital,Ismaning,,,,,EUR,False,,,,,"https://www.glassdoor.de/job-listing/inside-sales-manager-mwd-flh-media-digital-JV_IC2739602_KO0,24_KE25,42.htm?jl=1010113097728"
1010116374119,Commis de Cuisine (m/w/d),Eataly Monaco di Baviera,München,,,,,EUR,True,,,,,"https://www.glassdoor.de/job-listing/commis-de-cuisine-mwd-eataly-JV_IC4990924_KO0,21_KE22,28.htm?jl=1010116374119"
1010100270840,Projektleiter (m/w/d) Bauwerksprüfung & Instandsetzung,KB,München,,,,,EUR,True,,,,,"https://www.glassdoor.de/job-listing/projektleiter-mwd-bauwerksprüfung-instandsetzung-konstruktionsgruppe-bauen-JV_IC4990924_KO0,48_KE49,74.htm?jl=1010100270840"
1010128416484,Senior Software Developer - AI Trainer,DataAnnotation,München,,,,,EUR,True,,,,,"https://www.glassdoor.de/job-listing/senior-software-developer-ai-trainer-dataannotation-JV_IC4990924_KO0,36_KE37,51.htm?jl=1010128416484"
1010118437820,Senior Manager and Team Lead Design for Test (DFT) (f/m/div),Infineon Technologies AG,München,,,,,EUR,False,,,,,"https://www.glassdoor.de/job-listing/senior-manager-and-team-lead-design-for-test-dft-fm-div-infineon-technologies-JV_IC4990924_KO0,55_KE56,77.htm?jl=1010118437820"
1009999072475,Project Manager AI & Engineering (m/f/d),TWT Science & Innovation,München,,,,,EUR,False,,,,,"https://www.glassdoor.de/job-listing/project-manager-ai-engineering-mfd-twt-JV_IC4990924_KO0,34_KE35,38.htm?jl=1009999072475"
1010025549554,Sales Engineer (M/F),DEDIENNE AEROSPACE,München,,,,,EUR,True,,,,,"https://www.glassdoor.de/job-listing/sales-engineer-mf-château-fonsalade-JV_IC4990924_KO0,17_KE18,35.htm?jl=1010025549554"
1010103550077,Biomechanical Engineer (m/w/d) – Gait Analysis & Movement Data,OPED GmbH,"Heather Valley, DE",,,,,USD,False,,,,,"https://www.glassdoor.com/job-listing/biomechanical-engineer-mwd-gait-analysis-movement-data-oped-JV_IC3829288_KO0,54_KE55,59.htm?jl=1010103550077"
1010075875392,Teamleiter (m/w/d) Business Analyse & Qualitätssicherung – Online‑Lohnentwicklung,Wolters Kluwer Tax & Accounting Deutschland GmbH,Deutschland,,,,,EUR,False,,,,,"https://www.glassdoor.de/job-listing/teamleiter-mwd-business-analyse-qualitätssicherung-online-lohnentwicklung-wolters-kluwer-JV_KO0,73_KE74,88.htm?jl=1010075875392"
1010109217205,Koch (Mensch),Sodexo Services GmbH,München,,,,,EUR,True,,,,,"https://www.glassdoor.de/job-listing/koch-mensch-sodexo-JV_IC4990924_KO0,11_KE12,18.htm?jl=1010109217205"
1010116923882,"Technische*r Assistent*in (m/w/d) in Teilzeit (50 %) (BTA, CTA, MTLA oder vergleichbar) im Fachgebiet „Biologische Dosimetrie“",Bundesamt für Strahlenschutz,Oberschleißheim,,,,,EUR,False,,,,,"https://www.glassdoor.de/job-listing/technische-r-assistent-in-mwd-in-teilzeit-50-bta-cta-mtla-oder-vergleichbar-im-fachgebiet-biologische-dosimetrie-bundesamt-für-strahlenschutz-JV_IC2500339_KO0,112_KE113,141.htm?jl=1010116923882"
1010106543331,Assistenz der Geschäftsführung (m/w/d),MOTORWORLD München,München,,,,,EUR,False,,,,,"https://www.glassdoor.de/job-listing/assistenz-der-geschäftsführung-mwd-motorworld-münchen-JV_IC4990924_KO0,34_KE35,53.htm?jl=1010106543331"
1010128416451,Senior Software Engineer - AI Trainer,DataAnnotation,München,,,,,EUR,True,,,,,"https://www.glassdoor.de/job-listing/senior-software-engineer-ai-trainer-dataannotation-JV_IC4990924_KO0,35_KE36,50.htm?jl=1010128416451"
1010106729695,Teamleiter (w/m/d) – Gärtner für die städtische Gärtnergruppe,Stadt Starnberg,Starnberg,,,,,EUR,False,,,,,"https://www.glassdoor.de/job-listing/teamleiter-wmd-gärtner-für-die-städtische-gärtnergruppe-stadt-starnberg-JV_IC2827344_KO0,55_KE56,71.htm?jl=1010106729695"
1010051534526,Filialleiter / Store Manager (all genders),Snipes,München,,,,,EUR,True,,,,,"https://www.glassdoor.de/job-listing/filialleiter-store-manager-all-genders-snipes-JV_IC4990924_KO0,38_KE39,45.htm?jl=1010051534526"
1010060822863,Elektriker - Elektroniker - Mechatroniker für den Prüfservice - München (m/w/d),ESG Elektro Service Gesellschaft mbH,Deutschland,,,,,EUR,True,,,,,"https://www.glassdoor.de/job-listing/elektriker-elektroniker-mechatroniker-für-den-prüfservice-münchen-mwd-esg-elektro-service-gesellschaft-JV_KO0,69_KE70,102.htm?jl=1010060822863"
1010021708225,English Learning Guide (m/f/d),Grandir,München,,,,,EUR,True,,,,,"https://www.glassdoor.de/job-listing/english-learning-guide-mfd-infanterix-JV_IC4990924_KO0,26_KE27,37.htm?jl=1010021708225"
1010103572951,Vorarbeiter Reinigung (m/w/d) - täglich ab 05:00 Uhr,ISS Facility Services,München,,,,,EUR,False,,,,,"https://www.glassdoor.de/job-listing/vorarbeiter-reinigung-mwd-täglich-ab-05-00-uhr-iss-facility-services-JV_IC4990924_KO0,46_KE47,68.htm?jl=1010103572951"
1010109190141,Technischer Vertriebsmitarbeiter (m/w/d) / Anwendungstechniker (m/w/d) für Baden-Württemberg und Bayern,Burnus Professional GmbH & Co. KG,Bayern,,,,,EUR,False,,,,,"https://www.glassdoor.de/job-listing/technischer-vertriebsmitarbeiter-mwd-anwendungstechniker-mwd-für-baden-württemberg-und-bayern-burnus-professional-gmbh-co-kg-JV_KO0,93_KE94,124.htm?jl=1010109190141"
1010083699983,Mechatroniker (w/m/d) in München,Siemens Mobility GmbH,Dachau,,,,,EUR,True,,,,,"https://www.glassdoor.de/job-listing/mechatroniker-wmd-in-münchen-siemens-JV_IC2548176_KO0,28_KE29,36.htm?jl=1010083699983"
1010111765810,BEAUTY EXCELLENCE COACH (M/W/D) MYBLEND,Clarins GmbH,München,,,,,EUR,True,,,,,"https://www.glassdoor.de/job-listing/beauty-excellence-coach-mwd-myblend-groupe-clarins-JV_IC4990924_KO0,35_KE36,50.htm?jl=1010111765810"
1010102706455,Produktionsmitarbeiter / Löter (m/w/d) Medizintechnik,em-tec GmbH,Finning,,,,,EUR,True,,,,,"https://www.glassdoor.de/job-listing/produktionsmitarbeiter-löter-mwd-medizintechnik-em-tec-gmbh-JV_IC4990623_KO0,47_KE48,59.htm?jl=1010102706455"
1010105379284,Senior Product Definition Engineer (f/m/div) - Power Semiconductor Modules - PV & Energy Storage,Infineon Technologies AG,München,,,,,EUR,False,,,,,"https://www.glassdoor.de/job-listing/senior-product-definition-engineer-fm-div-power-semiconductor-modules-pv-energy-storage-infineon-technologies-JV_IC4990924_KO0,87_KE88,109.htm?jl=1010105379284"
1010083691582,WIG Schweißer (m/w/d) in München,Siemens Mobility GmbH,Dachau,,,,,EUR,True,,,,,"https://www.glassdoor.de/job-listing/wig-schweißer-mwd-in-münchen-siemens-JV_IC2548176_KO0,28_KE29,36.htm?jl=1010083691582"
1010125980573,Stabsstelle Vertrieb / Marketing / Strategie (m/w/d)*,SHK Innung München,München,,,,,EUR,False,,,,,"https://www.glassdoor.de/job-listing/stabsstelle-vertrieb-marketing-strategie-mwd-shk-innung-münchen-JV_IC4990924_KO0,44_KE45,63.htm?jl=1010125980573"
1010123378367,Copywriter - AI Trainer,DataAnnotation,,,,,,,False,,,,,"https://www.glassdoor.de/job-listing/copywriter-ai-trainer-dataannotation-JV_KO0,21_KE22,36.htm?jl=1010123378367"
1010123394019,Interpreter (English/German) - AI Trainer,DataAnnotation,München,,,,,EUR,False,,,,,"https://www.glassdoor.de/job-listing/interpreter-english-german-ai-trainer-dataannotation-JV_IC4990924_KO0,37_KE38,52.htm?jl=1010123394019"
1010065267186,IT-Expert*in (m/w/d),Max Planck Computing and Data Facility,Deutschland,,,,,EUR,False,,,,,"https://www.glassdoor.de/job-listing/it-expert-in-mwd-max-planck-computing-and-data-facility-JV_KO0,16_KE17,55.htm?jl=1010065267186"
1010073981588,Operations Manager (m/w/d),knuspr,München,,,,,EUR,True,,,,,"https://www.glassdoor.de/job-listing/operations-manager-mwd-knuspr-JV_IC4990924_KO0,22_KE23,29.htm?jl=1010073981588"
1010045414296,Monteur Straßenbeleuchtung (m/w/d),SPIE SAG GmbH,Deutschland,,,,,EUR,True,,,,,"https://www.glassdoor.de/job-listing/monteur-straßenbeleuchtung-mwd-spie-JV_KO0,30_KE31,35.htm?jl=1010045414296"
1010083691579,WIG Schweißer (m/w/d) in München,Siemens Mobility GmbH,Karlsfeld,,,,,EUR,True,,,,,"https://www.glassdoor.de/job-listing/wig-schweißer-mwd-in-münchen-siemens-JV_IC2832625_KO0,28_KE29,36.htm?jl=1010083691579"
1010109206464,Schlosser im Schweißbau (m/w/d) in München,Siemens Mobility GmbH,Karlsfeld,,,,,EUR,True,,,,,"https://www.glassdoor.de/job-listing/schlosser-im-schweißbau-mwd-in-münchen-siemens-JV_IC2832625_KO0,38_KE39,46.htm?jl=1010109206464"
1009935592374,Operational Project Manager Moosburg (m/w/d),ELA Container,Moosburg an der Isar,,,,,EUR,False,,,,,"https://www.glassdoor.de/job-listing/operational-project-manager-moosburg-mwd-ela-container-JV_IC4991645_KO0,40_KE41,54.htm?jl=1009935592374"
1009388760358,Consultant IT Architecture (all genders) - BCG Platinion,Boston Consulting Group,München,,,,,EUR,False,,,,,"https://www.glassdoor.de/job-listing/consultant-it-architecture-all-genders-bcg-platinion-boston-consulting-group-JV_IC4990924_KO0,52_KE53,76.htm?jl=1009388760358"
1009914737196,SENIOR CYBER SECURITY OT CONSULTANT (D/F/M),Airbus Protect GmbH,München,,,,,EUR,False,,,,,"https://www.glassdoor.de/job-listing/senior-cyber-security-ot-consultant-dfm-airbus-JV_IC4990924_KO0,39_KE40,46.htm?jl=1009914737196"
1010083685467,Schweißer (m/w/d) in München,Siemens Mobility GmbH,Karlsfeld,,,,,EUR,True,,,,,"https://www.glassdoor.de/job-listing/schweißer-mwd-in-münchen-siemens-JV_IC2832625_KO0,24_KE25,32.htm?jl=1010083685467"
1010083699987,Mechatroniker (w/m/d) in München,Siemens Mobility GmbH,Karlsfeld,,,,,EUR,True,,,,,"https://www.glassdoor.de/job-listing/mechatroniker-wmd-in-münchen-siemens-JV_IC2832625_KO0,28_KE29,36.htm?jl=1010083699987"
1009930424098,Satellite Mission Operations Service Architect (d/m/w),E Airbus Defence and Space GmbH,München,,,,,EUR,False,,,,,"https://www.glassdoor.de/job-listing/satellite-mission-operations-service-architect-dmw-e-airbus-defence-and-space-gmbh-JV_IC4990924_KO0,50_KE51,82.htm?jl=1009930424098"
1009890393583,SATCOMBw Overarching Systems Engineer - Satellite Communication System (d/f/m),E Airbus Defence and Space GmbH,München,,,,,EUR,False,,,,,"https://www.glassdoor.de/job-listing/satcombw-overarching-systems-engineer-satellite-communication-system-dfm-e-airbus-defence-and-space-gmbh-JV_IC4990924_KO0,72_KE73,104.htm?jl=1009890393583"
1010116655721,Koordination Vertrags- und Mietangelegenheiten Wohnen (m/w/d),Bundesanstalt für Immobilienaufgaben,München,,,,,EUR,False,,,,,"https://www.glassdoor.de/job-listing/koordination-vertrags-und-mietangelegenheiten-wohnen-mwd-bundesanstalt-für-immobilienaufgaben-JV_IC4990924_KO0,56_KE57,93.htm?jl=1010116655721"
1010126166621,"Leiter (m/w/d) Vertriebsentwicklung, Bezirksdirektion München",Mecklenburgische Versicherungs-Gesellschaft a.G,München,,,,,EUR,False,,,,,"https://www.glassdoor.de/job-listing/leiter-mwd-vertriebsentwicklung-bezirksdirektion-münchen-mecklenburgische-versicherungsgruppe-JV_IC4990924_KO0,56_KE57,93.htm?jl=1010126166621"
1009842040426,Augenoptikermeister (d/w/m),Apollo-Optik Holding GmbH & Co. KG,Olching,,,,,EUR,False,,,,,"https://www.glassdoor.de/job-listing/augenoptikermeister-dwm-apollo-optik-JV_IC2595110_KO0,23_KE24,36.htm?jl=1009842040426"
1010049519056,Senior Cyber Security Specialist (D/F/M),Airbus Protect GmbH,München,,,,,EUR,False,,,,,"https://www.glassdoor.de/job-listing/senior-cyber-security-specialist-dfm-airbus-JV_IC4990924_KO0,36_KE37,43.htm?jl=1010049519056"
1010099080639,Administrator (w/m/d) Windows Server,"Landesamt für Digitalisierung, Breitband und Vermessung",München,,,,,EUR,False,,,,,"https://www.glassdoor.de/job-listing/administrator-wmd-windows-server-landesamt-für-digitalisierung-breitband-und-vermessung-JV_IC4990924_KO0,32_KE33,87.htm?jl=1010099080639"
1010120377272,Customer Operations Analyst - GIS (m/f/d),RHEINMETALL AG,München,,,,,EUR,False,,,,,"https://www.glassdoor.de/job-listing/customer-operations-analyst-gis-mfd-rheinmetall-JV_IC4990924_KO0,35_KE36,47.htm?jl=1010120377272"
1010012148518,Industriemechaniker (m/w/d),DIE JOBMACHER GmbH Standort München,München,,,,,EUR,True,,,,,"https://www.glassdoor.de/job-listing/industriemechaniker-mwd-die-jobmacher-JV_IC4990924_KO0,23_KE24,37.htm?jl=1010012148518"
1010055905075,Koch / Chef de Partie (m/w/d) Airport Lounge München,DO & CO Airline Catering,Deutschland,,,,,EUR,True,,,,,"https://www.glassdoor.de/job-listing/koch-chef-de-partie-mwd-airport-lounge-münchen-do-co-JV_KO0,46_KE47,52.htm?jl=1010055905075"
1009998759764,Senior Manager Provider Management (w/m/div),Infineon Technologies AG,München,,,,,EUR,False,,,,,"https://www.glassdoor.de/job-listing/senior-manager-provider-management-wm-div-infineon-technologies-JV_IC4990924_KO0,41_KE42,63.htm?jl=1009998759764"
1009959970802,SATCOM Ground Segment System Engineer (d/f/m),E Airbus Defence and Space GmbH,München,,,,,EUR,False,,,,,"https://www.glassdoor.de/job-listing/satcom-ground-segment-system-engineer-dfm-e-airbus-defence-and-space-gmbh-JV_IC4990924_KO0,41_KE42,73.htm?jl=1009959970802"
1010117758006,Bewirtschafterin / Bewirtschafter (w/m/d),Bundesanstalt für Immobilienaufgaben,München,,,,,EUR,False,,,,,"https://www.glassdoor.de/job-listing/bewirtschafterin-bewirtschafter-wmd-bundesanstalt-für-immobilienaufgaben-JV_IC4990924_KO0,35_KE36,72.htm?jl=1010117758006"
1009818999678,Augenoptikermeister (d/w/m),Apollo-Optik Holding GmbH & Co. KG,München,,,,,EUR,False,,,,,"https://www.glassdoor.de/job-listing/augenoptikermeister-dwm-apollo-optik-JV_IC4990924_KO0,23_KE24,36.htm?jl=1009818999678"
1010029239509,Medizinische Fachangestellte MFA (m/w/d) – Privatambulanz im Peter Osypka Herzzentrum Vollzeit,Internistisches Klinikum München Süd - IKMS,München,,,,,EUR,True,,,,,"https://www.glassdoor.de/job-listing/medizinische-fachangestellte-mfa-mwd-privatambulanz-im-peter-osypka-herzzentrum-vollzeit-internistisches-klinikum-münchen-süd-ikms-JV_IC4990924_KO0,88_KE89,130.htm?jl=1010029239509"
1010127545413,Senior Demand Planning Manager,Nter Talent,München,,,,,EUR,True,,,,,"https://www.glassdoor.de/job-listing/senior-demand-planning-manager-nter-talent-JV_IC4990924_KO0,30_KE31,42.htm?jl=1010127545413"
1010126317662,Food & Beverage Director,Dean Group (Ireland),München,,,,,EUR,True,,,,,"https://www.glassdoor.de/job-listing/food-beverage-director-the-dean-JV_IC4990924_KO0,22_KE23,31.htm?jl=1010126317662"
1010100130478,Koch (Mensch),Sodexo Services GmbH,München,,,,,EUR,True,,,,,"https://www.glassdoor.de/job-listing/koch-mensch-sodexo-JV_IC4990924_KO0,11_KE12,18.htm?jl=1010100130478"
1010110613251,Bauleiter Elektrotechnik m/w/d,SPIE SAG GmbH,Deutschland,,,,,EUR,True,,,,,"https://www.glassdoor.de/job-listing/bauleiter-elektrotechnik-mwd-spie-JV_KO0,28_KE29,33.htm?jl=1010110613251"
1010083690018,MAG Schweißer (m/w/d in München,Siemens Mobility GmbH,Fürstenfeldbruck,,,,,EUR,True,,,,,"https://www.glassdoor.de/job-listing/mag-schweißer-mwd-in-münchen-siemens-JV_IC2832116_KO0,28_KE29,36.htm?jl=1010083690018"
1010114199483,Vorarbeiter Schweißtechnik (m/w/d),XERVON Instandhaltung GmbH,Oberding,,,,,EUR,False,,,,,"https://www.glassdoor.de/job-listing/vorarbeiter-schweißtechnik-mwd-xervon-JV_IC2499004_KO0,30_KE31,37.htm?jl=1010114199483"
1010105192388,Steuerfachangestellte (m/w/d),Nexia GmbH,München,,,,,EUR,True,,,,,"https://www.glassdoor.de/job-listing/steuerfachangestellte-mwd-nexia-international-JV_IC4990924_KO0,25_KE26,45.htm?jl=1010105192388"
1010070660113,Account Managerin (m/w/d) in München / Nürnberg,Studyheads München,München,,,,,EUR,True,,,,,"https://www.glassdoor.de/job-listing/account-managerin-mwd-in-münchen-nürnberg-gvo-studyheads-JV_IC4990924_KO0,41_KE42,56.htm?jl=1010070660113"
1010100130479,Küchenleiter (Mensch),Sodexo Services GmbH,München,,,,,EUR,True,,,,,"https://www.glassdoor.de/job-listing/küchenleiter-mensch-sodexo-JV_IC4990924_KO0,19_KE20,26.htm?jl=1010100130479"
1010075673458,Bodenleger (m/w/d) in München,Siemens,Dachau,,,,,EUR,True,,,,,"https://www.glassdoor.de/job-listing/bodenleger-mwd-in-münchen-siemens-JV_IC2548176_KO0,25_KE26,33.htm?jl=1010075673458"
1010095213756,Ergotherapeut (m/w/d) Frühförderung,Augustinum gGmbH,München,,,,,EUR,True,,,,,"https://www.glassdoor.de/job-listing/ergotherapeut-mwd-frühförderung-augustinum-JV_IC4990924_KO0,31_KE32,42.htm?jl=1010095213756"
1010114199453,LKW-Fahrer im Nahverkehr – Abroll- / Absetzfahrzeuge (m/w/d),Jakob Haibel GmbH & Co. Entsorgung KG,Bad Tölz,,,,,EUR,False,,,,,"https://www.glassdoor.de/job-listing/lkw-fahrer-im-nahverkehr-abroll-absetzfahrzeuge-mwd-remondis-gruppe-JV_IC2459592_KO0,51_KE52,67.htm?jl=1010114199453"
1010123743587,Sales Manager Aerospace and Defense (f/m/div),Infineon Technologies AG,München,,,,,EUR,False,,,,,"https://www.glassdoor.de/job-listing/sales-manager-aerospace-and-defense-fm-div-infineon-technologies-JV_IC4990924_KO0,42_KE43,64.htm?jl=1010123743587"
1010016410793,Senior Manager Embedded SW Development (f/m/div),Infineon Technologies AG,Bayern,,,,,EUR,False,,,,,"https://www.glassdoor.de/job-listing/senior-manager-embedded-sw-development-fm-div-infineon-technologies-JV_KO0,45_KE46,67.htm?jl=1010016410793"
1010069181046,Elektroniker als Servicetechniker m/w/d,SPIE Efficient Facilities GmbH,München,,,,,EUR,True,,,,,"https://www.glassdoor.de/job-listing/elektroniker-als-servicetechniker-mwd-spie-JV_IC4990924_KO0,37_KE38,42.htm?jl=1010069181046"
1010071532199,Empfangskraft §34a Teilzeit (Mensch),Sodexo Services GmbH,München,,,,,EUR,True,,,,,"https://www.glassdoor.de/job-listing/empfangskraft-34a-teilzeit-mensch-sodexo-JV_IC4990924_KO0,33_KE34,40.htm?jl=1010071532199"
1010126370708,Senior Project Manager Design System (f/m/div),Infineon Technologies AG,München,,,,,EUR,False,,,,,"https://www.glassdoor.de/job-listing/senior-project-manager-design-system-fm-div-infineon-technologies-JV_IC4990924_KO0,43_KE44,65.htm?jl=1010126370708"
1009870144610,Information Management Systems Engineer (d/m/w),E Airbus Defence and Space GmbH,München,,,,,EUR,False,,,,,"https://www.glassdoor.de/job-listing/information-management-systems-engineer-dmw-e-airbus-defence-and-space-gmbh-JV_IC4990924_KO0,43_KE44,75.htm?jl=1009870144610"
1009883592123,Supply Chain Expert Process Optimization (m/f/d),REPA Deutschland GmbH,Bergkirchen,,,,,EUR,True,,,,,"https://www.glassdoor.de/job-listing/supply-chain-expert-process-optimization-mfd-repa-germany-JV_IC2686667_KO0,44_KE45,57.htm?jl=1009883592123"
1010116655742,Fachkraft Vertragsbetreuung Wohnraum (m/w/d),Bundesanstalt für Immobilienaufgaben,München,,,,,EUR,False,,,,,"https://www.glassdoor.de/job-listing/fachkraft-vertragsbetreuung-wohnraum-mwd-bundesanstalt-für-immobilienaufgaben-JV_IC4990924_KO0,40_KE41,77.htm?jl=1010116655742"
1009937188251,Meister HKLS m/w/d,SPIE Efficient Facilities GmbH,München,,,,,EUR,True,,,,,"https://www.glassdoor.de/job-listing/meister-hkls-mwd-spie-JV_IC4990924_KO0,16_KE17,21.htm?jl=1009937188251"
1010074483666,Servicetechniker (m/w/d) Lüftungstechnik,etna GmbH,München,,,,,EUR,True,,,,,"https://www.glassdoor.de/job-listing/servicetechniker-mwd-lüftungstechnik-etna-gmbh-JV_IC4990924_KO0,36_KE37,46.htm?jl=1010074483666"
1010008577895,Fachkraft Logistiksysteme & WMS-Support (m/w/d) in München,Siemens Mobility GmbH,München,,,,,EUR,True,,,,,"https://www.glassdoor.de/job-listing/fachkraft-logistiksysteme-wms-support-mwd-in-münchen-siemens-JV_IC4990924_KO0,52_KE53,60.htm?jl=1010008577895"
1010025536370,Referent und Verhandler für Leistungen und Vergütungen (m/w/d),Kommunalverband für Jugend und Soziales Baden-Württemberg,Stuttgart,,,,,EUR,False,,,,,"https://www.glassdoor.de/job-listing/referent-und-verhandler-für-leistungen-und-vergütungen-mwd-kommunalverband-für-jugend-und-soziales-JV_IC2507190_KO0,58_KE59,98.htm?jl=1010025536370"
1009290138275,Erzieher (m/w/d) für unser element-i Kinderhaus Pressekiste,Konzept-e für Bildung und Betreuung gGmbH,Stuttgart,,,,,EUR,False,,,,,"https://www.glassdoor.de/job-listing/erzieher-mwd-für-unser-element-i-kinderhaus-pressekiste-konzept-e-JV_IC2507190_KO0,55_KE56,65.htm?jl=1009290138275"
1010111938361,Mitarbeiterin / Mitarbeiter Baumanagement (w/m/d),Bundesanstalt für Immobilienaufgaben,Stuttgart,,,,,EUR,False,,,,,"https://www.glassdoor.de/job-listing/mitarbeiterin-mitarbeiter-baumanagement-wmd-bundesanstalt-für-immobilienaufgaben-JV_IC2507190_KO0,43_KE44,80.htm?jl=1010111938361"
1010103138910,Teamleitung (m/w/d) Netzplanung,terranets bw GmbH,Stuttgart,,,,,EUR,False,,,,,"https://www.glassdoor.de/job-listing/teamleitung-mwd-netzplanung-terranets-bw-JV_IC2507190_KO0,27_KE28,40.htm?jl=1010103138910"
1010007348457,WIG-Schweisser & Schweissaufsicht (a) in der Schweiz,Pilatus Aircraft Ltd,Stuttgart,,,,,EUR,False,,,,,"https://www.glassdoor.de/job-listing/wig-schweisser-schweissaufsicht-a-in-der-schweiz-pilatus-aircraft-ltd-JV_IC2507190_KO0,48_KE49,69.htm?jl=1010007348457"
1009694035013,Erzieher (m/w/d) für unser element-i Kinderhaus Villa Reitzensteinle,Konzept-e für Bildung und Betreuung gGmbH,Stuttgart,,,,,EUR,False,,,,,"https://www.glassdoor.de/job-listing/erzieher-mwd-für-unser-element-i-kinderhaus-villa-reitzensteinle-konzept-e-JV_IC2507190_KO0,64_KE65,74.htm?jl=1009694035013"
1009290138289,Erzieher (m/w/d) für unser Element-i Kinderhaus Regenbogenhaus,Konzept-e für Bildung und Betreuung gGmbH,Stuttgart,,,,,EUR,False,,,,,"https://www.glassdoor.de/job-listing/erzieher-mwd-für-unser-element-i-kinderhaus-regenbogenhaus-konzept-e-JV_IC2507190_KO0,58_KE59,68.htm?jl=1009290138289"
1010103670710,Apple Specialist - Verkäuferin / Kundenberater Teilzeit (m/w/d) befristet,Apple,Sindelfingen,,,,,EUR,False,,,,,"https://www.glassdoor.de/job-listing/apple-specialist-verkäuferin-kundenberater-teilzeit-mwd-befristet-apple-JV_IC2506790_KO0,65_KE66,71.htm?jl=1010103670710"
1010123834320,Approbierte:r Psychologische:r Psychotherapeut:in (m/w/d) für Privatambulanz,calm Tageskliniken GmbH,Stuttgart,,,,,EUR,True,,,,,"https://www.glassdoor.de/job-listing/approbierte-r-psychologische-r-psychotherapeut-in-mwd-für-privatambulanz-calm-tageskliniken-gmbh-JV_IC2507190_KO0,72_KE73,96.htm?jl=1010123834320"
1010022975452,Physiotherapeut (m/w/d) im stationären Therapiezentrum,BG Klinik Tübingen,Tübingen,,,,,EUR,True,,,,,"https://www.glassdoor.de/job-listing/physiotherapeut-mwd-im-stationären-therapiezentrum-bg-klinik-tübingen-JV_IC2689943_KO0,50_KE51,69.htm?jl=1010022975452"
1009862717389,Architekt für Wohnimmobilien (m/w/d),Immobilien Service Bärbel Bahr e.K.,Holzgerlingen,,,,,EUR,True,,,,,"https://www.glassdoor.de/job-listing/architekt-für-wohnimmobilien-mwd-immobilien-service-bärbel-bahr-ek-JV_IC2692398_KO0,32_KE33,66.htm?jl=1009862717389"
1010085867897,LKW-Fahrer (C/CE) – Heck- und Überkopflader (m/w/d),"REMONDIS GmbH & Co. KG, Region Süd",Reichenbach,,,,,EUR,False,,,,,"https://www.glassdoor.de/job-listing/lkw-fahrer-c-ce-heck-und-überkopflader-mwd-remondis-gruppe-JV_IC2805855_KO0,42_KE43,58.htm?jl=1010085867897"
1010075633468,Teamleiter Elektriker in der Schweiz (m/w/d) (a),Pilatus Aircraft Ltd,Stuttgart,,,,,EUR,False,,,,,"https://www.glassdoor.de/job-listing/teamleiter-elektriker-in-der-schweiz-mwda-pilatus-aircraft-ltd-JV_IC2507190_KO0,41_KE42,62.htm?jl=1010075633468"
1009902438645,Facharzt (m/w/d) für Psychiatrie und Psychotherapie,medius KLINIKEN gemeinnützige GmbH,Kirchheim,,,,,EUR,True,,,,,"https://www.glassdoor.de/job-listing/facharzt-mwd-für-psychiatrie-und-psychotherapie-medius-kliniken-JV_IC2771218_KO0,47_KE48,63.htm?jl=1009902438645"
1010103670708,Apple Specialist - Kundenberater / Verkäufer Teilzeit (m/w/d) befristet,Apple,Sindelfingen,,,,,EUR,False,,,,,"https://www.glassdoor.de/job-listing/apple-specialist-kundenberater-verkäufer-teilzeit-mwd-befristet-apple-JV_IC2506790_KO0,63_KE64,69.htm?jl=1010103670708"
1009902439421,Facharzt (m/w/d) für Nuklearmedizin,medius KLINIKEN gemeinnützige GmbH,Ostfildern,,,,,EUR,True,,,,,"https://www.glassdoor.de/job-listing/facharzt-mwd-für-nuklearmedizin-medius-kliniken-JV_IC2687698_KO0,31_KE32,47.htm?jl=1009902439421"
1010126154519,"Verkehrsingenieur/-in Koordinierung, Genehmigung und Betreuung von Großprojekten (m/w/d)",Landeshauptstadt Stuttgart,Stuttgart,,,,,EUR,False,,,,,"https://www.glassdoor.de/job-listing/verkehrsingenieur-in-koordinierung-genehmigung-und-betreuung-von-großprojekten-mwd-landeshauptstadt-stuttgart-JV_IC2507190_KO0,82_KE83,109.htm?jl=1010126154519"
1009902438963,Oberarzt (m/w/d) Hämatologie Onkologie,medius KLINIKEN gemeinnützige GmbH,Nürtingen,,,,,EUR,True,,,,,"https://www.glassdoor.de/job-listing/oberarzt-mwd-hämatologie-onkologie-medius-kliniken-JV_IC2683823_KO0,34_KE35,50.htm?jl=1009902438963"
1009932521163,Facharzt (m/w/d) für Radiologie,medius KLINIKEN gemeinnützige GmbH,Kirchheim,,,,,EUR,True,,,,,"https://www.glassdoor.de/job-listing/facharzt-mwd-für-radiologie-medius-kliniken-JV_IC2771218_KO0,27_KE28,43.htm?jl=1009932521163"
1010002790663,Augenoptiker (m/w/d) oder Verkäufer – Optik (m/w/d),Apollo-Optik Holding GmbH & Co. KG,Sindelfingen,,,,,EUR,False,,,,,"https://www.glassdoor.de/job-listing/augenoptiker-mwd-oder-verkäufer-optik-mwd-apollo-optik-JV_IC2506790_KO0,41_KE42,54.htm?jl=1010002790663"
1010075633478,Teamleiter Mechaniker in der Schweiz (m/w/d),Pilatus Aircraft Ltd,Stuttgart,,,,,EUR,False,,,,,"https://www.glassdoor.de/job-listing/teamleiter-mechaniker-in-der-schweiz-mwd-pilatus-aircraft-ltd-JV_IC2507190_KO0,40_KE41,61.htm?jl=1010075633478"
1009694035047,Erzieher (m/w/d) für unser element-i Kinderhaus Bärcheninsel,Konzept-e für Bildung und Betreuung gGmbH,Deutschland,,,,,EUR,False,,,,,"https://www.glassdoor.de/job-listing/erzieher-mwd-für-unser-element-i-kinderhaus-bärcheninsel-konzept-e-JV_KO0,56_KE57,66.htm?jl=1009694035047"
1010124719365,Triebwerk Mechaniker (a) in der Schweiz,Pilatus Aircraft Ltd,Stuttgart,,,,,EUR,False,,,,,"https://www.glassdoor.de/job-listing/triebwerk-mechaniker-a-in-der-schweiz-pilatus-aircraft-ltd-JV_IC2507190_KO0,37_KE38,58.htm?jl=1010124719365"
1010094116384,Tierärztin / Tierarzt (m/w/d) in Stuttgart gesucht (Senior-Position),Felmo GmbH,Stuttgart,,,,,EUR,False,,,,,"https://www.glassdoor.de/job-listing/tierärztin-tierarzt-mwd-in-stuttgart-gesucht-senior-position-felmo-JV_IC2507190_KO0,60_KE61,66.htm?jl=1010094116384"
1010103147914,Site Leader Distribution Centers South Germany (f/m/d) in Neuenburg am Rhein,Galaxus Deutschland,Baden-Württemberg,,,,,EUR,False,,,,,"https://www.glassdoor.de/job-listing/site-leader-distribution-centers-south-germany-fmd-in-neuenburg-am-rhein-digitec-galaxus-JV_KO0,72_KE73,88.htm?jl=1010103147914"
1009873230303,CNC-Werkzeugschleifer (m/w/d) in Riederich,botek Präzisionsbohrtechnik GmbH,Riederich,,,,,EUR,False,,,,,"https://www.glassdoor.de/job-listing/cnc-werkzeugschleifer-mwd-in-riederich-botek-präzisionsbohrtechnik-gmbh-JV_IC2806973_KO0,38_KE39,71.htm?jl=1009873230303"
1009902439644,Oberarzt (m/w/d) für Anästhesiologie,medius KLINIKEN gemeinnützige GmbH,Ostfildern,,,,,EUR,True,,,,,"https://www.glassdoor.de/job-listing/oberarzt-mwd-für-anästhesiologie-medius-kliniken-JV_IC2687698_KO0,32_KE33,48.htm?jl=1009902439644"
1009969681462,Kundenbetreuung im Wohnungsbau (w/m/d) in Vollzeit,Immobilien Service Bärbel Bahr e.K.,Holzgerlingen,,,,,EUR,True,,,,,"https://www.glassdoor.de/job-listing/kundenbetreuung-im-wohnungsbau-wmd-in-vollzeit-immobilien-service-bärbel-bahr-ek-JV_IC2692398_KO0,46_KE47,80.htm?jl=1009969681462"
1010084567933,Site Coordinator/ Operations Project Manager (w/m/d) in Neuenburg am Rhein,Galaxus Deutschland,Baden-Württemberg,,,,,EUR,False,,,,,"https://www.glassdoor.de/job-listing/site-coordinator-operations-project-manager-wmd-in-neuenburg-am-rhein-digitec-galaxus-JV_KO0,69_KE70,85.htm?jl=1010084567933"
1010019865212,Elektriker - Elektroniker - Mechatroniker für den Prüfservice - Stuttgart (m/w/d),ESG Elektro Service Gesellschaft mbH,Stuttgart,,,,,EUR,True,,,,,"https://www.glassdoor.de/job-listing/elektriker-elektroniker-mechatroniker-für-den-prüfservice-stuttgart-mwd-esg-elektro-service-gesellschaft-JV_IC2507190_KO0,71_KE72,104.htm?jl=1010019865212"
1009982940972,Oberärztin / Oberarzt Innere Medizin und Endokrinologie (w/m/d) in der Schweiz,Spital Dornach,Stuttgart,,,,,EUR,False,,,,,"https://www.glassdoor.de/job-listing/oberärztin-oberarzt-innere-medizin-und-endokrinologie-wmd-in-der-schweiz-solothurner-spitäler-JV_IC2507190_KO0,72_KE73,93.htm?jl=1009982940972"
1010124719375,Triebwerk Mechaniker in der Schweiz (m/w/d),Pilatus Aircraft Ltd,Stuttgart,,,,,EUR,False,,,,,"https://www.glassdoor.de/job-listing/triebwerk-mechaniker-in-der-schweiz-mwd-pilatus-aircraft-ltd-JV_IC2507190_KO0,39_KE40,60.htm?jl=1010124719375"
1010084567927,Workplace / Occupational Safety Specialist (f/m/d) in Neuenburg am Rhein,Galaxus Deutschland,Baden-Württemberg,,,,,EUR,False,,,,,"https://www.glassdoor.de/job-listing/workplace-occupational-safety-specialist-fmd-in-neuenburg-am-rhein-digitec-galaxus-JV_KO0,66_KE67,82.htm?jl=1010084567927"
1010006847581,Rechtsanwaltsfachangestellte (m/w/d),Gaßmann & Seidel Rechtsanwälte PartmbB,Stuttgart,,,,,EUR,True,,,,,"https://www.glassdoor.de/job-listing/rechtsanwaltsfachangestellte-mwd-gaßmann-seidel-rechtsanwälte-partmbb-JV_IC2507190_KO0,32_KE33,69.htm?jl=1010006847581"
1010114199553,Kolonnenführer im Gerüstbau (m/w/d),Mack Gerüsttechnik GmbH,Schönaich,,,,,EUR,False,,,,,"https://www.glassdoor.de/job-listing/kolonnenführer-im-gerüstbau-mwd-mack-gerüsttechnik-gmbh-JV_IC2808438_KO0,31_KE32,55.htm?jl=1010114199553"
1010098914093,Referent Vermessung Tief- und Straßenbau (w/m/d),WOLFF & MÜLLER Tief- und Straßenbau GmbH & Co. KG,Stuttgart,,,,,EUR,False,,,,,"https://www.glassdoor.de/job-listing/referent-vermessung-tief-und-straßenbau-wmd-wolff-müller-JV_IC2507190_KO0,43_KE44,56.htm?jl=1010098914093"
1010122531561,Stellvertretende Projektleitung (m/w/d) Zukunft Badezentrum mit einem Beschäftigungsumfang von 60 %,Stadtverwaltung Sindelfingen,Sindelfingen,,,,,EUR,False,,,,,"https://www.glassdoor.de/job-listing/stellvertretende-projektleitung-mwd-zukunft-badezentrum-mit-einem-beschäftigungsumfang-von-60-stadt-sindelfingen-JV_IC2506790_KO0,93_KE94,112.htm?jl=1010122531561"
1009873207689,CNC-Werkzeugschleifer (m/w/d) in Riederich,botek Präzisionsbohrtechnik GmbH,Stuttgart,,,,,EUR,False,,,,,"https://www.glassdoor.de/job-listing/cnc-werkzeugschleifer-mwd-in-riederich-botek-präzisionsbohrtechnik-gmbh-JV_IC2507190_KO0,38_KE39,71.htm?jl=1009873207689"
1010071719357,Oberärztin / Oberarzt Handchirurgie (m/w/d) in der Schweiz,Bürgerspital Solothurn,Stuttgart,,,,,EUR,False,,,,,"https://www.glassdoor.de/job-listing/oberärztin-oberarzt-handchirurgie-mwd-in-der-schweiz-solothurner-spitäler-JV_IC2507190_KO0,52_KE53,73.htm?jl=1010071719357"
1010117177086,Projektleiter (m/w/d) Kältetechnik,Christof Fischer GmbH,Kernen im Remstal,,,,,EUR,False,,,,,"https://www.glassdoor.de/job-listing/projektleiter-mwd-kältetechnik-christof-fischer-gmbh-JV_IC4990814_KO0,30_KE31,52.htm?jl=1010117177086"
1010084567947,Supply Chain Process Engineer / Project Manager (w/m/d) in Neuenburg am Rhein,Galaxus Deutschland,Baden-Württemberg,,,,,EUR,False,,,,,"https://www.glassdoor.de/job-listing/supply-chain-process-engineer-project-manager-wmd-in-neuenburg-am-rhein-digitec-galaxus-JV_KO0,71_KE72,87.htm?jl=1010084567947"
1010124775275,Anwendungstechniker (m/w/d),botek Präzisionsbohrtechnik GmbH,Riederich,,,,,EUR,False,,,,,"https://www.glassdoor.de/job-listing/anwendungstechniker-mwd-botek-präzisionsbohrtechnik-gmbh-JV_IC2806973_KO0,23_KE24,56.htm?jl=1010124775275"
1010123698055,Mitarbeiter Finanzbuchhaltung / Accountant (m/w/d),BITZER Kühlmaschinenbau GmbH,Sindelfingen,,,,,EUR,False,,,,,"https://www.glassdoor.de/job-listing/mitarbeiter-finanzbuchhaltung-accountant-mwd-bitzer-JV_IC2506790_KO0,44_KE45,51.htm?jl=1010123698055"
1010124616320,Stv. Abteilungsleitung / Sachgebietsleitung Unterbringung und Asylbewerberleistungen (m/w/d),Landratsamt Göppingen,Göppingen,,,,,EUR,False,,,,,"https://www.glassdoor.de/job-listing/stv-abteilungsleitung-sachgebietsleitung-unterbringung-und-asylbewerberleistungen-mwd-landkreis-göppingen-JV_IC2807503_KO0,85_KE86,105.htm?jl=1010124616320"
1009972380130,Facharzt (m/w/d) für Kinderheilkunde,medius KLINIKEN gemeinnützige GmbH,Nürtingen,,,,,EUR,True,,,,,"https://www.glassdoor.de/job-listing/facharzt-mwd-für-kinderheilkunde-medius-kliniken-JV_IC2683823_KO0,32_KE33,48.htm?jl=1009972380130"
1010114199522,Gerüstbauer (m/w/d),Mack Gerüsttechnik GmbH,Schönaich,,,,,EUR,False,,,,,"https://www.glassdoor.de/job-listing/gerüstbauer-mwd-mack-gerüsttechnik-gmbh-JV_IC2808438_KO0,15_KE16,39.htm?jl=1010114199522"
1010124616321,Vermessungsingenieur/in als Technische/r Sachbearbeiter/in (m/w/d),Landratsamt Göppingen,Geislingen,,,,,EUR,False,,,,,"https://www.glassdoor.de/job-listing/vermessungsingenieur-in-als-technische-r-sachbearbeiter-in-mwd-landkreis-göppingen-JV_IC2566836_KO0,62_KE63,82.htm?jl=1010124616321"
1009946580784,Physiotherapeut (m/w/d),medius KLINIKEN gemeinnützige GmbH,Kirchheim,,,,,EUR,True,,,,,"https://www.glassdoor.de/job-listing/physiotherapeut-mwd-medius-kliniken-JV_IC2771218_KO0,19_KE20,35.htm?jl=1009946580784"
1010123425620,Referent Sozialberichterstattung & Analyse (m/w/d),Statistisches Landesamt Baden-Württemberg,Fellbach,,,,,EUR,False,,,,,"https://www.glassdoor.de/job-listing/referent-sozialberichterstattung-analyse-mwd-statistisches-landesamt-baden-württemberg-JV_IC2692001_KO0,44_KE45,86.htm?jl=1010123425620"
1008741423075,Duales Studium Marketing (B.A.) am Campus oder virtuell,IU Duales Studium,Stuttgart,,,,,EUR,False,,,,,"https://www.glassdoor.de/job-listing/duales-studium-marketing-ba-am-campus-oder-virtuell-iu-internationale-hochschule-JV_IC2507190_KO0,51_KE52,80.htm?jl=1008741423075"
1010109020836,"Erzieher / Pädagogische Fachkraft Kita und Krippe (unbefristet, w/m/d) - ab sofort",educcare Bildungskindertagesstätten gGmbH,Ditzingen,,,,,EUR,False,,,,,"https://www.glassdoor.de/job-listing/erzieher-pädagogische-fachkraft-kita-und-krippe-unbefristet-wmd-ab-sofort-educcare-JV_IC2765693_KO0,73_KE74,82.htm?jl=1010109020836"
1010103146101,Technical Trainer (m/w/d) Academy & Training Center in Markdorf,J. Wagner GmbH,Baden-Württemberg,,,,,EUR,False,,,,,"https://www.glassdoor.de/job-listing/technical-trainer-mwd-academy-training-center-in-markdorf-j-wagner-gmbh-JV_KO0,57_KE58,71.htm?jl=1010103146101"
1010112156106,Juristinnen und Juristen (w/m/d) - Innenverwaltung,"Ministerium des Inneren, für Digitalisierung und Kommunen Baden-Württemberg",Stuttgart,,,,,EUR,False,,,,,"https://www.glassdoor.de/job-listing/juristinnen-und-juristen-wmd-innenverwaltung-ministerium-des-inneren-für-digitalisierung-und-kommunen-baden-württemberg-JV_IC2507190_KO0,44_KE45,119.htm?jl=1010112156106"
1009962191848,Oberarzt (m/w/d) für Innere Medizin und Pneumologie,medius KLINIKEN gemeinnützige GmbH,Kirchheim,,,,,EUR,True,,,,,"https://www.glassdoor.de/job-listing/oberarzt-mwd-für-innere-medizin-und-pneumologie-medius-kliniken-JV_IC2771218_KO0,47_KE48,63.htm?jl=1009962191848"
1010033164592,Leitende Ärztin / Leitender Arzt Hämatologie (w/m/d) in der Schweiz,Spital Dornach,Stuttgart,,,,,EUR,False,,,,,"https://www.glassdoor.de/job-listing/leitende-ärztin-leitender-arzt-hämatologie-wmd-in-der-schweiz-solothurner-spitäler-JV_IC2507190_KO0,61_KE62,82.htm?jl=1010033164592"
1009902456739,Approbierter Psychologischer Psychotherapeut (m/w/d) oder in fortgeschrittener Ausbildung in einem anerkannten Psychotherapieverfahren,medius KLINIKEN gemeinnützige GmbH,Ostfildern,,,,,EUR,True,,,,,"https://www.glassdoor.de/job-listing/approbierter-psychologischer-psychotherapeut-mwd-oder-in-fortgeschrittener-ausbildung-in-einem-anerkannten-psychotherapieverfahren-medius-kliniken-JV_IC2687698_KO0,130_KE131,146.htm?jl=1009902456739"
1010119670302,(Senior) Drone Ops Engineer (m/w/d) - AI based Autonomy Hub,E Airbus Defence and Space GmbH,Stuttgart,,,,,EUR,False,,,,,"https://www.glassdoor.de/job-listing/senior-drone-ops-engineer-mwd-ai-based-autonomy-hub-e-airbus-defence-and-space-gmbh-JV_IC2507190_KO0,51_KE52,83.htm?jl=1010119670302"
1009900855477,Arzt (m/w/d) in Weiterbildung zum Facharzt (m/w/d) für Neurologie,medius KLINIKEN gemeinnützige GmbH,Kirchheim,,,,,EUR,True,,,,,"https://www.glassdoor.de/job-listing/arzt-mwd-in-weiterbildung-zum-facharzt-mwd-für-neurologie-medius-kliniken-JV_IC2771218_KO0,57_KE58,73.htm?jl=1009900855477"
1010110456208,Ergotherapeut (m/w/d),medius KLINIKEN gemeinnützige GmbH,Nürtingen,,,,,EUR,True,,,,,"https://www.glassdoor.de/job-listing/ergotherapeut-mwd-medius-kliniken-JV_IC2683823_KO0,17_KE18,33.htm?jl=1010110456208"
1009969812702,Oberarzt (m/w/d),medius KLINIKEN gemeinnützige GmbH,Nürtingen,,,,,EUR,True,,,,,"https://www.glassdoor.de/job-listing/oberarzt-mwd-medius-kliniken-JV_IC2683823_KO0,12_KE13,28.htm?jl=1009969812702"
1009902438983,Facharzt (m/w/d) für Innere Medizin,medius KLINIKEN gemeinnützige GmbH,Nürtingen,,,,,EUR,True,,,,,"https://www.glassdoor.de/job-listing/facharzt-mwd-für-innere-medizin-medius-kliniken-JV_IC2683823_KO0,31_KE32,47.htm?jl=1009902438983"
1010092168446,Sicherheitsmitarbeiter (w/m/d) in Waldachtal,ZIEMANN SICHERHEIT GmbH - Waldachtal,Waldachtal,,,,,EUR,True,,,,,"https://www.glassdoor.de/job-listing/sicherheitsmitarbeiter-wmd-in-waldachtal-ziemann-gruppe-JV_IC4991203_KO0,40_KE41,55.htm?jl=1010092168446"
1010004664140,Dipl. Pflegefachfrau / Pflegefachmann Pflegepool (w/m/d) in der Schweiz,Bürgerspital Solothurn,Stuttgart,,,,,EUR,False,,,,,"https://www.glassdoor.de/job-listing/dipl-pflegefachfrau-pflegefachmann-pflegepool-wmd-in-der-schweiz-solothurner-spitäler-JV_IC2507190_KO0,64_KE65,85.htm?jl=1010004664140"
1010011261787,Pflegefachkraft (m/w/d) in der außerklinischen 1:1 Intensivpflege in der Region Esslingen in VZ / TZ (mind. 50%),Toll 24 Intensivpflege GmbH,Esslingen am Neckar,,,,,EUR,True,,,,,"https://www.glassdoor.de/job-listing/pflegefachkraft-mwd-in-der-außerklinischen-1-1-intensivpflege-in-der-region-esslingen-in-vz-tz-mind-50-toll-24-intensivpflege-gmbh-JV_IC4990609_KO0,102_KE103,130.htm?jl=1010011261787"
1010054286992,Oberarzt (m/w/) für interventionelle Kardiologie,medius KLINIKEN gemeinnützige GmbH,Ostfildern,,,,,EUR,True,,,,,"https://www.glassdoor.de/job-listing/oberarzt-mw-für-interventionelle-kardiologie-medius-kliniken-JV_IC2687698_KO0,44_KE45,60.htm?jl=1010054286992"
1009902628203,Arzt (m/w/d) in Weiterbildung zum Facharzt (m/w/d) für Anästhesiologie,medius KLINIKEN gemeinnützige GmbH,Nürtingen,,,,,EUR,True,,,,,"https://www.glassdoor.de/job-listing/arzt-mwd-in-weiterbildung-zum-facharzt-mwd-für-anästhesiologie-medius-kliniken-JV_IC2683823_KO0,62_KE63,78.htm?jl=1009902628203"
1010102859333,Vertriebsleiter - Immobilien (w/m/d) in Vollzeit,Immobilien Service Bärbel Bahr e.K.,Holzgerlingen,,,,,EUR,True,,,,,"https://www.glassdoor.de/job-listing/vertriebsleiter-immobilien-wmd-in-vollzeit-immobilien-service-bärbel-bahr-ek-JV_IC2692398_KO0,42_KE43,76.htm?jl=1010102859333"
1010109020940,"Erzieher / Pädagogische Fachkraft Kita (unbefristet, w/m/d)",educcare Bildungskindertagesstätten gGmbH,Stuttgart,,,,,EUR,False,,,,,"https://www.glassdoor.de/job-listing/erzieher-pädagogische-fachkraft-kita-unbefristet-wmd-educcare-JV_IC2507190_KO0,52_KE53,61.htm?jl=1010109020940"
1010098796270,Anwendungstechniker (m/w/d) für Messtechnik in Werkzeugmaschinen,Renishaw GmbH,Pliezhausen,,,,,EUR,True,,,,,"https://www.glassdoor.de/job-listing/anwendungstechniker-mwd-für-messtechnik-in-werkzeugmaschinen-renishaw-JV_IC2687010_KO0,60_KE61,69.htm?jl=1010098796270"
1010126433517,Praktikum CAPEX & Capacity Managment (m/w/d),MAHLE GmbH,Stuttgart,,,,,EUR,False,,,,,"https://www.glassdoor.de/job-listing/praktikum-capex-capacity-managment-mwd-mahle-international-JV_IC2507190_KO0,38_KE39,58.htm?jl=1010126433517"
1009902438748,Arzt (m/w/d) in Fortgeschrittener Weiterbildung oder Facharzt (m/w/d) für Innere Medizin mit Schwerpunkt ZNA und IMC,medius KLINIKEN gemeinnützige GmbH,Nürtingen,,,,,EUR,True,,,,,"https://www.glassdoor.de/job-listing/arzt-mwd-in-fortgeschrittener-weiterbildung-oder-facharzt-mwd-für-innere-medizin-mit-schwerpunkt-zna-und-imc-medius-kliniken-JV_IC2683823_KO0,108_KE109,124.htm?jl=1009902438748"
1010101459158,IT-Systemadministrator (m/w/d),BITZER Kühlmaschinenbau GmbH,Rottenburg am Neckar,,,,,EUR,False,,,,,"https://www.glassdoor.de/job-listing/it-systemadministrator-mwd-bitzer-JV_IC4991064_KO0,26_KE27,33.htm?jl=1010101459158"
1009902438825,Arzt (m/w/d) in Weiterbildung zum Facharzt (m/w/d) für Psychiatrie und Psychotherapie,medius KLINIKEN gemeinnützige GmbH,Kirchheim,,,,,EUR,True,,,,,"https://www.glassdoor.de/job-listing/arzt-mwd-in-weiterbildung-zum-facharzt-mwd-für-psychiatrie-und-psychotherapie-medius-kliniken-JV_IC2771218_KO0,77_KE78,93.htm?jl=1009902438825"
1010042156252,Physiotherapeut (m/w/d),medius KLINIKEN gemeinnützige GmbH,Nürtingen,,,,,EUR,True,,,,,"https://www.glassdoor.de/job-listing/physiotherapeut-mwd-medius-kliniken-JV_IC2683823_KO0,19_KE20,35.htm?jl=1010042156252"
1010109190143,Technischer Vertriebsmitarbeiter (m/w/d) / Anwendungstechniker (m/w/d) für Baden-Württemberg und Bayern,Burnus Professional GmbH & Co. KG,Baden-Württemberg,,,,,EUR,False,,,,,"https://www.glassdoor.de/job-listing/technischer-vertriebsmitarbeiter-mwd-anwendungstechniker-mwd-für-baden-württemberg-und-bayern-burnus-professional-gmbh-co-kg-JV_KO0,93_KE94,124.htm?jl=1010109190143"
1010126055555,Mitarbeiter/-in Betreiberverantwortung (m/w/d),Landeshauptstadt Stuttgart,Stuttgart,,,,,EUR,False,,,,,"https://www.glassdoor.de/job-listing/mitarbeiter-in-betreiberverantwortung-mwd-landeshauptstadt-stuttgart-JV_IC2507190_KO0,41_KE42,68.htm?jl=1010126055555"
1010063864019,Augenoptiker (m/w/d),Apollo-Optik Holding GmbH & Co. KG,Stuttgart,,,,,EUR,False,,,,,"https://www.glassdoor.de/job-listing/augenoptiker-mwd-apollo-optik-JV_IC2507190_KO0,16_KE17,29.htm?jl=1010063864019"
1010102845148,Assistant Store Manager (m/w/d) Build-A-Bear Workshop,Intersource Germany GmbH - Build-A-Bear,Sindelfingen,,,,,EUR,True,,,,,"https://www.glassdoor.de/job-listing/assistant-store-manager-mwd-build-a-bear-workshop-intersource-germany-gmbh-build-a-bear-JV_IC2506790_KO0,49_KE50,87.htm?jl=1010102845148"
1010101953746,LKW- und Radladerfahrer (m/w/d),RETERRA Service GmbH,Pfullingen,,,,,EUR,False,,,,,"https://www.glassdoor.de/job-listing/lkw-und-radladerfahrer-mwd-reterra-service-gmbh-JV_IC2772066_KO0,26_KE27,47.htm?jl=1010101953746"
1010099125232,Entgeltabrechner / Lohn- und Gehaltsbuchhalter TVöD (m/w/d) in Pforzheim,Siloah St. Trudpert Klinikum,Pforzheim,,,,,EUR,False,,,,,"https://www.glassdoor.de/job-listing/entgeltabrechner-lohn-und-gehaltsbuchhalter-tvöd-mwd-in-pforzheim-evangelische-diakonissenverein-siloah-JV_IC2807974_KO0,65_KE66,103.htm?jl=1010099125232"
1010004664025,Teamleitung Lagerungspflegerin / Lagerungspfleger (w/m/d) in der Schweiz,Bürgerspital Solothurn,Stuttgart,,,,,EUR,False,,,,,"https://www.glassdoor.de/job-listing/teamleitung-lagerungspflegerin-lagerungspfleger-wmd-in-der-schweiz-solothurner-spitäler-JV_IC2507190_KO0,66_KE67,87.htm?jl=1010004664025"
1009999075089,Project Manager AI & Engineering (m/f/d),TWT Science & Innovation,Stuttgart,,,,,EUR,False,,,,,"https://www.glassdoor.de/job-listing/project-manager-ai-engineering-mfd-twt-JV_IC2507190_KO0,34_KE35,38.htm?jl=1009999075089"
1010068647758,"Rettungsassistent / Notfallsanitäter (m/w/d) oder Gesundheits- und Krankenpfleger (m/w/d) oder Pflegefachfrau, Pflegefachmann oder Medizinischer Fachangestellter (m/w/d)",medius KLINIKEN gemeinnützige GmbH,Ostfildern,,,,,EUR,True,,,,,"https://www.glassdoor.de/job-listing/rettungsassistent-notfallsanitäter-mwd-oder-gesundheits-und-krankenpfleger-mwd-oder-pflegefachfrau-pflegefachmann-oder-medizinischer-fachangestellter-mwd-medius-kliniken-JV_IC2687698_KO0,153_KE154,169.htm?jl=1010068647758"
1010103752638,Kundendienst- / Servicetechniker für Heizungs- und Sanitäranlagen (m/w/d) in Rottenburg (Tübingen),Pulvermüller Bad Heizung,Rottenburg am Neckar,,,,,EUR,True,,,,,"https://www.glassdoor.de/job-listing/kundendienst-servicetechniker-für-heizungs-und-sanitäranlagen-mwd-in-rottenburg-tübingen-pulvermüller-bad-heizung-JV_IC4991064_KO0,88_KE89,113.htm?jl=1010103752638"
1010114479040,"Social-Media-Manager (w/m/d) im Referat »Grundsatzfragen, Öffentlichkeitsarbeit, Büro der Amtsleitung«",Statistisches Landesamt Baden-Württemberg,Fellbach,,,,,EUR,False,,,,,"https://www.glassdoor.de/job-listing/social-media-manager-wmd-im-referat-grundsatzfragen-öffentlichkeitsarbeit-büro-der-amtsleitung-statistisches-landesamt-baden-württemberg-JV_IC2692001_KO0,94_KE95,136.htm?jl=1010114479040"
1010065217676,Scrum Master (m/w/d),E.ON Energie Dialog GmbH,Stuttgart,,,,,EUR,False,,,,,"https://www.glassdoor.de/job-listing/scrum-master-mwd-e-on-JV_IC2507190_KO0,16_KE17,21.htm?jl=1010065217676"
1010100313135,CNC-Rundschleifer (m/w/d),botek Präzisionsbohrtechnik GmbH,Riederich,,,,,EUR,False,,,,,"https://www.glassdoor.de/job-listing/cnc-rundschleifer-mwd-botek-präzisionsbohrtechnik-gmbh-JV_IC2806973_KO0,21_KE22,54.htm?jl=1010100313135"
1010101706881,Traffic Controller,Closer Go Germany Gmbh,Stuttgart,,,,,EUR,True,,,,,"https://www.glassdoor.de/job-listing/traffic-controller-closer-go-germany-gmbh-JV_IC2507190_KO0,18_KE19,41.htm?jl=1010101706881"
1010085867893,LKW Fahrer (C/CE) – Abroll-/Absetzkipper (m/w/d),"REMONDIS GmbH & Co. KG, Region Süd",Reichenbach,,,,,EUR,False,,,,,"https://www.glassdoor.de/job-listing/lkw-fahrer-c-ce-abroll-absetzkipper-mwd-remondis-gruppe-JV_IC2805855_KO0,39_KE40,55.htm?jl=1010085867893"
1010085328992,Senior Lead Consultant,ADP,Stuttgart,,,,,EUR,False,,,,,"https://www.glassdoor.de/job-listing/senior-lead-consultant-adp-JV_IC2507190_KO0,22_KE23,26.htm?jl=1010085328992"
1010118495156,Praktikum Vertrieb Tier1 Kunden (m/w/d),MAHLE GmbH,Stuttgart,,,,,EUR,False,,,,,"https://www.glassdoor.de/job-listing/praktikum-vertrieb-tier1-kunden-mwd-mahle-international-JV_IC2507190_KO0,35_KE36,55.htm?jl=1010118495156"
1010098876904,Facharzt (m/w/d) für Rehamedizin,MVZ für Orthopädie WirbelSäulen-Therapie-Zentrum Stuttgart,Stuttgart,,,,,EUR,False,,,,,"https://www.glassdoor.de/job-listing/facharzt-mwd-für-rehamedizin-mvz-für-orthopädie-wirbelsäulen-therapie-zentrum-stuttgart-JV_IC2507190_KO0,28_KE29,87.htm?jl=1010098876904"
1010096204856,Pflegefachkraft mit erweiterter Kompetenz /Bachelorabschluss am Standort Mitte und Krankenhaus Bad Cannstatt (m/w/d),Klinikum Stuttgart,Stuttgart,,,,,EUR,True,,,,,"https://www.glassdoor.de/job-listing/pflegefachkraft-mit-erweiterter-kompetenz-bachelorabschluss-am-standort-mitte-und-krankenhaus-bad-cannstatt-mwd-klinikum-stuttgart-JV_IC2507190_KO0,111_KE112,130.htm?jl=1010096204856"
1009902456785,Arzt (m/w/d) in Weiterbildung zum Facharzt (m/w/d) für Innere Medizin oder Allgemeinmedizin,medius KLINIKEN gemeinnützige GmbH,Ostfildern,,,,,EUR,True,,,,,"https://www.glassdoor.de/job-listing/arzt-mwd-in-weiterbildung-zum-facharzt-mwd-für-innere-medizin-oder-allgemeinmedizin-medius-kliniken-JV_IC2687698_KO0,83_KE84,99.htm?jl=1009902456785"
1010082485303,Field Sales Freelancer- DE Hub14 - Stuttgart,SumUp,Stuttgart,,,,,EUR,True,,,,,"https://www.glassdoor.de/job-listing/field-sales-freelancer-de-hub14-stuttgart-sumup-JV_IC2507190_KO0,41_KE42,47.htm?jl=1010082485303"
1010113316025,Versicherungskaufmann oder Versicherungsfachmann als Innendienstmitarbeiter (m/w/d),LVM Versicherung,Böblingen,,,,,EUR,False,,,,,"https://www.glassdoor.de/job-listing/versicherungskaufmann-oder-versicherungsfachmann-als-innendienstmitarbeiter-mwd-lvm-landwirtschaftlicher-versicherungsverein-münster-JV_IC2765468_KO0,79_KE80,132.htm?jl=1010113316025"
1010119670295,(Senior) Simulation Software Engineer - Unreal Engine & AI Autonomy (d/m/w),E Airbus Defence and Space GmbH,Stuttgart,,,,,EUR,False,,,,,"https://www.glassdoor.de/job-listing/senior-simulation-software-engineer-unreal-engine-ai-autonomy-dmw-e-airbus-defence-and-space-gmbh-JV_IC2507190_KO0,65_KE66,97.htm?jl=1010119670295"
1009609317294,Consultant Commodity Trading (all genders) - BCG Platinion,Boston Consulting Group,Stuttgart,,,,,EUR,False,,,,,"https://www.glassdoor.de/job-listing/consultant-commodity-trading-all-genders-bcg-platinion-boston-consulting-group-JV_IC2507190_KO0,54_KE55,78.htm?jl=1009609317294"
1010030389377,Objektleiter Gebäudereinigung (m/w/d) – Stuttgart,SAAD Facility Management GmbH,Leonberg,,,,,EUR,True,,,,,"https://www.glassdoor.de/job-listing/objektleiter-gebäudereinigung-mwd-stuttgart-saad-facility-management-gmbh-JV_IC2561561_KO0,43_KE44,73.htm?jl=1010030389377"
1010104493369,Kundendisposition in der Logistik (m/w/d) - Volllzeit (40 / Woche) - vor Ort,Racemark International Gmbh,Empfingen,,,,,EUR,True,,,,,"https://www.glassdoor.de/job-listing/kundendisposition-in-der-logistik-mwd-volllzeit-40-woche-vor-ort-racemark-international-JV_IC2807331_KO0,64_KE65,87.htm?jl=1010104493369"
1010069649555,Senior Consultant Commodity Trading (all genders) - BCG Platinion,Boston Consulting Group,Stuttgart,,,,,EUR,False,,,,,"https://www.glassdoor.de/job-listing/senior-consultant-commodity-trading-all-genders-bcg-platinion-boston-consulting-group-JV_IC2507190_KO0,61_KE62,85.htm?jl=1010069649555"
1010085885915,LKW-Fahrer (C/CE) im Nahverkehr (m/w/d),"REMONDIS GmbH & Co. KG, Region Süd",Reichenbach,,,,,EUR,False,,,,,"https://www.glassdoor.de/job-listing/lkw-fahrer-c-ce-im-nahverkehr-mwd-remondis-gruppe-JV_IC2805855_KO0,33_KE34,49.htm?jl=1010085885915"
1010102687711,Arzt (m/w/d) in Weiterbildung zum Facharzt (m/w/d) für Gefäßchirurgie,medius KLINIKEN gemeinnützige GmbH,Nürtingen,,,,,EUR,True,,,,,"https://www.glassdoor.de/job-listing/arzt-mwd-in-weiterbildung-zum-facharzt-mwd-für-gefäßchirurgie-medius-kliniken-JV_IC2683823_KO0,61_KE62,77.htm?jl=1010102687711"
1010055683191,"Gesundheits- und Krankenpfleger (m/w/d) oder Pflegefachfrau, Pflegefachmann",medius KLINIKEN gemeinnützige GmbH,Nürtingen,,,,,EUR,True,,,,,"https://www.glassdoor.de/job-listing/gesundheits-und-krankenpfleger-mwd-oder-pflegefachfrau-pflegefachmann-medius-kliniken-JV_IC2683823_KO0,69_KE70,85.htm?jl=1010055683191"
1010053032201,Customer Service Mitarbeiter (m/w/d) Französisch/ Deutsch/ Englisch,Bentley InnoMed GmbH,Hechingen,,,,,EUR,False,,,,,"https://www.glassdoor.de/job-listing/customer-service-mitarbeiter-mwd-französisch-deutsch-englisch-bentley-JV_IC2564404_KO0,61_KE62,69.htm?jl=1010053032201"
1010115786410,Praktikum Corporate Security (m/w/d),MAHLE GmbH,Stuttgart,,,,,EUR,False,,,,,"https://www.glassdoor.de/job-listing/praktikum-corporate-security-mwd-mahle-international-JV_IC2507190_KO0,32_KE33,52.htm?jl=1010115786410"
1010104524870,Mitarbeiter Warenverräumung 6-9 Uhr Teilzeit (m/w/d),Lidl Bietigheim Süd,Sindelfingen,,,,,EUR,False,,,,,"https://www.glassdoor.de/job-listing/mitarbeiter-warenverräumung-69-uhr-teilzeit-mwd-lidl-JV_IC2506790_KO0,47_KE48,52.htm?jl=1010104524870"
1010021491411,Lagerungspflegerin / Lagerungspfleger (w/m/d) in der Schweiz,Bürgerspital Solothurn,Stuttgart,,,,,EUR,False,,,,,"https://www.glassdoor.de/job-listing/lagerungspflegerin-lagerungspfleger-wmd-in-der-schweiz-solothurner-spitäler-JV_IC2507190_KO0,54_KE55,75.htm?jl=1010021491411"
1010069649550,Senior Consultant Energy Utilities (all genders) - BCG Platinion,Boston Consulting Group,Stuttgart,,,,,EUR,False,,,,,"https://www.glassdoor.de/job-listing/senior-consultant-energy-utilities-all-genders-bcg-platinion-boston-consulting-group-JV_IC2507190_KO0,60_KE61,84.htm?jl=1010069649550"
1010122783644,Vertriebsassistent (m/w/d),KRINI® Aristidis Kristallidis GmbH,Weinstadt,,,,,EUR,True,,,,,"https://www.glassdoor.de/job-listing/vertriebsassistent-mwd-krini-aristidis-kristallidis-gmbh-JV_IC4991227_KO0,22_KE23,56.htm?jl=1010122783644"
1010102235809,Sales Consultant (m/w/d),Svea Solar Deutschland,Stuttgart,,,,,EUR,True,,,,,"https://www.glassdoor.de/job-listing/sales-consultant-mwd-svea-solar-JV_IC2507190_KO0,20_KE21,31.htm?jl=1010102235809"
1010124518422,Auszubildende zur medizinischen Fachangestellten (m/w/d),BG prevent GmbH,Stuttgart,,,,,EUR,False,,,,,"https://www.glassdoor.de/job-listing/auszubildende-zur-medizinischen-fachangestellten-mwd-bad-gruppe-JV_IC2507190_KO0,52_KE53,63.htm?jl=1010124518422"
1009762453435,Visiting Associate IT Architecture (all genders) - BCG Platinion,Boston Consulting Group,Stuttgart,,,,,EUR,False,,,,,"https://www.glassdoor.de/job-listing/visiting-associate-it-architecture-all-genders-bcg-platinion-boston-consulting-group-JV_IC2507190_KO0,60_KE61,84.htm?jl=1009762453435"
1010126154518,Projektingenieur/-in Betreiberverantwortung Schul-/ Schulsportanlagen (m/w/d),Landeshauptstadt Stuttgart,Stuttgart,,,,,EUR,False,,,,,"https://www.glassdoor.de/job-listing/projektingenieur-in-betreiberverantwortung-schul-schulsportanlagen-mwd-landeshauptstadt-stuttgart-JV_IC2507190_KO0,70_KE71,97.htm?jl=1010126154518"
1010062099806,"Gesundheits- und Krankenpfleger (m/w/d) oder Pflegefachfrau, Pflegefachmann",medius KLINIKEN gemeinnützige GmbH,Nürtingen,,,,,EUR,True,,,,,"https://www.glassdoor.de/job-listing/gesundheits-und-krankenpfleger-mwd-oder-pflegefachfrau-pflegefachmann-medius-kliniken-JV_IC2683823_KO0,69_KE70,85.htm?jl=1010062099806"
1009290138281,Erzieher (m/w/d) für unsere element-i BOSCH-Kita Feuerland,Konzept-e für Bildung und Betreuung gGmbH,Stuttgart,,,,,EUR,False,,,,,"https://www.glassdoor.de/job-listing/erzieher-mwd-für-unsere-element-i-bosch-kita-feuerland-konzept-e-JV_IC2507190_KO0,54_KE55,64.htm?jl=1009290138281"
1009899423143,Arzt (m/w/d) in Weiterbildung zum Facharzt (m/w/d) für Anästhesiologie,medius KLINIKEN gemeinnützige GmbH,Ostfildern,,,,,EUR,True,,,,,"https://www.glassdoor.de/job-listing/arzt-mwd-in-weiterbildung-zum-facharzt-mwd-für-anästhesiologie-medius-kliniken-JV_IC2687698_KO0,62_KE63,78.htm?jl=1009899423143"
1009902439037,"Gesundheits- und Krankenpfleger (m/w/d) oder Pflegefachfrau, Pflegefachmann",medius KLINIKEN gemeinnützige GmbH,Ostfildern,,,,,EUR,True,,,,,"https://www.glassdoor.de/job-listing/gesundheits-und-krankenpfleger-mwd-oder-pflegefachfrau-pflegefachmann-medius-kliniken-JV_IC2687698_KO0,69_KE70,85.htm?jl=1009902439037"
1010095546251,Finance Business Partner (m/w/d) Produktion & Werk in Markdorf,J. Wagner GmbH,Baden-Württemberg,,,,,EUR,False,,,,,"https://www.glassdoor.de/job-listing/finance-business-partner-mwd-produktion-werk-in-markdorf-j-wagner-gmbh-JV_KO0,56_KE57,70.htm?jl=1010095546251"
1010101823387,Kraftfahrer CE (m/w/d) Springer - Region Süd,Raben Trans European Germany GmbH,Albstadt,,,,,EUR,False,,,,,"https://www.glassdoor.de/job-listing/kraftfahrer-ce-mwd-springer-region-süd-raben-group-JV_IC2688035_KO0,38_KE39,50.htm?jl=1010101823387"
1010123850149,Senior Software Engineer - AI Trainer,DataAnnotation,Stuttgart,,,,,EUR,True,,,,,"https://www.glassdoor.de/job-listing/senior-software-engineer-ai-trainer-dataannotation-JV_IC2507190_KO0,35_KE36,50.htm?jl=1010123850149"
1010123850065,Senior Software Engineer - AI Trainer,DataAnnotation,Stuttgart,,,,,EUR,True,,,,,"https://www.glassdoor.de/job-listing/senior-software-engineer-ai-trainer-dataannotation-JV_IC2507190_KO0,35_KE36,50.htm?jl=1010123850065"
1010106612972,Stellvertretende/r Informationssicherheitsbeauftragte/r (m/w/d) Informationssicherheit und Datenschutz,Deutsche Rentenversicherung Baden-Württemberg,Stuttgart,,,,,EUR,False,,,,,"https://www.glassdoor.de/job-listing/stellvertretende-r-informationssicherheitsbeauftragte-rmwd-informationssicherheit-und-datenschutz-deutsche-rentenversicherung-JV_IC2507190_KO0,97_KE98,125.htm?jl=1010106612972"
1009963620053,Ausbildung zum Kaufmann im Einzelhandel (m/w/d) o2 Shop Sindelfingen,Telefónica Germany Retail GmbH,Sindelfingen,,,,,EUR,False,,,,,"https://www.glassdoor.de/job-listing/ausbildung-zum-kaufmann-im-einzelhandel-mwd-o2-shop-sindelfingen-virgin-media-o2-JV_IC2506790_KO0,64_KE65,80.htm?jl=1009963620053"
1009990231784,Staff Engineer Field Application Engineering (f/m/div),Infineon Technologies AG,Stuttgart,,,,,EUR,False,,,,,"https://www.glassdoor.de/job-listing/staff-engineer-field-application-engineering-fm-div-infineon-technologies-JV_IC2507190_KO0,51_KE52,73.htm?jl=1009990231784"
1010059141299,"Gesundheits- und Krankenpfleger (m/w/d) oder Pflegefachfrau, Pflegefachmann in unserem Pflegekräfte-Flexpool mit wechselnden Einsätzen unseren drei Standorten für Somatik und / oder Psychiatrie",medius KLINIKEN gemeinnützige GmbH,Kirchheim,,,,,EUR,True,,,,,"https://www.glassdoor.de/job-listing/gesundheits-und-krankenpfleger-mwd-oder-pflegefachfrau-pflegefachmann-in-unserem-pflegekräfte-flexpool-mit-wechselnden-einsätzen-unseren-drei-standorten-für-somatik-und-oder-psychiatrie-medius-kliniken-JV_IC2771218_KO0,185_KE186,201.htm?jl=1010059141299"
1010127623186,Regulatory and Sustainability Engineer (m/f/d),Techtronic Industries ELC GmbH,Winnenden,,,,,EUR,False,,,,,"https://www.glassdoor.de/job-listing/regulatory-and-sustainability-engineer-mfd-techtronic-industries-JV_IC2754558_KO0,42_KE43,64.htm?jl=1010127623186"
1010085876594,Kraftfahrer CE Springer (m/w/d) Tag und Nacht,Raben Trans European Germany GmbH,Albstadt,,,,,EUR,False,,,,,"https://www.glassdoor.de/job-listing/kraftfahrer-ce-springer-mwd-tag-und-nacht-raben-group-JV_IC2688035_KO0,41_KE42,53.htm?jl=1010085876594"
1010124573658,Logistikplaner (m/w/d),BITZER Kühlmaschinenbau GmbH,Rottenburg am Neckar,,,,,EUR,False,,,,,"https://www.glassdoor.de/job-listing/logistikplaner-mwd-bitzer-JV_IC4991064_KO0,18_KE19,25.htm?jl=1010124573658"
1009388760294,Consultant IT Architecture (all genders) - BCG Platinion,Boston Consulting Group,Stuttgart,,,,,EUR,False,,,,,"https://www.glassdoor.de/job-listing/consultant-it-architecture-all-genders-bcg-platinion-boston-consulting-group-JV_IC2507190_KO0,52_KE53,76.htm?jl=1009388760294"
1009879013886,Servicetechniker - Mechatroniker Kältetechnik m/w/d in Sindelfingen,SPIE Efficient Facilities GmbH,Böblingen,,,,,EUR,True,,,,,"https://www.glassdoor.de/job-listing/servicetechniker-mechatroniker-kältetechnik-mwd-in-sindelfingen-spie-JV_IC2765468_KO0,63_KE64,68.htm?jl=1009879013886"
1010095254522,Makler (m/w/d) in Vollzeit im Raum WAIBLINGEN,Immobilien Service Bärbel Bahr e.K.,Holzgerlingen,,,,,EUR,True,,,,,"https://www.glassdoor.de/job-listing/makler-mwd-in-vollzeit-im-raum-waiblingen-immobilien-service-bärbel-bahr-ek-JV_IC2692398_KO0,41_KE42,75.htm?jl=1010095254522"
1009839159477,Monteur / Facharbeiter / Baumaschinenführer m/w/d,SPIE SAG GmbH,Riederich,,,,,EUR,True,,,,,"https://www.glassdoor.de/job-listing/monteur-facharbeiter-baumaschinenführer-mwd-spie-JV_IC2806973_KO0,43_KE44,48.htm?jl=1009839159477"
1010077377721,Kalkulator (m/w/d),Academic Work,Stuttgart,,,,,EUR,False,,,,,"https://www.glassdoor.de/job-listing/kalkulator-mwd-academic-work-JV_IC2507190_KO0,14_KE15,28.htm?jl=1010077377721"
1010118266619,Legal Counsel (f/m/d) EMEA,Techtronic Industries ELC GmbH,Winnenden,,,,,EUR,True,,,,,"https://www.glassdoor.de/job-listing/legal-counsel-fmd-emea-techtronic-industries-JV_IC2754558_KO0,22_KE23,44.htm?jl=1010118266619"
1010118152001,Praktikum Politik / Außenbeziehungen am Standort Brüssel (m/w/d),MAHLE GmbH,Stuttgart,,,,,EUR,False,,,,,"https://www.glassdoor.de/job-listing/praktikum-politik-außenbeziehungen-am-standort-brüssel-mwd-mahle-international-JV_IC2507190_KO0,58_KE59,78.htm?jl=1010118152001"
1010118495206,Praktikum Arbeitsrecht (m/w/d),MAHLE GmbH,Stuttgart,,,,,EUR,False,,,,,"https://www.glassdoor.de/job-listing/praktikum-arbeitsrecht-mwd-mahle-international-JV_IC2507190_KO0,26_KE27,46.htm?jl=1010118495206"
1010119009298,CAFM-Manager | CAFM-Koordinator m/w/d,SPIE Efficient Facilities GmbH,Stuttgart,,,,,EUR,True,,,,,"https://www.glassdoor.de/job-listing/cafm-manager-cafm-koordinator-mwd-spie-JV_IC2507190_KO0,33_KE34,38.htm?jl=1010119009298"
1010085886380,Koch (m/w/d),Medirest GmbH,Gerlingen,,,,,EUR,True,,,,,"https://www.glassdoor.de/job-listing/koch-mwd-medirest-JV_IC2568052_KO0,8_KE9,17.htm?jl=1010085886380"
1010112542801,"Mass Account Manager, Germany",Wolt,Stuttgart,,,,,EUR,True,,,,,"https://www.glassdoor.de/job-listing/mass-account-manager-germany-wolt-JV_IC2507190_KO0,28_KE29,33.htm?jl=1010112542801"
1010071531617,Servicekraft Konferenz Teilzeit (Mensch),Sodexo Services GmbH,Stuttgart,,,,,EUR,True,,,,,"https://www.glassdoor.de/job-listing/servicekraft-konferenz-teilzeit-mensch-sodexo-JV_IC2507190_KO0,38_KE39,45.htm?jl=1010071531617"
1010103146098,Technischer Trainer (m/w/d) Schulungen & Anwendungstechnik in Markdorf,J. Wagner GmbH,Baden-Württemberg,,,,,EUR,False,,,,,"https://www.glassdoor.de/job-listing/technischer-trainer-mwd-schulungen-anwendungstechnik-in-markdorf-j-wagner-gmbh-JV_KO0,64_KE65,78.htm?jl=1010103146098"
1009498244357,Immobilienmakler (m/w/d) in Vollzeit,Immobilien Service Bärbel Bahr e.K.,Holzgerlingen,,,,,EUR,True,,,,,"https://www.glassdoor.de/job-listing/immobilienmakler-mwd-in-vollzeit-immobilien-service-bärbel-bahr-ek-JV_IC2692398_KO0,32_KE33,66.htm?jl=1009498244357"
1010125939757,Metzingen - Assistant Store Manager (m/w/d),Skechers USA Deutschland GmbH,Metzingen,,,,,EUR,True,,,,,"https://www.glassdoor.de/job-listing/metzingen-assistant-store-manager-mwd-skechers-usa-JV_IC2598787_KO0,37_KE38,50.htm?jl=1010125939757"
1009902439519,"Gesundheits- und Krankenpfleger (m/w/d) oder Pflegefachfrau, Pflegefachmann oder Altenpfleger (m/w/d)",medius KLINIKEN gemeinnützige GmbH,Nürtingen,,,,,EUR,True,,,,,"https://www.glassdoor.de/job-listing/gesundheits-und-krankenpfleger-mwd-oder-pflegefachfrau-pflegefachmann-oder-altenpfleger-mwd-medius-kliniken-JV_IC2683823_KO0,91_KE92,107.htm?jl=1009902439519"
1009546263662,Bilingual Administrative Assistant- AI Trainer,DataAnnotation,Stuttgart,,,,,EUR,False,,,,,"https://www.glassdoor.de/job-listing/bilingual-administrative-assistant-ai-trainer-dataannotation-JV_IC2507190_KO0,45_KE46,60.htm?jl=1009546263662"
1009865993348,Servicetechniker - Mechatroniker Kältetechnik m/w/d,SPIE Efficient Facilities GmbH,Sindelfingen,,,,,EUR,True,,,,,"https://www.glassdoor.de/job-listing/servicetechniker-mechatroniker-kältetechnik-mwd-spie-JV_IC2506790_KO0,47_KE48,52.htm?jl=1009865993348"
1010115787335,Praktikum Globales Talentmanagement (m/w/d),MAHLE GmbH,Stuttgart,,,,,EUR,False,,,,,"https://www.glassdoor.de/job-listing/praktikum-globales-talentmanagement-mwd-mahle-international-JV_IC2507190_KO0,39_KE40,59.htm?jl=1010115787335"
1009609317308,IT Architect (all genders) - BCG Platinion,Boston Consulting Group,Stuttgart,,,,,EUR,False,,,,,"https://www.glassdoor.de/job-listing/it-architect-all-genders-bcg-platinion-boston-consulting-group-JV_IC2507190_KO0,38_KE39,62.htm?jl=1009609317308"
1010108445870,Store Supervisor (m/w/d),TNF,Metzingen,,,,,EUR,True,,,,,"https://www.glassdoor.de/job-listing/store-supervisor-mwd-timberland-JV_IC2598787_KO0,20_KE21,31.htm?jl=1010108445870"
1010071519094,Mitarbeiter Warenverräumung (m/w/d),REWE,Böblingen,,,,,EUR,False,,,,,"https://www.glassdoor.de/job-listing/mitarbeiter-warenverräumung-mwd-rewe-markt-JV_IC2765468_KO0,31_KE32,42.htm?jl=1010071519094"
1010115786455,Praktikum Konzerndatenschutz (m/w/d),MAHLE GmbH,Stuttgart,,,,,EUR,False,,,,,"https://www.glassdoor.de/job-listing/praktikum-konzerndatenschutz-mwd-mahle-international-JV_IC2507190_KO0,32_KE33,52.htm?jl=1010115786455"
1009902438695,"Gesundheits- und Krankenpfleger (m/w/d) oder Pflegefachfrau, Pflegefachmann oder Altenpfleger (m/w/d) in unserem internen Flexpool",medius KLINIKEN gemeinnützige GmbH,Kirchheim,,,,,EUR,True,,,,,"https://www.glassdoor.de/job-listing/gesundheits-und-krankenpfleger-mwd-oder-pflegefachfrau-pflegefachmann-oder-altenpfleger-mwd-in-unserem-internen-flexpool-medius-kliniken-JV_IC2771218_KO0,120_KE121,136.htm?jl=1009902438695"
1010094044190,Spezialist Payroll & Lohn‑ und Gehaltsabrechnung (m/w/d) – HR Software,Wolters Kluwer Tax & Accounting Deutschland GmbH,Bretten,,,,,EUR,False,,,,,"https://www.glassdoor.de/job-listing/spezialist-payroll-lohn-und-gehaltsabrechnung-mwd-hr-software-wolters-kluwer-JV_IC2773563_KO0,61_KE62,76.htm?jl=1010094044190"
1010119670299,DevOps & QA Engineer (d/f/m) - Infrastructure and Quality for Safety-Critical Software,E Airbus Defence and Space GmbH,Stuttgart,,,,,EUR,False,,,,,"https://www.glassdoor.de/job-listing/devops-qa-engineer-dfm-infrastructure-and-quality-for-safety-critical-software-e-airbus-defence-and-space-gmbh-JV_IC2507190_KO0,78_KE79,110.htm?jl=1010119670299"
1010115786343,Praktikum Corporate Talent Management - Learning Services (m/w/d),MAHLE GmbH,Stuttgart,,,,,EUR,False,,,,,"https://www.glassdoor.de/job-listing/praktikum-corporate-talent-management-learning-services-mwd-mahle-international-JV_IC2507190_KO0,59_KE60,79.htm?jl=1010115786343"
1010103146106,Academy & Tech Center Specialist (m/w/d) in Markdorf,J. Wagner GmbH,Baden-Württemberg,,,,,EUR,False,,,,,"https://www.glassdoor.de/job-listing/academy-tech-center-specialist-mwd-in-markdorf-j-wagner-gmbh-JV_KO0,46_KE47,60.htm?jl=1010103146106"
1010119670296,(Senior) Full-Stack Software Engineer (d/m/w) - AI-based Autonomy Hub,E Airbus Defence and Space GmbH,Stuttgart,,,,,EUR,False,,,,,"https://www.glassdoor.de/job-listing/senior-full-stack-software-engineer-dmw-ai-based-autonomy-hub-e-airbus-defence-and-space-gmbh-JV_IC2507190_KO0,61_KE62,93.htm?jl=1010119670296"
1010118152005,"Praktikum Energie-, Facility-, und Bauprojektmanagement (m/w/d)",MAHLE GmbH,Stuttgart,,,,,EUR,False,,,,,"https://www.glassdoor.de/job-listing/praktikum-energie-facility-und-bauprojektmanagement-mwd-mahle-international-JV_IC2507190_KO0,55_KE56,75.htm?jl=1010118152005"
1010118496577,Praktikum Personalbetreuung - Lernende (m/w/d),MAHLE GmbH,Stuttgart,,,,,EUR,False,,,,,"https://www.glassdoor.de/job-listing/praktikum-personalbetreuung-lernende-mwd-mahle-international-JV_IC2507190_KO0,40_KE41,60.htm?jl=1010118496577"
1010075628300,Teamleiter (m/w/d) Business Analyse & Qualitätssicherung – Online‑Lohnentwicklung,Wolters Kluwer Tax & Accounting Deutschland GmbH,Ludwigsburg,,,,,EUR,False,,,,,"https://www.glassdoor.de/job-listing/teamleiter-mwd-business-analyse-qualitätssicherung-online-lohnentwicklung-wolters-kluwer-JV_IC2771654_KO0,73_KE74,88.htm?jl=1010075628300"
1010115786338,Praktikum Global HR Processes and Automation (m/w/d),MAHLE GmbH,Stuttgart,,,,,EUR,False,,,,,"https://www.glassdoor.de/job-listing/praktikum-global-hr-processes-and-automation-mwd-mahle-international-JV_IC2507190_KO0,48_KE49,68.htm?jl=1010115786338"
1010112542805,Senior Account Manager (m/w/d),Wolt,Stuttgart,,,,,EUR,True,,,,,"https://www.glassdoor.de/job-listing/senior-account-manager-mwd-wolt-JV_IC2507190_KO0,26_KE27,31.htm?jl=1010112542805"
1009938581726,Ausbildung 2026: Fachlagerist / Fachkraft für Lagerlogistik (m/w/d),Nagel-Group Logistics SE,Reichenbach,,,,,EUR,True,,,,,"https://www.glassdoor.de/job-listing/ausbildung-2026-fachlagerist-fachkraft-für-lagerlogistik-mwd-nagel-group-JV_IC2805855_KO0,60_KE61,72.htm?jl=1009938581726"
1009598983685,Senior Consultant Enterprise Solutions – SAP focus (all genders) - BCG Platinion,Boston Consulting Group,Stuttgart,,,,,EUR,False,,,,,"https://www.glassdoor.de/job-listing/senior-consultant-enterprise-solutions-sap-focus-all-genders-bcg-platinion-boston-consulting-group-JV_IC2507190_KO0,74_KE75,98.htm?jl=1009598983685"
1010063659650,Software & DevOps Cloud Engineer (all genders),EXXETA,Stuttgart,,,,,EUR,False,,,,,"https://www.glassdoor.de/job-listing/software-devops-cloud-engineer-all-genders-exxeta-JV_IC2507190_KO0,42_KE43,49.htm?jl=1010063659650"
1010126055552,Sachbearbeiter/-in Stellenplan (m/w/d),Landeshauptstadt Stuttgart,Stuttgart,,,,,EUR,False,,,,,"https://www.glassdoor.de/job-listing/sachbearbeiter-in-stellenplan-mwd-landeshauptstadt-stuttgart-JV_IC2507190_KO0,33_KE34,60.htm?jl=1010126055552"
1010011689233,"Director, Software Development (all genders)",TeamViewer Germany GmbH,Stuttgart,,,,,EUR,True,,,,,"https://www.glassdoor.de/job-listing/director-software-development-all-genders-teamviewer-JV_IC2507190_KO0,41_KE42,52.htm?jl=1010011689233"
1010128813728,Kindertagespflegeperson (m/w/d) als mobile Vertretungskraft Teilzeit,Caritasverband Darmstadt e.V.,Stuttgart,,,,,EUR,False,,,,,"https://www.glassdoor.de/job-listing/kindertagespflegeperson-mwd-als-mobile-vertretungskraft-teilzeit-caritas-JV_IC2507190_KO0,64_KE65,72.htm?jl=1010128813728"
1010055941971,Sales Assistant 100% - Metzingen,MCM Worldwide,Metzingen,,,,,EUR,True,,,,,"https://www.glassdoor.de/job-listing/sales-assistant-100-metzingen-mcm-worldwide-JV_IC2598787_KO0,29_KE30,43.htm?jl=1010055941971"
1010127747948,"Teamleiter / Schichtleiter / Schichtbetreuer SMT/THT (m/w/d), Großbettlingen",ASPRO GmbH,Großbettlingen,,,,,EUR,True,,,,,"https://www.glassdoor.de/job-listing/teamleiter-schichtleiter-schichtbetreuer-smt-tht-mwd-großbettlingen-aspro-gmbh-JV_IC2558936_KO0,67_KE68,78.htm?jl=1010127747948"
1010117038168,Praktikum Engagement & Belonging (m/w/d),MAHLE GmbH,Stuttgart,,,,,EUR,False,,,,,"https://www.glassdoor.de/job-listing/praktikum-engagement-belonging-mwd-mahle-international-JV_IC2507190_KO0,34_KE35,54.htm?jl=1010117038168"
1009985251302,Junior Objektleiter | TGA m/w/d,SPIE Efficient Facilities GmbH,Stuttgart,,,,,EUR,True,,,,,"https://www.glassdoor.de/job-listing/junior-objektleiter-tga-mwd-spie-JV_IC2507190_KO0,27_KE28,32.htm?jl=1009985251302"
1009804126275,Elektriker / Elektroniker / Monteur Nieder- und Mittelspannung m/w/d,SPIE SAG GmbH,Riederich,,,,,EUR,True,,,,,"https://www.glassdoor.de/job-listing/elektriker-elektroniker-monteur-nieder-und-mittelspannung-mwd-spie-JV_IC2806973_KO0,61_KE62,66.htm?jl=1009804126275"
1010117111922,Verkaufsberater*in (m/w/d) Motorradbekleidung – Held Center Stuttgart,Held GmbH - Biker Fashion,Filderstadt,,,,,EUR,True,,,,,"https://www.glassdoor.de/job-listing/verkaufsberater-in-mwd-motorradbekleidung-held-center-stuttgart-held-gmbh-biker-fashion-JV_IC2692002_KO0,63_KE64,87.htm?jl=1010117111922"
1010112241169,Leiter Nachhaltigkeit - Verpackung (m/w/d) in Heilbronn,Kaufland,Baden-Württemberg,,,,,EUR,False,,,,,"https://www.glassdoor.de/job-listing/leiter-nachhaltigkeit-verpackung-mwd-in-heilbronn-kaufland-JV_KO0,49_KE50,58.htm?jl=1010112241169"
1010115786411,Praktikum Markt- und Wettbewerbsbeobachtung (m/w/d),MAHLE GmbH,Stuttgart,,,,,EUR,False,,,,,"https://www.glassdoor.de/job-listing/praktikum-markt-und-wettbewerbsbeobachtung-mwd-mahle-international-JV_IC2507190_KO0,46_KE47,66.htm?jl=1010115786411"
1010128813795,Sachbearbeiter (m/w/d) Schwerbehindertenrecht,Landratsamt Rems-Murr-Kreis,Waiblingen,,,,,EUR,False,,,,,"https://www.glassdoor.de/job-listing/sachbearbeiter-mwd-schwerbehindertenrecht-landratsamt-rems-murr-kreis-JV_IC2509914_KO0,41_KE42,69.htm?jl=1010128813795"
1010110613588,Senior SEO Manager (m/w/d),netzgefährten GmbH,Stuttgart,,,,,EUR,True,,,,,"https://www.glassdoor.de/job-listing/senior-seo-manager-mwd-netzgefährten-JV_IC2507190_KO0,22_KE23,36.htm?jl=1010110613588"
1009746729810,Technischer Assistent (m/w/d),Fenix Group Deutschland GmbH,Stuttgart,,,,,EUR,True,,,,,"https://www.glassdoor.de/job-listing/technischer-assistent-mwd-fenix-group-deutschland-gmbh-JV_IC2507190_KO0,25_KE26,54.htm?jl=1009746729810"
1009879013890,Servicetechniker - Mechatroniker Kältetechnik m/w/d in Sindelfingen,SPIE Efficient Facilities GmbH,Stuttgart,,,,,EUR,True,,,,,"https://www.glassdoor.de/job-listing/servicetechniker-mechatroniker-kältetechnik-mwd-in-sindelfingen-spie-JV_IC2507190_KO0,63_KE64,68.htm?jl=1009879013890"
1010021491413,Lagerungspflegerin / Lagerungspfleger (w/m/d) in der Schweiz,Bürgerspital Solothurn,Baden-Württemberg,,,,,EUR,False,,,,,"https://www.glassdoor.de/job-listing/lagerungspflegerin-lagerungspfleger-wmd-in-der-schweiz-solothurner-spitäler-JV_KO0,54_KE55,75.htm?jl=1010021491413"
1010067299608,Logistikkoordinator Fahrzeugservices (m/w/d),Europcar,Stuttgart,,,,,EUR,False,,,,,"https://www.glassdoor.de/job-listing/logistikkoordinator-fahrzeugservices-mwd-europcar-mobility-group-JV_IC2507190_KO0,40_KE41,64.htm?jl=1010067299608"
1010083903320,Kundenberater*in/ Verkäufer*in (w/m/d),Europcar,Tübingen,,,,,EUR,False,,,,,"https://www.glassdoor.de/job-listing/kundenberater-in-verkäufer-in-wmd-europcar-mobility-group-JV_IC2689943_KO0,33_KE34,57.htm?jl=1010083903320"
1010011947972,Vorarbeiter (m/w/d) Auslieferungsfahrer Klasse C,CCG DE GmbH,Korntal-Münchingen,,,,,EUR,False,,,,,"https://www.glassdoor.de/job-listing/vorarbeiter-mwd-auslieferungsfahrer-klasse-c-cool-chain-group-holding-JV_IC2771235_KO0,44_KE45,69.htm?jl=1010011947972"
1009910649818,Ausbildung zur/zum Kauffrau/-mann im Einzelhandel JOOP! Outlet Metzingen (d/m/w),Holy Fashion Group,Metzingen,,,,,EUR,False,,,,,"https://www.glassdoor.de/job-listing/ausbildung-zur-zum-kauffrau-mann-im-einzelhandel-joop-outlet-metzingen-dmw-holy-fashion-group-JV_IC2598787_KO0,74_KE75,93.htm?jl=1009910649818"
1010036239917,Makler für Neubauimmobilien (m/w/d) in Vollzeit,Immobilien Service Bärbel Bahr e.K.,Holzgerlingen,,,,,EUR,True,,,,,"https://www.glassdoor.de/job-listing/makler-für-neubauimmobilien-mwd-in-vollzeit-immobilien-service-bärbel-bahr-ek-JV_IC2692398_KO0,43_KE44,77.htm?jl=1010036239917"
1010112542809,Account Manager m/f/x,Wolt,Stuttgart,,,,,EUR,True,,,,,"https://www.glassdoor.de/job-listing/account-manager-mfx-wolt-JV_IC2507190_KO0,19_KE20,24.htm?jl=1010112542809"
1009879013887,Servicetechniker - Mechatroniker Kältetechnik m/w/d in Sindelfingen,SPIE Efficient Facilities GmbH,Tübingen,,,,,EUR,True,,,,,"https://www.glassdoor.de/job-listing/servicetechniker-mechatroniker-kältetechnik-mwd-in-sindelfingen-spie-JV_IC2689943_KO0,63_KE64,68.htm?jl=1009879013887"
1010071444510,Sicherheitsmitarbeiter §34a (Mensch),Sodexo Services GmbH,Stuttgart,,,,,EUR,True,,,,,"https://www.glassdoor.de/job-listing/sicherheitsmitarbeiter-34a-mensch-sodexo-JV_IC2507190_KO0,33_KE34,40.htm?jl=1010071444510"
1010115739200,Bauamtsleitung (m/w/d),Gemeinde Plüderhausen,Plüderhausen,,,,,EUR,False,,,,,"https://www.glassdoor.de/job-listing/bauamtsleitung-mwd-gemeinde-plüderhausen-JV_IC2772071_KO0,18_KE19,40.htm?jl=1010115739200"
1010123502122,IT (Senior) Application Manager (m/w/d),Bentley InnoMed GmbH,Hechingen,,,,,EUR,False,,,,,"https://www.glassdoor.de/job-listing/it-senior-application-manager-mwd-bentley-JV_IC2564404_KO0,33_KE34,41.htm?jl=1010123502122"
1010081290924,Versicherungskaufmann oder Versicherungsfachmann als Innendienstmitarbeiter (m/w/d),LVM Versicherung,Pforzheim,,,,,EUR,False,,,,,"https://www.glassdoor.de/job-listing/versicherungskaufmann-oder-versicherungsfachmann-als-innendienstmitarbeiter-mwd-lvm-landwirtschaftlicher-versicherungsverein-münster-JV_IC2807974_KO0,79_KE80,132.htm?jl=1010081290924"
1010033063347,Account Manager (f/m/div),Infineon Technologies AG,Stuttgart,,,,,EUR,False,,,,,"https://www.glassdoor.de/job-listing/account-manager-fm-div-infineon-technologies-JV_IC2507190_KO0,22_KE23,44.htm?jl=1010033063347"
1010092431241,Fachkraft für Arbeitssicherheit (SiFa) (m/w/d),Omexom Hochspannung GmbH,Bretten,,,,,EUR,False,,,,,"https://www.glassdoor.de/job-listing/fachkraft-für-arbeitssicherheit-sifa-mwd-omexom-JV_IC2773563_KO0,40_KE41,47.htm?jl=1010092431241"
1010071336272,Lehrkraft für Kindheitspädagogik (m/w/d),Kolping Schulen gGmbH,Sindelfingen,,,,,EUR,True,,,,,"https://www.glassdoor.de/job-listing/lehrkraft-für-kindheitspädagogik-mwd-kolping-bildungswerk-JV_IC2506790_KO0,36_KE37,57.htm?jl=1010071336272"
1010109641237,HR Referent (ab 50%) (m/w/x),Arverio Deutschland GmbH,Stuttgart,,,,,EUR,True,,,,,"https://www.glassdoor.de/job-listing/hr-referent-ab-50-mwx-arverio-deutschland-gmbh-JV_IC2507190_KO0,21_KE22,46.htm?jl=1010109641237"
1010118494187,Abschlussarbeit Technologiebewertung zukünftiger Fahrzeugantriebssysteme (m/w/d),MAHLE GmbH,Stuttgart,,,,,EUR,False,,,,,"https://www.glassdoor.de/job-listing/abschlussarbeit-technologiebewertung-zukünftiger-fahrzeugantriebssysteme-mwd-mahle-international-JV_IC2507190_KO0,76_KE77,96.htm?jl=1010118494187"
1010092713948,Masterarbeit Sensor-Ready Gaussian Scene Representations for Simulation in Autonomous Driving,Dr. Ing. h.c. F. Porsche AG,Weissach,,,,,EUR,False,,,,,"https://www.glassdoor.de/job-listing/masterarbeit-sensor-ready-gaussian-scene-representations-for-simulation-in-autonomous-driving-porsche-JV_IC2510445_KO0,93_KE94,101.htm?jl=1010092713948"
1010112060953,Research Engineer for AI Validation (f/m/div.),Bosch Group,Renningen,,,,,EUR,False,,,,,"https://www.glassdoor.de/job-listing/research-engineer-for-ai-validation-fm-div-bosch-JV_IC2684212_KO0,42_KE43,48.htm?jl=1010112060953"
1010112389425,Bachelor Thesis Automated Creation of Knowledge Articles & Video Tutorials from Support Tickets using AI in Mobile Hydraulics,Bosch Group,Schwieberdingen,,,,,EUR,False,,,,,"https://www.glassdoor.de/job-listing/bachelor-thesis-automated-creation-of-knowledge-articles-video-tutorials-from-support-tickets-using-ai-in-mobile-hydraulics-bosch-JV_IC2506037_KO0,123_KE124,129.htm?jl=1010112389425"
1010112051601,Masterarbeit Einfluss der Umformtextur auf das Ermüdungsverhalten von Stählen,Bosch Group,Renningen,,,,,EUR,False,,,,,"https://www.glassdoor.de/job-listing/masterarbeit-einfluss-der-umformtextur-auf-das-ermüdungsverhalten-von-stählen-bosch-JV_IC2684212_KO0,77_KE78,83.htm?jl=1010112051601"
1010112053154,Promotion - CFD Simulation und Modellierung von Laserbearbeitungsprozessen,Bosch Group,Renningen,,,,,EUR,False,,,,,"https://www.glassdoor.de/job-listing/promotion-cfd-simulation-und-modellierung-von-laserbearbeitungsprozessen-bosch-JV_IC2684212_KO0,72_KE73,78.htm?jl=1010112053154"
1010112052541,Promotion - Datengetriebene Modifikation von Kunststoffen zur bauteil- und prozessspezifischen Eigenschaftsoptimierung,Bosch Group,Renningen,,,,,EUR,False,,,,,"https://www.glassdoor.de/job-listing/promotion-datengetriebene-modifikation-von-kunststoffen-zur-bauteil-und-prozessspezifischen-eigenschaftsoptimierung-bosch-JV_IC2684212_KO0,115_KE116,121.htm?jl=1010112052541"
1010115890476,Master Thesis Combining Imitation & Reinforcement Learning to Solve Automated Driving,Bosch Group,Renningen,,,,,EUR,False,,,,,"https://www.glassdoor.de/job-listing/master-thesis-combining-imitation-reinforcement-learning-to-solve-automated-driving-bosch-JV_IC2684212_KO0,83_KE84,89.htm?jl=1010115890476"
1010112048775,Master Thesis Execution-Aware Multi-Robot Planning,Bosch Group,Renningen,,,,,EUR,False,,,,,"https://www.glassdoor.de/job-listing/master-thesis-execution-aware-multi-robot-planning-bosch-JV_IC2684212_KO0,50_KE51,56.htm?jl=1010112048775"
1010112049584,Master Thesis Optimized Design of Robotic Assembly Systems,Bosch Group,Renningen,,,,,EUR,False,,,,,"https://www.glassdoor.de/job-listing/master-thesis-optimized-design-of-robotic-assembly-systems-bosch-JV_IC2684212_KO0,58_KE59,64.htm?jl=1010112049584"
1010114751156,Master Thesis Reinforcement Learning for Behavior Planning in Automated Driving,Bosch Group,Renningen,,,,,EUR,False,,,,,"https://www.glassdoor.de/job-listing/master-thesis-reinforcement-learning-for-behavior-planning-in-automated-driving-bosch-JV_IC2684212_KO0,79_KE80,85.htm?jl=1010114751156"
1010112056700,Master Thesis Data-Efficient Hybrid Machine Learning for Robust Vibration System Prediction,Bosch Group,Renningen,,,,,EUR,False,,,,,"https://www.glassdoor.de/job-listing/master-thesis-data-efficient-hybrid-machine-learning-for-robust-vibration-system-prediction-bosch-JV_IC2684212_KO0,91_KE92,97.htm?jl=1010112056700"
1010088582846,(Senior) Consultant (m/w/d) Artificial Intelligence,Ingenics AG,Stuttgart,,,,,EUR,True,,,,,"https://www.glassdoor.de/job-listing/senior-consultant-mwd-artificial-intelligence-ingenics-JV_IC2507190_KO0,45_KE46,54.htm?jl=1010088582846"
1009916972078,Bachelor of Science (B. Sc.) (w/m/d) - Data Science & Künstliche Intelligenz - 2026,Trumpf,Ditzingen,,,,,EUR,False,,,,,"https://www.glassdoor.de/job-listing/bachelor-of-science-b-sc-wmd-data-science-künstliche-intelligenz-2026-trumpf-JV_IC2765693_KO0,69_KE70,76.htm?jl=1009916972078"
1010063798019,Project Manager – Neuromorphic Computing and Edge AI,Fraunhofer-Institut für Integrierte Schaltungen IIS,Heilbronn,,,,,EUR,False,,,,,"https://www.glassdoor.de/job-listing/project-manager-neuromorphic-computing-and-edge-ai-fraunhofer-gesellschaft-JV_IC2684889_KO0,50_KE51,74.htm?jl=1010063798019"
1009916972096,Bachelor of Science (B. Sc.) (w/m/d) - Wirtschaftsinformatik - 2026,Trumpf,Ditzingen,,,,,EUR,False,,,,,"https://www.glassdoor.de/job-listing/bachelor-of-science-b-sc-wmd-wirtschaftsinformatik-2026-trumpf-JV_IC2765693_KO0,55_KE56,62.htm?jl=1009916972096"
1008210997511,(Senior) Data Scientist (m/f/d),Lehmann + Pioneers Digital GmbH,Leinfelden-Echterdingen,,,,,EUR,False,,,,,"https://www.glassdoor.de/job-listing/senior-data-scientist-mfd-lehmann-pioneers-digital-JV_IC2597364_KO0,25_KE26,50.htm?jl=1008210997511"
1010121495371,"Software Engineer, Platform - Stuttgart, Germany",Speechify,Stuttgart,,,,,EUR,False,,,,,"https://www.glassdoor.de/job-listing/software-engineer-platform-stuttgart-germany-speechify-JV_IC2507190_KO0,44_KE45,54.htm?jl=1010121495371"
1009894158550,(Senior) Consultant (m/w/d) Data Science & Artificial Intelligence,Ingenics AG,Stuttgart,,,,,EUR,True,,,,,"https://www.glassdoor.de/job-listing/senior-consultant-mwd-data-science-artificial-intelligence-ingenics-JV_IC2507190_KO0,58_KE59,67.htm?jl=1009894158550"
1010074887163,HPE HPC&AI Technical Consultant (f/m/d),Hewlett Packard Enterprise,Böblingen,,,,,EUR,False,,,,,"https://www.glassdoor.de/job-listing/hpe-hpc-ai-technical-consultant-fmd-hewlett-packard-enterprise-hpe-JV_IC2765468_KO0,35_KE36,66.htm?jl=1010074887163"
1010097242667,Product Line Architect (PLA) for Crypto Management Solution (f/m/d),Thales,Ditzingen,,,,,EUR,False,,,,,"https://www.glassdoor.de/job-listing/product-line-architect-pla-for-crypto-management-solution-fmd-thales-JV_IC2765693_KO0,61_KE62,68.htm?jl=1010097242667"
1010039474946,Head of Engineering / Director R&D (f/m/d),Thales,Ditzingen,,,,,EUR,False,,,,,"https://www.glassdoor.de/job-listing/head-of-engineering-director-rdfmd-thales-JV_IC2765693_KO0,34_KE35,41.htm?jl=1010039474946"
1010114215077,Tech Lead Software Engineering for Cloud-based Industrial AI and Software Applications (f/m/div.),Bosch Group,Renningen,,,,,EUR,False,,,,,"https://www.glassdoor.de/job-listing/tech-lead-software-engineering-for-cloud-based-industrial-ai-and-software-applications-fm-div-bosch-JV_IC2684212_KO0,93_KE94,99.htm?jl=1010114215077"
1010114215107,Tech Lead for AI Feature Development in Cloud‑Based Industrial AI and Software Applications (f/m/div.),Bosch Group,Renningen,,,,,EUR,False,,,,,"https://www.glassdoor.de/job-listing/tech-lead-for-ai-feature-development-in-cloud-based-industrial-ai-and-software-applications-fm-div-bosch-JV_IC2684212_KO0,98_KE99,104.htm?jl=1010114215107"
1009931310826,Software Engineer for AI Forecasting (m/w/d),Schwarz Digits KG,Heilbronn,,,,,EUR,False,,,,,"https://www.glassdoor.de/job-listing/software-engineer-for-ai-forecasting-mwd-schwarz-digits-kg-JV_IC2684889_KO0,40_KE41,58.htm?jl=1009931310826"
1010067321464,PhD Thesis - Scalable and explainable End2End Driving Model (SEED),Bosch Group,Leonberg,,,,,EUR,True,,,,,"https://www.glassdoor.de/job-listing/phd-thesis-scalable-and-explainable-end2end-driving-model-seed-bosch-JV_IC2561561_KO0,62_KE63,68.htm?jl=1010067321464"
1010035223567,Country Security Manager Germany (m/f/d),Thales,Ditzingen,,,,,EUR,False,,,,,"https://www.glassdoor.de/job-listing/country-security-manager-germany-mfd-thales-JV_IC2765693_KO0,36_KE37,43.htm?jl=1010035223567"
1009912678434,Praktikum Data Science,Dr. Ing. h.c. F. Porsche AG,Weissach,,,,,EUR,False,,,,,"https://www.glassdoor.de/job-listing/praktikum-data-science-porsche-JV_IC2510445_KO0,22_KE23,30.htm?jl=1009912678434"
1009752292806,(Senior) Developer - Fokus Tax Technology (m/w/d),RSM Ebner Stolz Wirtschaftsprüfer Steuerberater Rechtsanwälte Partnerschaft mbB,Stuttgart,,,,,EUR,False,,,,,"https://www.glassdoor.de/job-listing/senior-developer-fokus-tax-technology-mwd-rsm-ebner-stolz-JV_IC2507190_KO0,41_KE42,57.htm?jl=1009752292806"
1010112103647,Bachelor Thesis Automated Creation of Knowledge Articles & Video Tutorials from Support Tickets using AI in Mobile Hydraulics,Rexroth,Schwieberdingen,,,,,EUR,True,,,,,"https://www.glassdoor.de/job-listing/bachelor-thesis-automated-creation-of-knowledge-articles-video-tutorials-from-support-tickets-using-ai-in-mobile-hydraulics-bosch-JV_IC2506037_KO0,123_KE124,129.htm?jl=1010112103647"
1010127217638,Praktikum Software Engineer in Forecasting (m/w/d),Schwarz Digits KG,Heilbronn,,,,,EUR,False,,,,,"https://www.glassdoor.de/job-listing/praktikum-software-engineer-in-forecasting-mwd-schwarz-digits-kg-JV_IC2684889_KO0,46_KE47,64.htm?jl=1010127217638"
1010025489579,Internship in Development of AI-Based Solutions for Embedded Middleware Software,ETAS,Abstatt,,,,,EUR,True,,,,,"https://www.glassdoor.de/job-listing/internship-in-development-of-ai-based-solutions-for-embedded-middleware-software-bosch-JV_IC2687904_KO0,80_KE81,86.htm?jl=1010025489579"
1010000864499,Senior Consultant IT Audit & IT Assurance (m/w/d),Deloitte GmbH,Stuttgart,,,,,EUR,False,,,,,"https://www.glassdoor.de/job-listing/senior-consultant-it-audit-it-assurance-mwd-deloitte-JV_IC2507190_KO0,43_KE44,52.htm?jl=1010000864499"
1010000865493,(Senior) Manager SAP Master Data (m/w/d),Deloitte Consulting GmbH,Stuttgart,,,,,EUR,False,,,,,"https://www.glassdoor.de/job-listing/senior-manager-sap-master-data-mwd-deloitte-JV_IC2507190_KO0,34_KE35,43.htm?jl=1010000865493"
1010108969629,"Research Scientist Agentic AI, Reinforcement Learning and Neuro-Symbolic Systems (f/m/div.)",Bosch Group,Renningen,,,,,EUR,True,,,,,"https://www.glassdoor.de/job-listing/research-scientist-agentic-ai-reinforcement-learning-and-neuro-symbolic-systems-fm-div-bosch-JV_IC2684212_KO0,86_KE87,92.htm?jl=1010108969629"
1010068747225,Master Thesis Deep Learning for Multi-Channel Vision in Product Manufacturing,Bosch Group,Renningen,,,,,EUR,True,,,,,"https://www.glassdoor.de/job-listing/master-thesis-deep-learning-for-multi-channel-vision-in-product-manufacturing-bosch-JV_IC2684212_KO0,77_KE78,83.htm?jl=1010068747225"
1010110653316,PhD - Cross-Domain Hyperspectral Anomaly Detection for Manufacturing (f/m/div.),Bosch Group,Renningen,,,,,EUR,True,,,,,"https://www.glassdoor.de/job-listing/phd-cross-domain-hyperspectral-anomaly-detection-for-manufacturing-fm-div-bosch-JV_IC2684212_KO0,73_KE74,79.htm?jl=1010110653316"
1009930440851,Teamleiter CDC Incident Response (m/w/d),Schwarz Digits,Neckarsulm,,,,,EUR,False,,,,,"https://www.glassdoor.de/job-listing/teamleiter-cdc-incident-response-mwd-schwarz-digits-JV_IC2687888_KO0,36_KE37,51.htm?jl=1009930440851"
1009930440672,(Senior) Cloud Storage Engineer / Distributed Cloud - STACKIT (m/w/d),Schwarz Digits,Heilbronn,,,,,EUR,False,,,,,"https://www.glassdoor.de/job-listing/senior-cloud-storage-engineer-distributed-cloud-stackit-mwd-schwarz-digits-JV_IC2684889_KO0,59_KE60,74.htm?jl=1009930440672"
1009930440520,Corporate Real Estate Manager IPAI Campus (m/w/d),Schwarz Corporate Solutions,Heilbronn,,,,,EUR,False,,,,,"https://www.glassdoor.de/job-listing/corporate-real-estate-manager-ipai-campus-mwd-schwarz-dienstleistungen-JV_IC2684889_KO0,45_KE46,70.htm?jl=1009930440520"
1010106618515,(Junior) Automation & AI Specialist befristet (m/w/d),Lidl Dienstleistung,Bad Wimpfen,,,,,EUR,False,,,,,"https://www.glassdoor.de/job-listing/junior-automation-ai-specialist-befristet-mwd-lidl-JV_IC2559627_KO0,45_KE46,50.htm?jl=1010106618515"
1009930440709,Teamleiter / Engineering Manager - STACKIT (m/w/d),Schwarz Digits,Heilbronn,,,,,EUR,False,,,,,"https://www.glassdoor.de/job-listing/teamleiter-engineering-manager-stackit-mwd-schwarz-digits-JV_IC2684889_KO0,42_KE43,57.htm?jl=1009930440709"
1009930440797,Senior Professional Cyber Security Consulting (m/w/d),Schwarz Digits,Neckarsulm,,,,,EUR,False,,,,,"https://www.glassdoor.de/job-listing/senior-professional-cyber-security-consulting-mwd-schwarz-digits-JV_IC2687888_KO0,49_KE50,64.htm?jl=1009930440797"
1009930440849,SAP Consultant - S/4HANA & Integration Suite (m/w/d),Schwarz Digits,Heilbronn,,,,,EUR,False,,,,,"https://www.glassdoor.de/job-listing/sap-consultant-s-4hana-integration-suite-mwd-schwarz-digits-JV_IC2684889_KO0,44_KE45,59.htm?jl=1009930440849"
1009998942710,Engineering Lead - Design System des Online Shops (Vue.js) (m/w/d),Schwarz Digits,Neckarsulm,,,,,EUR,False,,,,,"https://www.glassdoor.de/job-listing/engineering-lead-design-system-des-online-shops-vue-js-mwd-schwarz-digits-JV_IC2687888_KO0,58_KE59,73.htm?jl=1009998942710"
1010125206369,SAP MM Inhouse Berater - Groß- & Außenhandelssysteme (m/w/d),Schwarz Digits,Bad Friedrichshall,,,,,EUR,False,,,,,"https://www.glassdoor.de/job-listing/sap-mm-inhouse-berater-groß-außenhandelssysteme-mwd-schwarz-digits-JV_IC4990441_KO0,51_KE52,66.htm?jl=1010125206369"
1009930440733,Senior AI Platform Software Engineer - Go / Kubernetes (m/w/d),Schwarz Digits,Heilbronn,,,,,EUR,False,,,,,"https://www.glassdoor.de/job-listing/senior-ai-platform-software-engineer-go-kubernetes-mwd-schwarz-digits-JV_IC2684889_KO0,54_KE55,69.htm?jl=1009930440733"
1010088197957,Spezialist für AI-gestützte Prozessautomatisierung (m/w/d) - befristet,Stadtwerke Pforzheim,Pforzheim,,,,,EUR,False,,,,,"https://www.glassdoor.de/job-listing/spezialist-für-ai-gestützte-prozessautomatisierung-mwd-befristet-stadtwerke-pforzheim-JV_IC2807974_KO0,64_KE65,85.htm?jl=1010088197957"
1009930440626,Lead Engineer - SRE - Cloud Storage - STACKIT (m/w/d),Schwarz Digits,Heilbronn,,,,,EUR,False,,,,,"https://www.glassdoor.de/job-listing/lead-engineer-sre-cloud-storage-stackit-mwd-schwarz-digits-JV_IC2684889_KO0,43_KE44,58.htm?jl=1009930440626"
1009996270713,(Senior) IT Projektmanager Digitalisierung & Smart Campus / DigiHub IPAI (m/w/d),Schwarz Digits,Heilbronn,,,,,EUR,False,,,,,"https://www.glassdoor.de/job-listing/senior-it-projektmanager-digitalisierung-smart-campus-digihub-ipai-mwd-schwarz-digits-JV_IC2684889_KO0,70_KE71,85.htm?jl=1009996270713"
1009930440630,(Senior) Cloud Network Engineer / Distributed Cloud - STACKIT (m/w/d),Schwarz Digits,Heilbronn,,,,,EUR,False,,,,,"https://www.glassdoor.de/job-listing/senior-cloud-network-engineer-distributed-cloud-stackit-mwd-schwarz-digits-JV_IC2684889_KO0,59_KE60,74.htm?jl=1009930440630"
1009930440638,(Senior) STACKIT Cloud Database Engineer Redis / Valkey (m/w/d),Schwarz Digits,Heilbronn,,,,,EUR,False,,,,,"https://www.glassdoor.de/job-listing/senior-stackit-cloud-database-engineer-redis-valkey-mwd-schwarz-digits-JV_IC2684889_KO0,55_KE56,70.htm?jl=1009930440638"
1009936227138,Senior MLOps / DevOps Engineer AI (Computer Vision) (m/w/d),Schwarz Digits,Heilbronn,,,,,EUR,False,,,,,"https://www.glassdoor.de/job-listing/senior-mlops-devops-engineer-ai-computer-vision-mwd-schwarz-digits-JV_IC2684889_KO0,51_KE52,66.htm?jl=1009936227138"
1010000829106,(Senior) Professional Cyber Security Engineer (w/m/d) - Netzwerksicherheit & Kryptographie,Schwarz Digits,Neckarsulm,,,,,EUR,False,,,,,"https://www.glassdoor.de/job-listing/senior-professional-cyber-security-engineer-wmd-netzwerksicherheit-kryptographie-schwarz-digits-JV_IC2687888_KO0,80_KE81,95.htm?jl=1010000829106"
1009930440729,Solution Engineer Zscaler (m/w/d),Schwarz Digits,Heilbronn,,,,,EUR,False,,,,,"https://www.glassdoor.de/job-listing/solution-engineer-zscaler-mwd-schwarz-digits-JV_IC2684889_KO0,29_KE30,44.htm?jl=1009930440729"
1010000829103,(Senior) Professional Cyber Security Engineer (m/w/d) - Security Patch Management,Schwarz Digits,Neckarsulm,,,,,EUR,False,,,,,"https://www.glassdoor.de/job-listing/senior-professional-cyber-security-engineer-mwd-security-patch-management-schwarz-digits-JV_IC2687888_KO0,73_KE74,88.htm?jl=1010000829103"
1009930440675,(Senior) Cloud Native Platform Engineer / Distributed Cloud - STACKIT (m/w/d),Schwarz Digits,Heilbronn,,,,,EUR,False,,,,,"https://www.glassdoor.de/job-listing/senior-cloud-native-platform-engineer-distributed-cloud-stackit-mwd-schwarz-digits-JV_IC2684889_KO0,67_KE68,82.htm?jl=1009930440675"
1009972708050,ServiceNow HR Inhouse Consultant (m/w/d),Schwarz Digits,Heilbronn,,,,,EUR,False,,,,,"https://www.glassdoor.de/job-listing/servicenow-hr-inhouse-consultant-mwd-schwarz-digits-JV_IC2684889_KO0,36_KE37,51.htm?jl=1009972708050"
1009930440604,AI Platform Software Engineer (m/w/d),Schwarz Digits,Heilbronn,,,,,EUR,False,,,,,"https://www.glassdoor.de/job-listing/ai-platform-software-engineer-mwd-schwarz-digits-JV_IC2684889_KO0,33_KE34,48.htm?jl=1009930440604"
1009930440824,Developer ServiceNow - AI (m/w/d),Schwarz Digits,Neckarsulm,,,,,EUR,False,,,,,"https://www.glassdoor.de/job-listing/developer-servicenow-ai-mwd-schwarz-digits-JV_IC2687888_KO0,27_KE28,42.htm?jl=1009930440824"
1009930440822,Fullstack Engineer - GO / VUE Purchasing Applications (m/w/d),Schwarz Digits,Weinsberg,,,,,EUR,False,,,,,"https://www.glassdoor.de/job-listing/fullstack-engineer-go-vue-purchasing-applications-mwd-schwarz-digits-JV_IC2511802_KO0,53_KE54,68.htm?jl=1009930440822"
1009951713864,(Senior) Platform Engineer - STACKIT Control Plane Platform (m/w/d),Schwarz Digits,Heilbronn,,,,,EUR,False,,,,,"https://www.glassdoor.de/job-listing/senior-platform-engineer-stackit-control-plane-platform-mwd-schwarz-digits-JV_IC2684889_KO0,59_KE60,74.htm?jl=1009951713864"
1010114528818,KI Developer / Analyst (m/w/d) - Kundenservice Versicherung,Stuttgarter Lebensversicherung a.G.,Stuttgart,,,,,EUR,False,,,,,"https://www.glassdoor.de/job-listing/ki-developer-analyst-mwd-kundenservice-versicherung-stuttgarter-lebensversicherung-JV_IC2507190_KO0,51_KE52,82.htm?jl=1010114528818"
1010122514549,Teamlead Software Engineering (m/w/d) Payroll Software,Infoniqa Deutschland GmbH,Böblingen,,,,,EUR,False,,,,,"https://www.glassdoor.de/job-listing/teamlead-software-engineering-mwd-payroll-software-infoniqa-deutschland-gmbh-JV_IC2765468_KO0,50_KE51,76.htm?jl=1010122514549"
1009930440859,Spezialist für DC Fabric Infrastruktur und Cloud Plattform (m/w/d),Schwarz Digits,Weinsberg,,,,,EUR,False,,,,,"https://www.glassdoor.de/job-listing/spezialist-für-dc-fabric-infrastruktur-und-cloud-plattform-mwd-schwarz-digits-JV_IC2511802_KO0,62_KE63,77.htm?jl=1009930440859"
1010013824966,SAP ABAP Developer - Groß- und Außenhandel (m/w/d),Schwarz Digits,Weinsberg,,,,,EUR,False,,,,,"https://www.glassdoor.de/job-listing/sap-abap-developer-groß-und-außenhandel-mwd-schwarz-digits-JV_IC2511802_KO0,43_KE44,58.htm?jl=1010013824966"
1009935183928,(Senior) Software Engineer / Distributed Cloud - STACKIT (m/w/d),Schwarz Digits,Heilbronn,,,,,EUR,False,,,,,"https://www.glassdoor.de/job-listing/senior-software-engineer-distributed-cloud-stackit-mwd-schwarz-digits-JV_IC2684889_KO0,54_KE55,69.htm?jl=1009935183928"
1009930440658,Cloud Infrastructure SRE Engineer - STACKIT (m/w/d),Schwarz Digits,Heilbronn,,,,,EUR,False,,,,,"https://www.glassdoor.de/job-listing/cloud-infrastructure-sre-engineer-stackit-mwd-schwarz-digits-JV_IC2684889_KO0,45_KE46,60.htm?jl=1009930440658"
1009958029613,Cloud Database Engineer MariaDB - STACKIT (m/w/d),Schwarz Digits,Heilbronn,,,,,EUR,False,,,,,"https://www.glassdoor.de/job-listing/cloud-database-engineer-mariadb-stackit-mwd-schwarz-digits-JV_IC2684889_KO0,43_KE44,58.htm?jl=1009958029613"
1010128416464,Backend Developer - AI Trainer,DataAnnotation,Stuttgart,,,,,EUR,True,,,,,"https://www.glassdoor.de/job-listing/backend-developer-ai-trainer-dataannotation-JV_IC2507190_KO0,28_KE29,43.htm?jl=1010128416464"
1010128416465,Full Stack Developer - AI Trainer,DataAnnotation,Deutschland,,,,,EUR,True,,,,,"https://www.glassdoor.de/job-listing/full-stack-developer-ai-trainer-dataannotation-JV_KO0,31_KE32,46.htm?jl=1010128416465"
1009930440754,Technischer Redakteur (m/w/d) mit Schwerpunkt Cloud,Schwarz Digits,Heilbronn,,,,,EUR,False,,,,,"https://www.glassdoor.de/job-listing/technischer-redakteur-mwd-mit-schwerpunkt-cloud-schwarz-digits-JV_IC2684889_KO0,47_KE48,62.htm?jl=1009930440754"
1009930440640,DBRE Site Reliability Engineer Databases (m/w/d),Schwarz Digits,Heilbronn,,,,,EUR,False,,,,,"https://www.glassdoor.de/job-listing/dbre-site-reliability-engineer-databases-mwd-schwarz-digits-JV_IC2684889_KO0,44_KE45,59.htm?jl=1009930440640"
1010128416480,DevOps Engineer - AI Trainer,DataAnnotation,Deutschland,,,,,EUR,True,,,,,"https://www.glassdoor.de/job-listing/devops-engineer-ai-trainer-dataannotation-JV_KO0,26_KE27,41.htm?jl=1010128416480"
1010125206379,IT Berater Payment (Mobile/Online) (m/w/d),Schwarz Digits,Bad Friedrichshall,,,,,EUR,False,,,,,"https://www.glassdoor.de/job-listing/it-berater-payment-mobile-online-mwd-schwarz-digits-JV_IC4990441_KO0,36_KE37,51.htm?jl=1010125206379"
1010125206372,Technischer Junior IT-Projektleiter Retail Innovation (m/w/d),Schwarz Digits,Bad Friedrichshall,,,,,EUR,False,,,,,"https://www.glassdoor.de/job-listing/technischer-junior-it-projektleiter-retail-innovation-mwd-schwarz-digits-JV_IC4990441_KO0,57_KE58,72.htm?jl=1010125206372"
1009930440688,SAP Business Intelligence Engineer (m/w/d),Schwarz Digits,Heilbronn,,,,,EUR,False,,,,,"https://www.glassdoor.de/job-listing/sap-business-intelligence-engineer-mwd-schwarz-digits-JV_IC2684889_KO0,38_KE39,53.htm?jl=1009930440688"
1010000829104,(Senior) Professional Cyber Security Engineer (w/m/d) - Identity & Access Management,Schwarz Digits,Neckarsulm,,,,,EUR,False,,,,,"https://www.glassdoor.de/job-listing/senior-professional-cyber-security-engineer-wmd-identity-access-management-schwarz-digits-JV_IC2687888_KO0,74_KE75,89.htm?jl=1010000829104"
1010125195609,Senior AI Data Engineer (all genders),DYMATRIX GmbH,Stuttgart,,,,,EUR,True,,,,,"https://www.glassdoor.de/job-listing/senior-ai-data-engineer-all-genders-dymatrix-consulting-group-JV_IC2507190_KO0,35_KE36,61.htm?jl=1010125195609"
1009991685958,Cyber Offensive Security Engineer / Red Team Engineer (m/w/d),Schwarz Digits,Neckarsulm,,,,,EUR,False,,,,,"https://www.glassdoor.de/job-listing/cyber-offensive-security-engineer-red-team-engineer-mwd-schwarz-digits-JV_IC2687888_KO0,55_KE56,70.htm?jl=1009991685958"
1010125206368,(Junior) Produktbetreuer SAP SE16XXL (m/w/d),Schwarz Digits,Bad Friedrichshall,,,,,EUR,False,,,,,"https://www.glassdoor.de/job-listing/junior-produktbetreuer-sap-se16xxl-mwd-schwarz-digits-JV_IC4990441_KO0,38_KE39,53.htm?jl=1010125206368"
1010128416473,Backend Software Engineer - AI Trainer,DataAnnotation,Stuttgart,,,,,EUR,True,,,,,"https://www.glassdoor.de/job-listing/backend-software-engineer-ai-trainer-dataannotation-JV_IC2507190_KO0,36_KE37,51.htm?jl=1010128416473"
1010126167003,Service Now Tech. Consultant - IT Asset Management (m/w/d),Schwarz Digits,Bad Friedrichshall,,,,,EUR,False,,,,,"https://www.glassdoor.de/job-listing/service-now-tech-consultant-it-asset-management-mwd-schwarz-digits-JV_IC4990441_KO0,51_KE52,66.htm?jl=1010126167003"
1009938582014,"Teamleiter Planung für den IPAI Campus, Heilbronn (m/w/d)",Schwarz Corporate Solutions,Neckarsulm,,,,,EUR,False,,,,,"https://www.glassdoor.de/job-listing/teamleiter-planung-für-den-ipai-campus-heilbronn-mwd-schwarz-dienstleistungen-JV_IC2687888_KO0,52_KE53,77.htm?jl=1009938582014"
1010107880805,IT Business Consultant - Marketingsysteme (m/w/d),Schwarz Digits,Bad Friedrichshall,,,,,EUR,False,,,,,"https://www.glassdoor.de/job-listing/it-business-consultant-marketingsysteme-mwd-schwarz-digits-JV_IC4990441_KO0,43_KE44,58.htm?jl=1010107880805"
1010125206377,(Junior) Business Consultant Filialwarenwirtschaftssysteme (m/w/d),Schwarz Digits,Bad Friedrichshall,,,,,EUR,False,,,,,"https://www.glassdoor.de/job-listing/junior-business-consultant-filialwarenwirtschaftssysteme-mwd-schwarz-digits-JV_IC4990441_KO0,60_KE61,75.htm?jl=1010125206377"
1010084558411,Architekt / Stadtplaner als Projektmanager IPAI CAMPUS (m/w/d),Schwarz Corporate Solutions,Heilbronn,,,,,EUR,False,,,,,"https://www.glassdoor.de/job-listing/architekt-stadtplaner-als-projektmanager-ipai-campus-mwd-schwarz-dienstleistungen-JV_IC2684889_KO0,56_KE57,81.htm?jl=1010084558411"
1009930440871,Software Engineer - SAP Modern Frontend Development (m/w/d),Schwarz Digits,Weinsberg,,,,,EUR,False,,,,,"https://www.glassdoor.de/job-listing/software-engineer-sap-modern-frontend-development-mwd-schwarz-digits-JV_IC2511802_KO0,53_KE54,68.htm?jl=1009930440871"
1010000829109,(Senior) Professional Cyber Security Engineer (w/m/d) - Backup & Archiving,Schwarz Digits,Neckarsulm,,,,,EUR,False,,,,,"https://www.glassdoor.de/job-listing/senior-professional-cyber-security-engineer-wmd-backup-archiving-schwarz-digits-JV_IC2687888_KO0,64_KE65,79.htm?jl=1010000829109"
1009930440820,(Junior) IT Business Consultant - Finance & Administration (m/w/d),Schwarz Digits,Heilbronn,,,,,EUR,False,,,,,"https://www.glassdoor.de/job-listing/junior-it-business-consultant-finance-administration-mwd-schwarz-digits-JV_IC2684889_KO0,56_KE57,71.htm?jl=1009930440820"
1009975275774,(Senior) Cloud Database Engineer MariaDB - STACKIT (m/w/d),Schwarz Digits,Heilbronn,,,,,EUR,False,,,,,"https://www.glassdoor.de/job-listing/senior-cloud-database-engineer-mariadb-stackit-mwd-schwarz-digits-JV_IC2684889_KO0,50_KE51,65.htm?jl=1009975275774"
1010119573722,Consultant SAP BTP & Agentic AI (all genders) – BCG Platinion,Boston Consulting Group,Stuttgart,,,,,EUR,False,,,,,"https://www.glassdoor.de/job-listing/consultant-sap-btp-agentic-ai-all-genders-bcg-platinion-boston-consulting-group-JV_IC2507190_KO0,55_KE56,79.htm?jl=1010119573722"
1009609317310,Senior IT Architect (all genders) - BCG Platinion,Boston Consulting Group,Stuttgart,,,,,EUR,False,,,,,"https://www.glassdoor.de/job-listing/senior-it-architect-all-genders-bcg-platinion-boston-consulting-group-JV_IC2507190_KO0,45_KE46,69.htm?jl=1009609317310"
1009930440854,Software Engineer - Web Applications - Cloud Native (m/w/d),Schwarz Digits,Weinsberg,,,,,EUR,False,,,,,"https://www.glassdoor.de/job-listing/software-engineer-web-applications-cloud-native-mwd-schwarz-digits-JV_IC2511802_KO0,51_KE52,66.htm?jl=1009930440854"
1010125206385,Junior Design System Community Manager (m/w/d),Schwarz Digits,Bad Friedrichshall,,,,,EUR,False,,,,,"https://www.glassdoor.de/job-listing/junior-design-system-community-manager-mwd-schwarz-digits-JV_IC4990441_KO0,42_KE43,57.htm?jl=1010125206385"
1009609317284,Technical Consultant (all genders) - BCG Platinion,Boston Consulting Group,Stuttgart,,,,,EUR,False,,,,,"https://www.glassdoor.de/job-listing/technical-consultant-all-genders-bcg-platinion-boston-consulting-group-JV_IC2507190_KO0,46_KE47,70.htm?jl=1009609317284"
1009930440608,(Senior) Site Reliability Engineer / Distributed Cloud - STACKIT (m/w/d),Schwarz Digits,Heilbronn,,,,,EUR,False,,,,,"https://www.glassdoor.de/job-listing/senior-site-reliability-engineer-distributed-cloud-stackit-mwd-schwarz-digits-JV_IC2684889_KO0,62_KE63,77.htm?jl=1009930440608"
1010125206380,IT Consultant - CRM Loyalty Backend / Datamanagement (m/w/d),Schwarz Digits,Bad Friedrichshall,,,,,EUR,False,,,,,"https://www.glassdoor.de/job-listing/it-consultant-crm-loyalty-backend-datamanagement-mwd-schwarz-digits-JV_IC4990441_KO0,52_KE53,67.htm?jl=1010125206380"
1009955387309,(Senior) Software Engineer - STACKIT Control Plane Platform (m/w/d),Schwarz Digits,Heilbronn,,,,,EUR,False,,,,,"https://www.glassdoor.de/job-listing/senior-software-engineer-stackit-control-plane-platform-mwd-schwarz-digits-JV_IC2684889_KO0,59_KE60,74.htm?jl=1009955387309"
1010128416457,Application Developer - AI Trainer,DataAnnotation,Stuttgart,,,,,EUR,True,,,,,"https://www.glassdoor.de/job-listing/application-developer-ai-trainer-dataannotation-JV_IC2507190_KO0,32_KE33,47.htm?jl=1010128416457"
1009955387306,Head of Sales - Public Security & Defence (m/w/d),Schwarz Digits,Heilbronn,,,,,EUR,False,,,,,"https://www.glassdoor.de/job-listing/head-of-sales-public-security-defence-mwd-schwarz-digits-JV_IC2684889_KO0,41_KE42,56.htm?jl=1009955387306"
1009939951521,Senior Account Manager Public Sektor (Mitte) - STACKIT (m/w/d),Schwarz Digits,Heilbronn,,,,,EUR,False,,,,,"https://www.glassdoor.de/job-listing/senior-account-manager-public-sektor-mitte-stackit-mwd-schwarz-digits-JV_IC2684889_KO0,54_KE55,69.htm?jl=1009939951521"
1009930440735,(Senior) Cyber Security Exposures and Vulnerabilities Analyst (m/w/d),Schwarz Digits,Neckarsulm,,,,,EUR,False,,,,,"https://www.glassdoor.de/job-listing/senior-cyber-security-exposures-and-vulnerabilities-analyst-mwd-schwarz-digits-JV_IC2687888_KO0,63_KE64,78.htm?jl=1009930440735"
1010119573715,Senior Consultant SAP BTP & Agentic AI (all genders) - BCG Platinion,Boston Consulting Group,Stuttgart,,,,,EUR,False,,,,,"https://www.glassdoor.de/job-listing/senior-consultant-sap-btp-agentic-ai-all-genders-bcg-platinion-boston-consulting-group-JV_IC2507190_KO0,62_KE63,86.htm?jl=1010119573715"
1010128178071,Mitarbeiter (m/w/d) KI Projektmanager,Craiss Generation Logistik GmbH & Co. KG,Mühlacker,,,,,EUR,False,,,,,"https://www.glassdoor.de/job-listing/mitarbeiter-mwd-ki-projektmanager-albert-craiss-JV_IC2806601_KO0,33_KE34,47.htm?jl=1010128178071"
1010071937327,AI Architect (all genders) - BCG Platinion,Boston Consulting Group,Stuttgart,,,,,EUR,False,,,,,"https://www.glassdoor.de/job-listing/ai-architect-all-genders-bcg-platinion-boston-consulting-group-JV_IC2507190_KO0,38_KE39,62.htm?jl=1010071937327"
1010123966951,(Junior) IT Business Consultant Checkout (m/w/d),Schwarz Digits,Bad Friedrichshall,,,,,EUR,False,,,,,"https://www.glassdoor.de/job-listing/junior-it-business-consultant-checkout-mwd-schwarz-digits-JV_IC4990441_KO0,42_KE43,57.htm?jl=1010123966951"
1010127853275,Quereinsteiger (m/w/d) AI for Developers,MSIT GmbH,Heilbronn,,,,,EUR,True,,,,,"https://www.glassdoor.de/job-listing/quereinsteiger-mwd-ai-for-developers-msit-JV_IC2684889_KO0,36_KE37,41.htm?jl=1010127853275"
1010087140967,Experte Compensation & Benefits (m/w/d),Schwarz Digits,Bad Friedrichshall,,,,,EUR,False,,,,,"https://www.glassdoor.de/job-listing/experte-compensation-benefits-mwd-schwarz-digits-JV_IC4990441_KO0,33_KE34,48.htm?jl=1010087140967"
1010124737354,Teamassistent/-in (m/w/d) - CIT2026-19,Technische Universität München,Heilbronn,,,,,EUR,False,,,,,"https://www.glassdoor.de/job-listing/teamassistent-in-mwd-cit2026-19-tu-munich-JV_IC2684889_KO0,31_KE32,41.htm?jl=1010124737354"
1010054138857,Werkstudent (m/w/d) Innovation & Digital Services (befristet),viastore Group,Stuttgart,,,,,EUR,True,,,,,"https://www.glassdoor.de/job-listing/werkstudent-mwd-innovation-digital-services-befristet-viastore-JV_IC2507190_KO0,53_KE54,62.htm?jl=1010054138857"
1009930440744,IT DevOps / Cloud Platform Engineer (m/w/d) - Kubernetes & GitOps,Schwarz Digits,Weinsberg,,,,,EUR,False,,,,,"https://www.glassdoor.de/job-listing/it-devops-cloud-platform-engineer-mwd-kubernetes-gitops-schwarz-digits-JV_IC2511802_KO0,55_KE56,70.htm?jl=1009930440744"
1009930440839,Software Engineer - Fullstack (Go/Vue.js) - Cloud Native (m/w/d),Schwarz Digits,Weinsberg,,,,,EUR,False,,,,,"https://www.glassdoor.de/job-listing/software-engineer-fullstack-go-vue-js-cloud-native-mwd-schwarz-digits-JV_IC2511802_KO0,54_KE55,69.htm?jl=1009930440839"
1010120374001,Duales Studium: Data Science und Künstliche Intelligenz 2027 (m/w/d),MAHLE GmbH,Stuttgart,,,,,EUR,False,,,,,"https://www.glassdoor.de/job-listing/duales-studium-data-science-und-künstliche-intelligenz-2027-mwd-mahle-international-JV_IC2507190_KO0,63_KE64,83.htm?jl=1010120374001"
1010125206373,Agile Requirements Engineer / Tech Analyst (m/w/d),Schwarz Digits,Bad Friedrichshall,,,,,EUR,False,,,,,"https://www.glassdoor.de/job-listing/agile-requirements-engineer-tech-analyst-mwd-schwarz-digits-JV_IC4990441_KO0,44_KE45,59.htm?jl=1010125206373"
1010087705602,"Team Lead, Software Development (all genders)",TeamViewer Germany GmbH,Stuttgart,,,,,EUR,True,,,,,"https://www.glassdoor.de/job-listing/team-lead-software-development-all-genders-teamviewer-JV_IC2507190_KO0,42_KE43,53.htm?jl=1010087705602"
1010119573723,IT Associate - Focus AI (all genders) - BCG Platinion,Boston Consulting Group,Stuttgart,,,,,EUR,False,,,,,"https://www.glassdoor.de/job-listing/it-associate-focus-ai-all-genders-bcg-platinion-boston-consulting-group-JV_IC2507190_KO0,47_KE48,71.htm?jl=1010119573723"
1010109153560,Senior Project Manager (all genders),Thorit GmbH,Böblingen,,,,,EUR,False,,,,,"https://www.glassdoor.de/job-listing/senior-project-manager-all-genders-thorit-gmbh-JV_IC2765468_KO0,34_KE35,46.htm?jl=1010109153560"
1010108061580,Senior Softwareentwickler (m/w/d) Payroll Software mit KI-Fokus,Wolters Kluwer Tax & Accounting Deutschland GmbH,Ludwigsburg,,,,,EUR,False,,,,,"https://www.glassdoor.de/job-listing/senior-softwareentwickler-mwd-payroll-software-mit-ki-fokus-wolters-kluwer-JV_IC2771654_KO0,59_KE60,74.htm?jl=1010108061580"
1010095742152,Lead Technology Program Manager (m/f/d) - Hybrid,Wolters Kluwer Tax & Accounting Deutschland GmbH,Ludwigsburg,,,,,EUR,False,,,,,"https://www.glassdoor.de/job-listing/lead-technology-program-manager-mfd-hybrid-wolters-kluwer-JV_IC2771654_KO0,42_KE43,57.htm?jl=1010095742152"
1010088120650,Duales Studium (m/w/d),A.I. Fitness GmbH,Esslingen am Neckar,,,,,EUR,True,,,,,"https://www.glassdoor.de/job-listing/duales-studium-mwd-ai-management-JV_IC4990609_KO0,18_KE19,32.htm?jl=1010088120650"
1010043585011,Praktikum Recruiting & Kandidatenbetreuung (m/w/d),fairjobz,Stuttgart,,,,,EUR,True,,,,,"https://www.glassdoor.de/job-listing/praktikum-recruiting-kandidatenbetreuung-mwd-fairjobz-JV_IC2507190_KO0,44_KE45,53.htm?jl=1010043585011"
1010095793855,"StudiumPLUS Praxis – Artificial Intelligence in Engineering Sciences (B.Eng., M/F/D)",Agilent Technologies Deutschland GmbH,Waldbronn,,,,,EUR,False,,,,,"https://www.glassdoor.de/job-listing/studiumplus-praxis-artificial-intelligence-in-engineering-sciences-b-eng-mfd-agilent-technologies-JV_IC4991204_KO0,76_KE77,97.htm?jl=1010095793855"
1010091407856,Limited employment up to 6 months (f/m/d) - Neuro-Symbolic AI: The Next Frontier (6 Months),SAP,Deutschland,,,,,EUR,False,,,,,"https://www.glassdoor.de/job-listing/limited-employment-up-to-6-months-fmd-neuro-symbolic-ai-the-next-frontier-6-months-sap-JV_KO0,82_KE83,86.htm?jl=1010091407856"
1010091407854,Limited employment up to 6 months (f/m/d) - Enterprise Context Graph & AI (6 Months),SAP,Deutschland,,,,,EUR,False,,,,,"https://www.glassdoor.de/job-listing/limited-employment-up-to-6-months-fmd-enterprise-context-graph-ai-6-months-sap-JV_KO0,74_KE75,78.htm?jl=1010091407854"
1010109145039,Working Student (f/m/d) - Software-Design and Development,SAP,Mörfelden-Walldorf,,,,,EUR,False,,,,,"https://www.glassdoor.de/job-listing/working-student-fmd-software-design-and-development-sap-JV_IC2626272_KO0,51_KE52,55.htm?jl=1010109145039"
1010107907514,Working Student (f/m/d) - Tax & Accounting AI-driven Strategy & Transformation,SAP,Mörfelden-Walldorf,,,,,EUR,False,,,,,"https://www.glassdoor.de/job-listing/working-student-fmd-tax-accounting-ai-driven-strategy-transformation-sap-JV_IC2626272_KO0,68_KE69,72.htm?jl=1010107907514"
1010115892779,"Software Developer Python in Kundenprojekten (w/m/d) - Karlsruhe / Stuttgart / Mannheim und Umgebung, ggfs. Remote",KENBUN IT AG,Karlsruhe,,,,,EUR,True,,,,,"https://www.glassdoor.de/job-listing/software-developer-python-in-kundenprojekten-wmd-karlsruhe-stuttgart-mannheim-und-umgebung-ggfs-remote-kenbun-it-JV_IC2771206_KO0,102_KE103,112.htm?jl=1010115892779"
1010121779875,Working Student (f/m/d) - Global Operations Excellence & Business Insights,SAP,Mörfelden-Walldorf,,,,,EUR,False,,,,,"https://www.glassdoor.de/job-listing/working-student-fmd-global-operations-excellence-business-insights-sap-JV_IC2626272_KO0,66_KE67,70.htm?jl=1010121779875"
1010124329646,Architect Digital Testing (m/w/d),BearingPoint Germany,Mörfelden-Walldorf,,,,,EUR,False,,,,,"https://www.glassdoor.de/job-listing/architect-digital-testing-mwd-bearingpoint-JV_IC2626272_KO0,29_KE30,42.htm?jl=1010124329646"
1010117986375,Intern Digital Aftermarket Services (m/f/d),John Deere,Mörfelden-Walldorf,,,,,EUR,False,,,,,"https://www.glassdoor.de/job-listing/intern-digital-aftermarket-services-mfd-john-deere-JV_IC2626272_KO0,39_KE40,50.htm?jl=1010117986375"
1010110645518,Engagement Engineer Associate (m/w/d) - Premium Engagement Germany,SAP,Mörfelden-Walldorf,,,,,EUR,False,,,,,"https://www.glassdoor.de/job-listing/engagement-engineer-associate-mwd-premium-engagement-germany-sap-JV_IC2626272_KO0,60_KE61,64.htm?jl=1010110645518"
1010094083804,Principal Software Architect (m/f/d) | SAP Knowledge Graph,SAP,Mörfelden-Walldorf,,,,,EUR,False,,,,,"https://www.glassdoor.de/job-listing/principal-software-architect-mfd-sap-knowledge-graph-sap-JV_IC2626272_KO0,52_KE53,56.htm?jl=1010094083804"
1010095957030,Bachelor/Master Thesis oder Praxissemester im Bereich Research & Development,mbits imaging GmbH,Heidelberg,,,,,EUR,False,,,,,"https://www.glassdoor.de/job-listing/bachelor-master-thesis-oder-praxissemester-im-bereich-research-development-mbits-imaging-gmbh-JV_IC2563483_KO0,74_KE75,93.htm?jl=1010095957030"
1010103308649,Werkstudent (w/m/d) - Customer Engagement & Adoption Middle & Eastern Europe,SAP,Mörfelden-Walldorf,,,,,EUR,False,,,,,"https://www.glassdoor.de/job-listing/werkstudent-wmd-customer-engagement-adoption-middle-eastern-europe-sap-JV_IC2626272_KO0,66_KE67,70.htm?jl=1010103308649"
1009752291912,(Senior) Developer - Fokus Tax Technology (m/w/d),RSM Ebner Stolz Wirtschaftsprüfer Steuerberater Rechtsanwälte Partnerschaft mbB,Karlsruhe,,,,,EUR,False,,,,,"https://www.glassdoor.de/job-listing/senior-developer-fokus-tax-technology-mwd-rsm-ebner-stolz-JV_IC2771206_KO0,41_KE42,57.htm?jl=1009752291912"
1010094083809,Cloud Architect (f/m/d) for SAP Knowledge Graph,SAP,Mörfelden-Walldorf,,,,,EUR,False,,,,,"https://www.glassdoor.de/job-listing/cloud-architect-fmd-for-sap-knowledge-graph-sap-JV_IC2626272_KO0,43_KE44,47.htm?jl=1010094083809"
1010053239155,"Software Developer Java in Kundenprojekten (w/m/d) - Karlsruhe / Stuttgart / Mannheim und Umgebung, ggfs. Remote",KENBUN IT AG,Karlsruhe,,,,,EUR,True,,,,,"https://www.glassdoor.de/job-listing/software-developer-java-in-kundenprojekten-wmd-karlsruhe-stuttgart-mannheim-und-umgebung-ggfs-remote-kenbun-it-JV_IC2771206_KO0,100_KE101,110.htm?jl=1010053239155"
1010122594412,Expert Technical Architect (w/m/d),SEW-Eurodrive GmbH & Co KG,Bruchsal,,,,,EUR,False,,,,,"https://www.glassdoor.de/job-listing/expert-technical-architect-wmd-sew-eurodrive-JV_IC2770011_KO0,30_KE31,44.htm?jl=1010122594412"
1008672316151,DevOps Engineer & Consultant (m/w/d),PROMATIS software GmbH,Ettlingen,,,,,EUR,False,,,,,"https://www.glassdoor.de/job-listing/devops-engineer-consultant-mwd-promatis-software-gmbh-JV_IC2561786_KO0,30_KE31,53.htm?jl=1008672316151"
1010109145017,Business Processes Consultant (w/m/d) Analytics & Insights,SAP,Mörfelden-Walldorf,,,,,EUR,False,,,,,"https://www.glassdoor.de/job-listing/business-processes-consultant-wmd-analytics-insights-sap-JV_IC2626272_KO0,52_KE53,56.htm?jl=1010109145017"
1010053010043,Software Engineer / ERP Systems,Industrial Application Software GmbH,Karlsruhe,,,,,EUR,True,,,,,"https://www.glassdoor.de/job-listing/software-engineer-erp-systems-industrial-application-software-JV_IC2771206_KO0,29_KE30,61.htm?jl=1010053010043"
1010000865833,Manager Data Management Strategy (m/w/d),Deloitte Consulting GmbH,Mörfelden-Walldorf,,,,,EUR,False,,,,,"https://www.glassdoor.de/job-listing/manager-data-management-strategy-mwd-deloitte-JV_IC2626272_KO0,36_KE37,45.htm?jl=1010000865833"
1010120036859,Werkstudent (m/w/d) IT Operations & AI Automation,SEC Service Enterprise Consulting GmbH,Mörfelden-Walldorf,,,,,EUR,True,,,,,"https://www.glassdoor.de/job-listing/werkstudent-mwd-it-operations-ai-automation-small-enterprise-center-JV_IC2626272_KO0,43_KE44,67.htm?jl=1010120036859"
1010053021185,Software Ingenieur / ERP Systems,Industrial Application Software GmbH,Karlsruhe,,,,,EUR,True,,,,,"https://www.glassdoor.de/job-listing/software-ingenieur-erp-systems-industrial-application-software-JV_IC2771206_KO0,30_KE31,62.htm?jl=1010053021185"
1010000865646,Senior Consultant / Manager - SAP Supply Chain and Finance Data Management (m/w/d),Deloitte Consulting GmbH,Mörfelden-Walldorf,,,,,EUR,False,,,,,"https://www.glassdoor.de/job-listing/senior-consultant-manager-sap-supply-chain-and-finance-data-management-mwd-deloitte-JV_IC2626272_KO0,74_KE75,83.htm?jl=1010000865646"
1010000865537,(Senior) Manager SAP Master Data (m/w/d),Deloitte Consulting GmbH,Mörfelden-Walldorf,,,,,EUR,False,,,,,"https://www.glassdoor.de/job-listing/senior-manager-sap-master-data-mwd-deloitte-JV_IC2626272_KO0,34_KE35,43.htm?jl=1010000865537"
1010000865661,Consultant SAP Master Data Management (m/w/d),Deloitte Consulting GmbH,Mörfelden-Walldorf,,,,,EUR,False,,,,,"https://www.glassdoor.de/job-listing/consultant-sap-master-data-management-mwd-deloitte-JV_IC2626272_KO0,41_KE42,50.htm?jl=1010000865661"
1010000865600,Senior Consultant SAP Master Data Management (m/w/d),Deloitte Consulting GmbH,Mörfelden-Walldorf,,,,,EUR,False,,,,,"https://www.glassdoor.de/job-listing/senior-consultant-sap-master-data-management-mwd-deloitte-JV_IC2626272_KO0,48_KE49,57.htm?jl=1010000865600"
1010128416475,DevOps Engineer - AI Trainer,DataAnnotation,Karlsruhe,,,,,EUR,True,,,,,"https://www.glassdoor.de/job-listing/devops-engineer-ai-trainer-dataannotation-JV_IC2771206_KO0,26_KE27,41.htm?jl=1010128416475"
1010128416508,Full Stack Developer - AI Trainer,DataAnnotation,Karlsruhe,,,,,EUR,True,,,,,"https://www.glassdoor.de/job-listing/full-stack-developer-ai-trainer-dataannotation-JV_IC2771206_KO0,31_KE32,46.htm?jl=1010128416508"
1010116487098,"(Senior) Sales Executive / Sales Manager (m/w/d) im Bereich TIC (Testing, Inspection & Certification)",Nemko GmbH,Pfinztal,,,,,EUR,False,,,,,"https://www.glassdoor.de/job-listing/senior-sales-executive-sales-manager-mwd-im-bereich-tic-testing-inspection-certification-nemko-JV_IC4990995_KO0,88_KE89,94.htm?jl=1010116487098"
1010128416429,Backend Software Engineer - AI Trainer,DataAnnotation,Karlsruhe,,,,,EUR,True,,,,,"https://www.glassdoor.de/job-listing/backend-software-engineer-ai-trainer-dataannotation-JV_IC2771206_KO0,36_KE37,51.htm?jl=1010128416429"
1010071517097,IT Support – Systeme (m/w/d),Wolters Kluwer Tax & Accounting Deutschland GmbH,Bretten,,,,,EUR,False,,,,,"https://www.glassdoor.de/job-listing/it-support-systeme-mwd-wolters-kluwer-JV_IC2773563_KO0,22_KE23,37.htm?jl=1010071517097"
1010070097140,Risk Management System (RMS) & Internal Control System (ICS) Specialist (m/f/d),BASF,Limburgerhof,,,,,EUR,False,,,,,"https://www.glassdoor.de/job-listing/risk-management-system-rms-internal-control-system-ics-specialist-mfd-basf-JV_IC2796725_KO0,69_KE70,74.htm?jl=1010070097140"
1010110628318,Elektriker*in / Elektroniker*in (m/w/d) - Wärmepumpen - Großraum Heidelberg,Octopus Energy Group,Karlsruhe,,,,,EUR,True,,,,,"https://www.glassdoor.de/job-listing/elektriker-in-elektroniker-in-mwd-wärmepumpen-großraum-heidelberg-octopus-energy-JV_IC2771206_KO0,65_KE66,80.htm?jl=1010110628318"
1009534642612,AI Governance Berater (m/w/d),Questax AG,Heidelberg,,,,,EUR,True,,,,,"https://www.glassdoor.de/job-listing/ai-governance-berater-mwd-questax-JV_IC2563483_KO0,25_KE26,33.htm?jl=1009534642612"
1010110628316,Elektriker*in / Elektroniker*in (m/w/d) - Wärmepumpen - Großraum Heidelberg,Octopus Energy Group,Bruchsal,,,,,EUR,True,,,,,"https://www.glassdoor.de/job-listing/elektriker-in-elektroniker-in-mwd-wärmepumpen-großraum-heidelberg-octopus-energy-JV_IC2770011_KO0,65_KE66,80.htm?jl=1010110628316"
1010077347062,Specialist External Reporting (m/f/d),BASF,Limburgerhof,,,,,EUR,False,,,,,"https://www.glassdoor.de/job-listing/specialist-external-reporting-mfd-basf-JV_IC2796725_KO0,33_KE34,38.htm?jl=1010077347062"
1010099209308,Senior Employer Relations Manager (m/w/d) Teilzeit (20h/Woche),IU Internationale Hochschule,Karlsruhe,,,,,EUR,False,,,,,"https://www.glassdoor.de/job-listing/senior-employer-relations-manager-mwd-teilzeit-20h-woche-iu-internationale-hochschule-JV_IC2771206_KO0,56_KE57,85.htm?jl=1010099209308"
1010119264372,Head of Indirect Procurement in AP (m/f/d),BASF,Limburgerhof,,,,,EUR,False,,,,,"https://www.glassdoor.de/job-listing/head-of-indirect-procurement-in-ap-mfd-basf-JV_IC2796725_KO0,38_KE39,43.htm?jl=1010119264372"
1010052721167,Produktmanager - SaaS / B2B / Jira / APIs (m/w/d),hiveQ AG,Karlsruhe,,,,,EUR,True,,,,,"https://www.glassdoor.de/job-listing/produktmanager-saas-b2b-jira-apis-mwd-hiveq-ag-JV_IC2771206_KO0,37_KE38,46.htm?jl=1010052721167"
1010076958367,(Senior) Specialist External Reporting (m/f/d),BASF,Limburgerhof,,,,,EUR,False,,,,,"https://www.glassdoor.de/job-listing/senior-specialist-external-reporting-mfd-basf-JV_IC2796725_KO0,40_KE41,45.htm?jl=1010076958367"
1010108193136,Servicetechniker Wärmepumpe / Anlagenmechaniker SHK (m/w/d) – Region Rhein-Neckar / Kraichgau,Octopus Energy Group,Sinsheim,,,,,EUR,True,,,,,"https://www.glassdoor.de/job-listing/servicetechniker-wärmepumpe-anlagenmechaniker-shk-mwd-region-rhein-neckar-kraichgau-octopus-energy-JV_IC2506600_KO0,83_KE84,98.htm?jl=1010108193136"
1010107896714,Anlagenmechaniker SHK / Heizungsbauer (m/w/d) – Wärmepumpen - Großraum Rhein-Neckar / Kraichgau,Octopus Energy Group,Bruchsal,,,,,EUR,True,,,,,"https://www.glassdoor.de/job-listing/anlagenmechaniker-shk-heizungsbauer-mwd-wärmepumpen-großraum-rhein-neckar-kraichgau-octopus-energy-JV_IC2770011_KO0,83_KE84,98.htm?jl=1010107896714"
1010118677498,Softwareentwickler Apple macOS - Swift / AppKit (m/w/d),Starface GmbH,Karlsruhe,,,,,EUR,True,,,,,"https://www.glassdoor.de/job-listing/softwareentwickler-apple-macos-swift-appkit-mwd-starface-JV_IC2771206_KO0,47_KE48,56.htm?jl=1010118677498"
1010107896749,Anlagenmechaniker SHK / Heizungsbauer (m/w/d) – Wärmepumpen - Großraum Rhein-Neckar / Kraichgau,Octopus Energy Group,Hockenheim,,,,,EUR,True,,,,,"https://www.glassdoor.de/job-listing/anlagenmechaniker-shk-heizungsbauer-mwd-wärmepumpen-großraum-rhein-neckar-kraichgau-octopus-energy-JV_IC2565587_KO0,83_KE84,98.htm?jl=1010107896749"
1010079235389,Kaufmännischer Mitarbeiter - Auftragsabwicklung (m/w/d),Wolters Kluwer Tax & Accounting Deutschland GmbH,Bretten,,,,,EUR,False,,,,,"https://www.glassdoor.de/job-listing/kaufmännischer-mitarbeiter-auftragsabwicklung-mwd-wolters-kluwer-JV_IC2773563_KO0,49_KE50,64.htm?jl=1010079235389"
1010107896722,Anlagenmechaniker SHK / Heizungsbauer (m/w/d) – Wärmepumpen - Großraum Rhein-Neckar / Kraichgau,Octopus Energy Group,Speyer,,,,,EUR,True,,,,,"https://www.glassdoor.de/job-listing/anlagenmechaniker-shk-heizungsbauer-mwd-wärmepumpen-großraum-rhein-neckar-kraichgau-octopus-energy-JV_IC2642515_KO0,83_KE84,98.htm?jl=1010107896722"
1010107896720,Anlagenmechaniker SHK / Heizungsbauer (m/w/d) – Wärmepumpen - Großraum Rhein-Neckar / Kraichgau,Octopus Energy Group,Sinsheim,,,,,EUR,True,,,,,"https://www.glassdoor.de/job-listing/anlagenmechaniker-shk-heizungsbauer-mwd-wärmepumpen-großraum-rhein-neckar-kraichgau-octopus-energy-JV_IC2506600_KO0,83_KE84,98.htm?jl=1010107896720"
1010107896746,Elektriker*in / Elektroniker*in (m/w/d) - Wärmepumpen - Großraum Stuttgart,Octopus Energy Group,Pforzheim,,,,,EUR,True,,,,,"https://www.glassdoor.de/job-listing/elektriker-in-elektroniker-in-mwd-wärmepumpen-großraum-stuttgart-octopus-energy-JV_IC2807974_KO0,64_KE65,79.htm?jl=1010107896746"
1010087047638,Account Executive Enterprise Sales - B2B SaaS / Industrie (m/w/d),PartSpace GmbH,Karlsruhe,,,,,EUR,True,,,,,"https://www.glassdoor.de/job-listing/account-executive-enterprise-sales-b2b-saas-industrie-mwd-easy2parts-JV_IC2771206_KO0,57_KE58,68.htm?jl=1010087047638"
1010108193118,Servicetechniker Wärmepumpe / Anlagenmechaniker SHK (m/w/d) – Region Rhein-Neckar / Kraichgau,Octopus Energy Group,Bruchsal,,,,,EUR,True,,,,,"https://www.glassdoor.de/job-listing/servicetechniker-wärmepumpe-anlagenmechaniker-shk-mwd-region-rhein-neckar-kraichgau-octopus-energy-JV_IC2770011_KO0,83_KE84,98.htm?jl=1010108193118"
1010108193133,Servicetechniker Wärmepumpe / Anlagenmechaniker SHK (m/w/d) – Region Rhein-Neckar / Kraichgau,Octopus Energy Group,Hockenheim,,,,,EUR,True,,,,,"https://www.glassdoor.de/job-listing/servicetechniker-wärmepumpe-anlagenmechaniker-shk-mwd-region-rhein-neckar-kraichgau-octopus-energy-JV_IC2565587_KO0,83_KE84,98.htm?jl=1010108193133"
1010108193082,Servicetechniker Wärmepumpe / Anlagenmechaniker SHK (m/w/d) – Region Stuttgart,Octopus Energy Group,Pforzheim,,,,,EUR,True,,,,,"https://www.glassdoor.de/job-listing/servicetechniker-wärmepumpe-anlagenmechaniker-shk-mwd-region-stuttgart-octopus-energy-JV_IC2807974_KO0,70_KE71,85.htm?jl=1010108193082"
1010108193116,Servicetechniker Wärmepumpe / Anlagenmechaniker SHK (m/w/d) – Region Rhein-Neckar / Kraichgau,Octopus Energy Group,Speyer,,,,,EUR,True,,,,,"https://www.glassdoor.de/job-listing/servicetechniker-wärmepumpe-anlagenmechaniker-shk-mwd-region-rhein-neckar-kraichgau-octopus-energy-JV_IC2642515_KO0,83_KE84,98.htm?jl=1010108193116"
1010108193135,Bauhandwerker | Tiefbauer | GaLaBauer | Maurer (m/w/d) - Wärmepumpen Großraum Stuttgart,Octopus Energy Group,Pforzheim,,,,,EUR,True,,,,,"https://www.glassdoor.de/job-listing/bauhandwerker-tiefbauer-galabauer-maurer-mwd-wärmepumpen-großraum-stuttgart-octopus-energy-JV_IC2807974_KO0,75_KE76,90.htm?jl=1010108193135"
1010029718401,(Senior) Full Stack Developer (all genders),EXXETA,Karlsruhe,,,,,EUR,False,,,,,"https://www.glassdoor.de/job-listing/senior-full-stack-developer-all-genders-exxeta-JV_IC2771206_KO0,39_KE40,46.htm?jl=1010029718401"
1010087047624,Account Executive Enterprise Sales - B2B SaaS / Industrie (m/w/d),PartSpace GmbH,Pforzheim,,,,,EUR,True,,,,,"https://www.glassdoor.de/job-listing/account-executive-enterprise-sales-b2b-saas-industrie-mwd-easy2parts-JV_IC2807974_KO0,57_KE58,68.htm?jl=1010087047624"
1010107896711,Anlagenmechaniker SHK / Heizungsbauer (m/w/d) – Wärmepumpen - Großraum Stuttgart,Octopus Energy Group,Pforzheim,,,,,EUR,True,,,,,"https://www.glassdoor.de/job-listing/anlagenmechaniker-shk-heizungsbauer-mwd-wärmepumpen-großraum-stuttgart-octopus-energy-JV_IC2807974_KO0,70_KE71,85.htm?jl=1010107896711"
1010099055866,Trainee AI (w/m/d),1&1 Telecommunication SE,Karlsruhe,,,,,EUR,False,,,,,"https://www.glassdoor.de/job-listing/trainee-ai-wmd-united-internet-JV_IC2771206_KO0,14_KE15,30.htm?jl=1010099055866"
1010117086270,KI-Manager / AI Lead (m/w/d) – Wasser & Umwelt,KREBS+KIEFER Ingenieure GmbH,Karlsruhe,,,,,EUR,False,,,,,"https://www.glassdoor.de/job-listing/ki-manager-ai-lead-mwd-wasser-umwelt-dorsch-JV_IC2771206_KO0,36_KE37,43.htm?jl=1010117086270"
1010103308648,Working Student (f/m/d) - AI Ecosystem Program Management,SAP,Mörfelden-Walldorf,,,,,EUR,False,,,,,"https://www.glassdoor.de/job-listing/working-student-fmd-ai-ecosystem-program-management-sap-JV_IC2626272_KO0,51_KE52,55.htm?jl=1010103308648"
1010025341781,Werkstudent AI-Agents (all genders),msg systems ag,Karlsruhe,,,,,EUR,False,,,,,"https://www.glassdoor.de/job-listing/werkstudent-ai-agents-all-genders-msg-global-solutions-JV_IC2771206_KO0,33_KE34,54.htm?jl=1010025341781"
1010112058381,Working Student (f/m/d) - User Experience Design for AI at Customer Experience & Solutions (CXS),SAP,Deutschland,,,,,EUR,False,,,,,"https://www.glassdoor.de/job-listing/working-student-fmd-user-experience-design-for-ai-at-customer-experience-solutions-cxs-sap-JV_KO0,86_KE87,90.htm?jl=1010112058381"
1010109145067,Working Student (f/m/d) - with AI Data scientist background (master student),SAP,Deutschland,,,,,EUR,False,,,,,"https://www.glassdoor.de/job-listing/working-student-fmd-with-ai-data-scientist-background-master-student-sap-JV_KO0,68_KE69,72.htm?jl=1010109145067"
1010056035170,Senior AI Engineer (m/w/d),AMAI GmbH,Karlsruhe,,,,,EUR,False,,,,,"https://www.glassdoor.de/job-listing/senior-ai-engineer-mwd-amai-JV_IC2771206_KO0,22_KE23,27.htm?jl=1010056035170"
1010109145064,Working Student (f/m/d) - AI advocate,SAP,Deutschland,,,,,EUR,False,,,,,"https://www.glassdoor.de/job-listing/working-student-fmd-ai-advocate-sap-JV_KO0,31_KE32,35.htm?jl=1010109145064"
1009917119518,React Developer (m/w/d) für AI Solutions,IQ Buddy GmbH,Karlsruhe,,,,,EUR,False,,,,,"https://www.glassdoor.de/job-listing/react-developer-mwd-für-ai-solutions-iq-buddy-gmbh-JV_IC2771206_KO0,36_KE37,50.htm?jl=1009917119518"
1009877576231,Abschlussarbeit im Bereich Data & AI (Master),inovex GmbH,Karlsruhe,,,,,EUR,False,,,,,"https://www.glassdoor.de/job-listing/abschlussarbeit-im-bereich-data-ai-master-inovex-JV_IC2771206_KO0,41_KE42,48.htm?jl=1009877576231"
1010128122148,AI Application Developer (f/m/d) T2,SAP,Mörfelden-Walldorf,,,,,EUR,False,,,,,"https://www.glassdoor.de/job-listing/ai-application-developer-fmd-t2-sap-JV_IC2626272_KO0,31_KE32,35.htm?jl=1010128122148"
1010092992535,Working Student (f/m/d) - ABAP AI CCM Team - Developer,SAP,Mörfelden-Walldorf,,,,,EUR,False,,,,,"https://www.glassdoor.de/job-listing/working-student-fmd-abap-ai-ccm-team-developer-sap-JV_IC2626272_KO0,46_KE47,50.htm?jl=1010092992535"
1010068881677,Werkstudent (w/m/d) im Bereich Data/AI Manufacturing,Siemens,Karlsruhe,,,,,EUR,False,,,,,"https://www.glassdoor.de/job-listing/werkstudent-wmd-im-bereich-data-ai-manufacturing-siemens-JV_IC2771206_KO0,48_KE49,56.htm?jl=1010068881677"
1010062080891,Junior Java Developer - Fokus KI/AI (w/m/d),CAS Software AG,Karlsruhe,,,,,EUR,False,,,,,"https://www.glassdoor.de/job-listing/junior-java-developer-fokus-ki-ai-wmd-cas-software-JV_IC2771206_KO0,37_KE38,50.htm?jl=1010062080891"
1010005942459,Machine Learning Engineer (m/f/d) – Sensor Fusion & Core AI,SafeAD GmbH,Karlsruhe,,,,,EUR,False,,,,,"https://www.glassdoor.de/job-listing/machine-learning-engineer-mfd-sensor-fusion-core-ai-safead-gmbh-JV_IC2771206_KO0,51_KE52,63.htm?jl=1010005942459"
1009973290421,AI & Process Automation Specialist (w/m/d),dm-drogerie markt GmbH + Co. KG,Karlsruhe,,,,,EUR,False,,,,,"https://www.glassdoor.de/job-listing/ai-process-automation-specialist-wmd-dm-drogerie-markt-JV_IC2771206_KO0,36_KE37,54.htm?jl=1009973290421"
1010052949418,Technical Writer (m/w/d),SoftProject,Ettlingen,,,,,EUR,False,,,,,"https://www.glassdoor.de/job-listing/technical-writer-mwd-softproject-JV_IC2561786_KO0,20_KE21,32.htm?jl=1010052949418"
1010107595203,Werkstudent AI-Agents mit Fokus Sales und Business Development (all genders),msg systems ag,Karlsruhe,,,,,EUR,False,,,,,"https://www.glassdoor.de/job-listing/werkstudent-ai-agents-mit-fokus-sales-und-business-development-all-genders-msg-global-solutions-JV_IC2771206_KO0,74_KE75,95.htm?jl=1010107595203"
1010120908091,SAP IT iXp Intern (f/m/d) - Technical AI Communication,SAP,Mörfelden-Walldorf,,,,,EUR,False,,,,,"https://www.glassdoor.de/job-listing/sap-it-ixp-intern-fmd-technical-ai-communication-sap-JV_IC2626272_KO0,48_KE49,52.htm?jl=1010120908091"
1009987104580,Werkstudent:in* im Bereich Data & AI,inovex GmbH,Karlsruhe,,,,,EUR,False,,,,,"https://www.glassdoor.de/job-listing/werkstudent-in-im-bereich-data-ai-inovex-JV_IC2771206_KO0,33_KE34,40.htm?jl=1009987104580"
1009990348447,"Consultant für Microsoft Fabric, Azure & AI (w/m/d)",busitec,Karlsruhe,,,,,EUR,False,,,,,"https://www.glassdoor.de/job-listing/consultant-für-microsoft-fabric-azure-ai-wmd-busitec-JV_IC2771206_KO0,44_KE45,52.htm?jl=1009990348447"
1010115827893,Product Analyst (w/m/d),1&1 Telecommunication SE,Karlsruhe,,,,,EUR,False,,,,,"https://www.glassdoor.de/job-listing/product-analyst-wmd-united-internet-JV_IC2771206_KO0,19_KE20,35.htm?jl=1010115827893"
1009917119515,Content Management / Social Marketing (m/w/d) für AI Solutions,IQ Buddy GmbH,Karlsruhe,,,,,EUR,False,,,,,"https://www.glassdoor.de/job-listing/content-management-social-marketing-mwd-für-ai-solutions-iq-buddy-gmbh-JV_IC2771206_KO0,56_KE57,70.htm?jl=1009917119515"
1010123837800,Werkstudent (w/m/d) - Empowerment AI,1&1 Telecommunication SE,Karlsruhe,,,,,EUR,False,,,,,"https://www.glassdoor.de/job-listing/werkstudent-wmd-empowerment-ai-united-internet-JV_IC2771206_KO0,30_KE31,46.htm?jl=1010123837800"
1010055861401,Praktikum - AI Development (w/m/d),SEW-Eurodrive GmbH & Co KG,Bruchsal,,,,,EUR,False,,,,,"https://www.glassdoor.de/job-listing/praktikum-ai-development-wmd-sew-eurodrive-JV_IC2770011_KO0,28_KE29,42.htm?jl=1010055861401"
1009917119516,DevOps AWS (m/w/d) für AI Solutions,IQ Buddy GmbH,Karlsruhe,,,,,EUR,False,,,,,"https://www.glassdoor.de/job-listing/devops-aws-mwd-für-ai-solutions-iq-buddy-gmbh-JV_IC2771206_KO0,31_KE32,45.htm?jl=1009917119516"
1009846886512,KI Prompt Engineer/AI Consultant (m/w/d) – 100% remote,mycareernow GmbH,Karlsruhe,,,,,EUR,True,,,,,"https://www.glassdoor.de/job-listing/ki-prompt-engineer-ai-consultant-mwd-100-remote-mycareernow-gmbh-JV_IC2771206_KO0,47_KE48,64.htm?jl=1009846886512"
1009917119513,Node.js Developer (m/w/d) für AI Solutions,IQ Buddy GmbH,Karlsruhe,,,,,EUR,False,,,,,"https://www.glassdoor.de/job-listing/node-js-developer-mwd-für-ai-solutions-iq-buddy-gmbh-JV_IC2771206_KO0,38_KE39,52.htm?jl=1009917119513"
1010000865571,Consultant Datenstrategie / AI & Data (m/w/d),Deloitte Consulting GmbH,Mörfelden-Walldorf,,,,,EUR,False,,,,,"https://www.glassdoor.de/job-listing/consultant-datenstrategie-ai-data-mwd-deloitte-JV_IC2626272_KO0,37_KE38,46.htm?jl=1010000865571"
1009267026710,Junior Machine Learning Engineer (m/w/d),AMAI GmbH,Karlsruhe,,,,,EUR,False,,,,,"https://www.glassdoor.de/job-listing/junior-machine-learning-engineer-mwd-amai-JV_IC2771206_KO0,36_KE37,41.htm?jl=1009267026710"
1010109278951,"Praktikant / Werkstudent (m/w/d) AI, Software & Agentic Engineering",FANUC Europe Corporation,Neuhausen,,,,,EUR,False,,,,,"https://www.glassdoor.de/job-listing/praktikant-werkstudent-mwd-ai-software-agentic-engineering-fanuc-europe-JV_IC2806778_KO0,58_KE59,71.htm?jl=1010109278951"
1010088376719,Werkstudent Global Digital Marketing (m/w/d) - AI & Testautomation,Dr. Willmar Schwabe GmbH & Co. KG,Karlsruhe,,,,,EUR,False,,,,,"https://www.glassdoor.de/job-listing/werkstudent-global-digital-marketing-mwd-ai-testautomation-dr-willmar-schwabe-pharmaceuticals-JV_IC2771206_KO0,58_KE59,93.htm?jl=1010088376719"
1010110960322,Chief AI Officer (CAIO) und Co-Founder (m/w/d),Previty,Bruchsal,,,,,EUR,True,,,,,"https://www.glassdoor.de/job-listing/chief-ai-officer-caio-und-co-founder-mwd-previty-JV_IC2770011_KO0,40_KE41,48.htm?jl=1010110960322"
1008546050307,Machine Learning Spezialist (m/w/d),SABO Mobile IT GmbH,Bühl,,,,,EUR,False,,,,,"https://www.glassdoor.de/job-listing/machine-learning-spezialist-mwd-sabo-mobile-it-JV_IC2688741_KO0,31_KE32,46.htm?jl=1008546050307"
1010105326382,Senior BTP AI Development Consultant (f/m/d),SAP,Mörfelden-Walldorf,,,,,EUR,False,,,,,"https://www.glassdoor.de/job-listing/senior-btp-ai-development-consultant-fmd-sap-JV_IC2626272_KO0,40_KE41,44.htm?jl=1010105326382"
1010113174817,"Global Strategic Transformation Partner, Customer Services and Delivery (f/m/d)",SAP,Mörfelden-Walldorf,,,,,EUR,False,,,,,"https://www.glassdoor.de/job-listing/global-strategic-transformation-partner-customer-services-and-delivery-fmd-sap-JV_IC2626272_KO0,74_KE75,78.htm?jl=1010113174817"
1009916429294,Intrapreneur / Business & Tech Lead - Agriculture Robotics (m/f/x) - limited for 2 years,ZEISS Group,Karlsruhe,,,,,EUR,False,,,,,"https://www.glassdoor.de/job-listing/intrapreneur-business-tech-lead-agriculture-robotics-mfx-limited-for-2-years-zeiss-group-JV_IC2771206_KO0,76_KE77,88.htm?jl=1009916429294"
1010113174816,"Global Strategic Transformation Partner, Customer Services & Delivery (f/m/d)",SAP,Mörfelden-Walldorf,,,,,EUR,False,,,,,"https://www.glassdoor.de/job-listing/global-strategic-transformation-partner-customer-services-delivery-fmd-sap-JV_IC2626272_KO0,70_KE71,74.htm?jl=1010113174816"
1009710409724,AI Engineer,Hirefive ltd,Karlsruhe,,,,,EUR,True,,,,,"https://www.glassdoor.de/job-listing/ai-engineer-hirefive-ltd-JV_IC2771206_KO0,11_KE12,24.htm?jl=1009710409724"
1010110890164,"Germany Residents - Survey Participants - Karlsruhe, Germany",Prolific Academic Ltd,Karlsruhe,,,,,EUR,True,,,,,"https://www.glassdoor.de/job-listing/germany-residents-survey-participants-karlsruhe-germany-prolific-JV_IC2771206_KO0,55_KE56,64.htm?jl=1010110890164"
1009917119514,Flutter Developer (m/w/d),IQ Buddy GmbH,Karlsruhe,,,,,EUR,False,,,,,"https://www.glassdoor.de/job-listing/flutter-developer-mwd-iq-buddy-gmbh-JV_IC2771206_KO0,21_KE22,35.htm?jl=1009917119514"
1010111006365,Werkstudent (w/m/d) - AI-Tooling im SAP Customer Experience (CX) Consulting,SAP,Mörfelden-Walldorf,,,,,EUR,False,,,,,"https://www.glassdoor.de/job-listing/werkstudent-wmd-ai-tooling-im-sap-customer-experience-cx-consulting-sap-JV_IC2626272_KO0,67_KE68,71.htm?jl=1010111006365"
1010036222321,Werkstudent GenAI Architektur (w/m/d) - remote möglich,EnBW Energie Baden-Württemberg AG,Karlsruhe,,,,,EUR,False,,,,,"https://www.glassdoor.de/job-listing/werkstudent-genai-architektur-wmd-remote-möglich-enbw-energie-baden-wu-rttemberg-JV_IC2771206_KO0,48_KE49,80.htm?jl=1010036222321"
1010069564257,Senior Machine Learning Software Engineer - Persönliche & Intelligente Einkaufsbegleitung (w/m/d),dmTECH GmbH,Karlsruhe,,,,,EUR,False,,,,,"https://www.glassdoor.de/job-listing/senior-machine-learning-software-engineer-persönliche-intelligente-einkaufsbegleitung-wmd-dmtech-JV_IC2771206_KO0,89_KE90,96.htm?jl=1010069564257"
1010092992544,SAP iXp Intern (f/m/d) - ABAP AI Project Management Support,SAP,Mörfelden-Walldorf,,,,,EUR,False,,,,,"https://www.glassdoor.de/job-listing/sap-ixp-intern-fmd-abap-ai-project-management-support-sap-JV_IC2626272_KO0,53_KE54,57.htm?jl=1010092992544"
1009884580378,AI & Digitalisierungsmanager,Wellendorff Gold-Creationen GmbH & Co. KG,Pforzheim,,,,,EUR,False,,,,,"https://www.glassdoor.de/job-listing/ai-digitalisierungsmanager-wellendorff-JV_IC2807974_KO0,26_KE27,38.htm?jl=1009884580378"
1010123913406,Working Student (f/m/d) - Software Engineer in Customer Engagement Solutions Analytics,SAP,Mörfelden-Walldorf,,,,,EUR,False,,,,,"https://www.glassdoor.de/job-listing/working-student-fmd-software-engineer-in-customer-engagement-solutions-analytics-sap-JV_IC2626272_KO0,80_KE81,84.htm?jl=1010123913406"
1009950257884,Internship Development of Driving Assistance Systems,Dr. Ing. h.c. F. Porsche AG,Mönsheim,,,,,EUR,False,,,,,"https://www.glassdoor.de/job-listing/internship-development-of-driving-assistance-systems-porsche-JV_IC2598221_KO0,52_KE53,60.htm?jl=1009950257884"
1009385527538,Software Engineer* für Datenprojekte,inovex GmbH,Karlsruhe,,,,,EUR,False,,,,,"https://www.glassdoor.de/job-listing/software-engineer-für-datenprojekte-inovex-JV_IC2771206_KO0,35_KE36,42.htm?jl=1009385527538"
1010030089697,Assistant & Trainee Developer,WaSe7 GmbH,Karlsruhe,,,,,EUR,False,,,,,"https://www.glassdoor.de/job-listing/assistant-trainee-developer-wase7-gmbh-JV_IC2771206_KO0,27_KE28,38.htm?jl=1010030089697"
1010106459346,Senior BTP AI Expert Consultant (f/m/d),SAP,Mörfelden-Walldorf,,,,,EUR,False,,,,,"https://www.glassdoor.de/job-listing/senior-btp-ai-expert-consultant-fmd-sap-JV_IC2626272_KO0,35_KE36,39.htm?jl=1010106459346"
1010112105162,Organizational Lead (all genders) Application Management Services,SEEBURGER AG,Bretten,,,,,EUR,False,,,,,"https://www.glassdoor.de/job-listing/organizational-lead-all-genders-application-management-services-seeburger-JV_IC2773563_KO0,63_KE64,73.htm?jl=1010112105162"
1009291634334,Data Scientist Consultant (m/w/d),AMAI GmbH,Karlsruhe,,,,,EUR,False,,,,,"https://www.glassdoor.de/job-listing/data-scientist-consultant-mwd-amai-JV_IC2771206_KO0,29_KE30,34.htm?jl=1009291634334"
1010102989680,Engineering Manager (f/m/d) (AI & Mobile Products) - T4PM,SAP,Mörfelden-Walldorf,,,,,EUR,False,,,,,"https://www.glassdoor.de/job-listing/engineering-manager-fmd-ai-mobile-products-t4pm-sap-JV_IC2626272_KO0,47_KE48,51.htm?jl=1010102989680"
1010125810129,Business Development Manager / SDR (m/w/d) 100 % Remote | Moderner GTM & AI Stack,RX-WATERTEC GmbH,Karlsruhe,,,,,EUR,True,,,,,"https://www.glassdoor.de/job-listing/business-development-manager-sdr-mwd-100-remote-moderner-gtm-ai-stack-rx-watertec-gmbh-JV_IC2771206_KO0,69_KE70,86.htm?jl=1010125810129"
1010000866777,Consultant Intelligent Automation - Dein Einstieg in AI & Data (m/w/d),Deloitte Consulting GmbH,Mörfelden-Walldorf,,,,,EUR,False,,,,,"https://www.glassdoor.de/job-listing/consultant-intelligent-automation-dein-einstieg-in-ai-data-mwd-deloitte-JV_IC2626272_KO0,62_KE63,71.htm?jl=1010000866777"
1009056096226,Data Engineer* / Machine Learning Engineer*,inovex GmbH,Karlsruhe,,,,,EUR,False,,,,,"https://www.glassdoor.de/job-listing/data-engineer-machine-learning-engineer-inovex-JV_IC2771206_KO0,39_KE40,46.htm?jl=1009056096226"
1010123766934,Mitarbeiter (m/w/d) KI Projektmanager,Craiss Generation Logistik GmbH & Co. KG,Mühlacker,,,,,EUR,False,,,,,"https://www.glassdoor.de/job-listing/mitarbeiter-mwd-ki-projektmanager-albert-craiss-JV_IC2806601_KO0,33_KE34,47.htm?jl=1010123766934"
1010112058344,SAP iXp Intern (f/m/d) - Adoption & Consumption Project Management,SAP,Mörfelden-Walldorf,,,,,EUR,False,,,,,"https://www.glassdoor.de/job-listing/sap-ixp-intern-fmd-adoption-consumption-project-management-sap-JV_IC2626272_KO0,58_KE59,62.htm?jl=1010112058344"
1010123413389,Werkstudent Business Development & AI-gestützte Marktrecherche (M/W/D),Krempel GmbH,Vaihingen,,,,,EUR,False,,,,,"https://www.glassdoor.de/job-listing/werkstudent-business-development-ai-gestützte-marktrecherche-mwd-krempel-JV_IC2509600_KO0,64_KE65,72.htm?jl=1010123413389"
1008153633236,Auszubildender Fachinformatik Anwendungswicklung (m/w/d),Key-Work Consulting,Karlsruhe,,,,,EUR,False,,,,,"https://www.glassdoor.de/job-listing/auszubildender-fachinformatik-anwendungswicklung-mwd-key-work-consulting-JV_IC2771206_KO0,52_KE53,72.htm?jl=1008153633236"
1010092512157,Research Engineer for AI Validation (f/m/div.),Bosch Group,Renningen,,,,,EUR,True,,,,,"https://www.glassdoor.de/job-listing/research-engineer-for-ai-validation-fm-div-bosch-JV_IC2684212_KO0,42_KE43,48.htm?jl=1010092512157"
1009923582497,Junior Data Engineer (m/w/d),AMAI GmbH,Karlsruhe,,,,,EUR,False,,,,,"https://www.glassdoor.de/job-listing/junior-data-engineer-mwd-amai-JV_IC2771206_KO0,24_KE25,29.htm?jl=1009923582497"
1010095682187,Working Student (f/m/d) - Application Developer / DevOps Engineer,SAP,Mörfelden-Walldorf,,,,,EUR,False,,,,,"https://www.glassdoor.de/job-listing/working-student-fmd-application-developer-devops-engineer-sap-JV_IC2626272_KO0,57_KE58,61.htm?jl=1010095682187"
1010000697887,Junior IT Analyst,Visteon Corporation,Karlsruhe,,,,,EUR,False,,,,,"https://www.glassdoor.de/job-listing/junior-it-analyst-visteon-JV_IC2771206_KO0,17_KE18,25.htm?jl=1010000697887"
1010064820657,Internship - Systems Engineering for Eye-Tracking Integration in Smart Glasses (f/m/x),ZEISS Group,Karlsruhe,,,,,EUR,False,,,,,"https://www.glassdoor.de/job-listing/internship-systems-engineering-for-eye-tracking-integration-in-smart-glasses-fmx-zeiss-group-JV_IC2771206_KO0,80_KE81,92.htm?jl=1010064820657"
1010106783635,"Working Student (f/m/d) - Learning Systems Engineering, Learning Systems Service & Support",SAP,Mörfelden-Walldorf,,,,,EUR,False,,,,,"https://www.glassdoor.de/job-listing/working-student-fmd-learning-systems-engineering-learning-systems-service-support-sap-JV_IC2626272_KO0,81_KE82,85.htm?jl=1010106783635"
1010031109587,Field Support Engineer (m/f/d),Bruker,Karlsruhe,,,,,EUR,False,,,,,"https://www.glassdoor.de/job-listing/field-support-engineer-mfd-bruker-JV_IC2771206_KO0,26_KE27,33.htm?jl=1010031109587"
1008672316164,Junior Application Developer (m/w/d),PROMATIS software GmbH,Ettlingen,,,,,EUR,False,,,,,"https://www.glassdoor.de/job-listing/junior-application-developer-mwd-promatis-software-gmbh-JV_IC2561786_KO0,32_KE33,55.htm?jl=1008672316164"
1009670812177,Internship - EEG & fNIRS Data Acquisition and (Pre-)Processing,ZEISS Group,Karlsruhe,,,,,EUR,False,,,,,"https://www.glassdoor.de/job-listing/internship-eeg-fnirs-data-acquisition-and-pre-processing-zeiss-group-JV_IC2771206_KO0,56_KE57,68.htm?jl=1009670812177"
1010073496173,Freelance Product Designer for AI recruiting marketplace,Clera,Karlsruhe,,,,,EUR,True,,,,,"https://www.glassdoor.de/job-listing/freelance-product-designer-for-ai-recruiting-marketplace-clera-JV_IC2771206_KO0,56_KE57,62.htm?jl=1010073496173"
1008672316147,Consultant Digitized Processes - Location Denver (m/w/d),PROMATIS software GmbH,Ettlingen,,,,,EUR,False,,,,,"https://www.glassdoor.de/job-listing/consultant-digitized-processes-location-denver-mwd-promatis-software-gmbh-JV_IC2561786_KO0,50_KE51,73.htm?jl=1008672316147"
1010118290277,Security Compliance Learning and Awareness Specialist (f/m/d),SAP,Mörfelden-Walldorf,,,,,EUR,False,,,,,"https://www.glassdoor.de/job-listing/security-compliance-learning-and-awareness-specialist-fmd-sap-JV_IC2626272_KO0,57_KE58,61.htm?jl=1010118290277"
1010115897593,Working Student (f/m/d) - Framework development of SAPUI5,SAP,Mörfelden-Walldorf,,,,,EUR,False,,,,,"https://www.glassdoor.de/job-listing/working-student-fmd-framework-development-of-sapui5-sap-JV_IC2626272_KO0,51_KE52,55.htm?jl=1010115897593"
1010116235880,Product Security Engineer Associate (6 months temporary),SAP,Mörfelden-Walldorf,,,,,EUR,False,,,,,"https://www.glassdoor.de/job-listing/product-security-engineer-associate-6-months-temporary-sap-JV_IC2626272_KO0,54_KE55,58.htm?jl=1010116235880"
1010099143130,Principal Machine Learning Expert/ Development Architect (f/m/d),SAP,Mörfelden-Walldorf,,,,,EUR,False,,,,,"https://www.glassdoor.de/job-listing/principal-machine-learning-expert-development-architect-fmd-sap-JV_IC2626272_KO0,59_KE60,63.htm?jl=1010099143130"
1010056207476,EV224 Marketing Manager Unternehmenskommunikation (w/m/d),PERAS,Karlsruhe,,,,,EUR,False,,,,,"https://www.glassdoor.de/job-listing/ev224-marketing-manager-unternehmenskommunikation-wmd-peras-JV_IC2771206_KO0,53_KE54,59.htm?jl=1010056207476"
1010109145080,Working Student (f/m/d) - Video E-learnings Developer - Software Accessibility,SAP,Mörfelden-Walldorf,,,,,EUR,False,,,,,"https://www.glassdoor.de/job-listing/working-student-fmd-video-e-learnings-developer-software-accessibility-sap-JV_IC2626272_KO0,70_KE71,74.htm?jl=1010109145080"
1009026422938,Senior Data Engineer* / Machine Learning Engineer*,inovex GmbH,Karlsruhe,,,,,EUR,False,,,,,"https://www.glassdoor.de/job-listing/senior-data-engineer-machine-learning-engineer-inovex-JV_IC2771206_KO0,46_KE47,53.htm?jl=1009026422938"
1010116964917,Software Engineer – Compiler Construction (Java/C++/…),emmtrix Technologies GmbH,Karlsruhe,,,,,EUR,False,,,,,"https://www.glassdoor.de/job-listing/software-engineer-compiler-construction-java-c-emmtrix-technologies-gmbh-JV_IC2771206_KO0,46_KE47,72.htm?jl=1010116964917"
1010127853279,Quereinsteiger (m/w/d) AI for Developers,MSIT GmbH,Karlsruhe,,,,,EUR,True,,,,,"https://www.glassdoor.de/job-listing/quereinsteiger-mwd-ai-for-developers-msit-JV_IC2771206_KO0,36_KE37,41.htm?jl=1010127853279"
1010000865572,Senior Consultant Conversational AI (m/w/d),Deloitte Consulting GmbH,Mörfelden-Walldorf,,,,,EUR,False,,,,,"https://www.glassdoor.de/job-listing/senior-consultant-conversational-ai-mwd-deloitte-JV_IC2626272_KO0,39_KE40,48.htm?jl=1010000865572"
1010111616763,AI Solutions Consultant & Presales (m/w/d) – Fokus Prozessautomatisierung,Prodium Consulting GmbH,Oftersheim,,,,,EUR,True,,,,,"https://www.glassdoor.de/job-listing/ai-solutions-consultant-presales-mwd-fokus-prozessautomatisierung-prodium-consulting-gmbh-JV_IC2683848_KO0,65_KE66,89.htm?jl=1010111616763"
1010105326405,Principal Machine Learning (Senior/ Expert)/ Development (Senior/ Expert) (f/m/d),SAP,Mörfelden-Walldorf,,,,,EUR,False,,,,,"https://www.glassdoor.de/job-listing/principal-machine-learning-senior-expert-development-senior-expert-fmd-sap-JV_IC2626272_KO0,70_KE71,74.htm?jl=1010105326405"
1010127874175,Platform & Data Engineer Full-time · 100% Remote,neoBIM GmbH,Karlsruhe,,,,,EUR,True,,,,,"https://www.glassdoor.de/job-listing/platform-data-engineer-full-time-100-remote-neobim-gmbh-JV_IC2771206_KO0,43_KE44,55.htm?jl=1010127874175"
1010087036103,Senior Software Engineer* Python/AI,inovex GmbH,Karlsruhe,,,,,EUR,False,,,,,"https://www.glassdoor.de/job-listing/senior-software-engineer-python-ai-inovex-JV_IC2771206_KO0,34_KE35,41.htm?jl=1010087036103"
1010115827928,Data Engineer Databricks / Lakehouse (w/m/d),1&1 Telecommunication SE,Karlsruhe,,,,,EUR,False,,,,,"https://www.glassdoor.de/job-listing/data-engineer-databricks-lakehouse-wmd-united-internet-JV_IC2771206_KO0,38_KE39,54.htm?jl=1010115827928"
1010109145065,Working Student (f/m/d) - Knowledge Architect/Technical Writer,SAP,Mörfelden-Walldorf,,,,,EUR,False,,,,,"https://www.glassdoor.de/job-listing/working-student-fmd-knowledge-architect-technical-writer-sap-JV_IC2626272_KO0,56_KE57,60.htm?jl=1010109145065"
1010075569755,Solution Architect (m/f/d),"EPAM Systems, Inc.",Karlsruhe,,,,,EUR,False,,,,,"https://www.glassdoor.de/job-listing/solution-architect-mfd-epam-systems-JV_IC2771206_KO0,22_KE23,35.htm?jl=1010075569755"
1008672316166,Junior Consultant Data Analytics (m/w/d),PROMATIS software GmbH,Ettlingen,,,,,EUR,False,,,,,"https://www.glassdoor.de/job-listing/junior-consultant-data-analytics-mwd-promatis-software-gmbh-JV_IC2561786_KO0,36_KE37,59.htm?jl=1008672316166"
1010114757416,Working Student (f/m/d) - Software Development for SAP Sailing Analytics,SAP,Mörfelden-Walldorf,,,,,EUR,False,,,,,"https://www.glassdoor.de/job-listing/working-student-fmd-software-development-for-sap-sailing-analytics-sap-JV_IC2626272_KO0,66_KE67,70.htm?jl=1010114757416"
1010122669957,Doktorand (m/w/d) Künstliche Intelligenz in der Supply Chain | befristet für 2 Jahre,Dr. Ing. h.c. F. Porsche AG,Weissach,,,,,EUR,False,,,,,"https://www.glassdoor.de/job-listing/doktorand-mwd-künstliche-intelligenz-in-der-supply-chain-befristet-für-2-jahre-porsche-JV_IC2510445_KO0,78_KE79,86.htm?jl=1010122669957"
1010109162983,(Senior) AI Engineer (m/f/d),Natuvion GmbH,Mörfelden-Walldorf,,,,,EUR,True,,,,,"https://www.glassdoor.de/job-listing/senior-ai-engineer-mfd-natuvion-JV_IC2626272_KO0,22_KE23,31.htm?jl=1010109162983"
1010094083803,Government Security Risk Management Sr. Specialist / Expert (m/f/d),SAP,Mörfelden-Walldorf,,,,,EUR,False,,,,,"https://www.glassdoor.de/job-listing/government-security-risk-management-sr-specialist-expert-mfd-sap-JV_IC2626272_KO0,60_KE61,64.htm?jl=1010094083803"
1010127668001,AI Product Manager (m/w/d),Stiftung Kirchliches Rechenzentrum Südwestdeutschland,Eggenstein-Leopoldshafen,,,,,EUR,True,,,,,"https://www.glassdoor.de/job-listing/ai-product-manager-mwd-stiftung-kirchliches-rechenzentrum-südwestdeutschland-JV_IC2562446_KO0,22_KE23,76.htm?jl=1010127668001"
1010123638428,Praktikum Private Equity (m/w/d) | B2B Software & AI,LEA Partners,Karlsruhe,,,,,EUR,True,,,,,"https://www.glassdoor.de/job-listing/praktikum-private-equity-mwd-b2b-software-ai-lea-partners-JV_IC2771206_KO0,44_KE45,57.htm?jl=1010123638428"
1010102735497,Future Founders / Founder’s Associate -100% remote (m/w/d) -auch im Ausland,Peters und Partner,Karlsruhe,,,,,EUR,True,,,,,"https://www.glassdoor.de/job-listing/future-founders-founder-s-associate-100-remote-mwd-auch-im-ausland-peters-schönberger-partner-JV_IC2771206_KO0,66_KE67,93.htm?jl=1010102735497"
1010123913405,Werkstudent (w/m/d) - Data Analyst für Customer Engagement Solutions Analytics,SAP,Mörfelden-Walldorf,,,,,EUR,False,,,,,"https://www.glassdoor.de/job-listing/werkstudent-wmd-data-analyst-für-customer-engagement-solutions-analytics-sap-JV_IC2626272_KO0,72_KE73,76.htm?jl=1010123913405"
1010000865579,Manager Intelligent Automation / AI & Data (m/w/d),Deloitte Consulting GmbH,Mörfelden-Walldorf,,,,,EUR,False,,,,,"https://www.glassdoor.de/job-listing/manager-intelligent-automation-ai-data-mwd-deloitte-JV_IC2626272_KO0,42_KE43,51.htm?jl=1010000865579"
1010094394487,Network Engineer Expert (m/f/d) - Sovereign Cloud Germany,SAP,Deutschland,,,,,EUR,False,,,,,"https://www.glassdoor.de/job-listing/network-engineer-expert-mfd-sovereign-cloud-germany-sap-JV_KO0,51_KE52,55.htm?jl=1010094394487"
1010101646550,Product Security Expert - Business Data Cloud Security & Compliance (m/f/d),SAP,Mörfelden-Walldorf,,,,,EUR,False,,,,,"https://www.glassdoor.de/job-listing/product-security-expert-business-data-cloud-security-compliance-mfd-sap-JV_IC2626272_KO0,67_KE68,71.htm?jl=1010101646550"
1010062477458,Data Consultant Public (w/m/d),Capgemini,Karlsruhe,,,,,EUR,False,,,,,"https://www.glassdoor.de/job-listing/data-consultant-public-wmd-capgemini-JV_IC2771206_KO0,26_KE27,36.htm?jl=1010062477458"
1010042426897,Lead Concept & Interaction Strategist (m/f/d),AMERIA AG,Heidelberg,,,,,EUR,False,,,,,"https://www.glassdoor.de/job-listing/lead-concept-interaction-strategist-mfd-ameria-JV_IC2563483_KO0,39_KE40,46.htm?jl=1010042426897"
1010000865566,Senior Consultant AI & Data Strategy (m/w/d),Deloitte Consulting GmbH,Mörfelden-Walldorf,,,,,EUR,False,,,,,"https://www.glassdoor.de/job-listing/senior-consultant-ai-data-strategy-mwd-deloitte-JV_IC2626272_KO0,38_KE39,47.htm?jl=1010000865566"
1010109565551,Werkstudent (w/m/d)- Entwickler in Customer Innovation Services CIS Engineering EMEA Build,SAP,Mörfelden-Walldorf,,,,,EUR,False,,,,,"https://www.glassdoor.de/job-listing/werkstudent-wmd-entwickler-in-customer-innovation-services-cis-engineering-emea-build-sap-JV_IC2626272_KO0,85_KE86,89.htm?jl=1010109565551"
1010112058384,Management Support Associate/Specialist (m/f/d) - Chief Revenue Officer I SCM I MEE,SAP,Mörfelden-Walldorf,,,,,EUR,False,,,,,"https://www.glassdoor.de/job-listing/management-support-associate-specialist-mfd-chief-revenue-officer-i-scm-i-mee-sap-JV_IC2626272_KO0,77_KE78,81.htm?jl=1010112058384"
1009945183835,Senior Software Developer* Frontend,inovex GmbH,Karlsruhe,,,,,EUR,False,,,,,"https://www.glassdoor.de/job-listing/senior-software-developer-frontend-inovex-JV_IC2771206_KO0,34_KE35,41.htm?jl=1009945183835"
1010119037564,Sr. HR People Operations Specialist (m/f/d),"FormFactor, Inc.",Karlsruhe,,,,,EUR,False,,,,,"https://www.glassdoor.de/job-listing/sr-hr-people-operations-specialist-mfd-formfactor-JV_IC2771206_KO0,38_KE39,49.htm?jl=1010119037564"
1010127676521,AI Platform Engineer (m/w/d),Stiftung Kirchliches Rechenzentrum Südwestdeutschland,Eggenstein-Leopoldshafen,,,,,EUR,True,,,,,"https://www.glassdoor.de/job-listing/ai-platform-engineer-mwd-stiftung-kirchliches-rechenzentrum-südwestdeutschland-JV_IC2562446_KO0,24_KE25,78.htm?jl=1010127676521"
1010039802291,Test Update 1778197415813,Clera,Karlsruhe,,,,,EUR,True,,,,,"https://www.glassdoor.de/job-listing/test-update-1778197415813-clera-JV_IC2771206_KO0,25_KE26,31.htm?jl=1010039802291"
1010111006374,Working Student (f/m/d) - CVG Communications Team in Walldorf,SAP,Mörfelden-Walldorf,,,,,EUR,False,,,,,"https://www.glassdoor.de/job-listing/working-student-fmd-cvg-communications-team-in-walldorf-sap-JV_IC2626272_KO0,55_KE56,59.htm?jl=1010111006374"
1010109162998,(Senior) AI Consultant (m/f/d),Natuvion GmbH,Mörfelden-Walldorf,,,,,EUR,True,,,,,"https://www.glassdoor.de/job-listing/senior-ai-consultant-mfd-natuvion-JV_IC2626272_KO0,24_KE25,33.htm?jl=1010109162998"
1010007497449,"Data Engineer / Cloud-Engineer für Data, AI & MLOps (m/w/d)",prenode GmbH,Karlsruhe,,,,,EUR,True,,,,,"https://www.glassdoor.de/job-listing/data-engineer-cloud-engineer-für-data-ai-mlops-mwd-prenode-gmbh-JV_IC2771206_KO0,50_KE51,63.htm?jl=1010007497449"
1010109145079,Working Student (f/m/d) - Development guidelines for screen reader support in SAP UI,SAP,Mörfelden-Walldorf,,,,,EUR,False,,,,,"https://www.glassdoor.de/job-listing/working-student-fmd-development-guidelines-for-screen-reader-support-in-sap-ui-sap-JV_IC2626272_KO0,78_KE79,82.htm?jl=1010109145079"
1010047738798,Bachelor's and Master's Thesis Offerings - MES and Cloud Software (Summer Semester 2026),Rockwell Automation,Deutschland,,,,,EUR,False,,,,,"https://www.glassdoor.de/job-listing/bachelor-s-and-master-s-thesis-offerings-mes-and-cloud-software-summer-semester-2026-rockwell-automation-JV_KO0,84_KE85,104.htm?jl=1010047738798"
1010113409124,Working Student (f/m/d) - Customer Engagement Global Incubation Team,SAP,Mörfelden-Walldorf,,,,,EUR,False,,,,,"https://www.glassdoor.de/job-listing/working-student-fmd-customer-engagement-global-incubation-team-sap-JV_IC2626272_KO0,62_KE63,66.htm?jl=1010113409124"
1010128122154,Working Student (f/m/d) - Offensive Security Testing / Penetration Testing,SAP,Mörfelden-Walldorf,,,,,EUR,False,,,,,"https://www.glassdoor.de/job-listing/working-student-fmd-offensive-security-testing-penetration-testing-sap-JV_IC2626272_KO0,66_KE67,70.htm?jl=1010128122154"
1008672316156,Digital Infrastructure Expert (m/w/d),PROMATIS software GmbH,Ettlingen,,,,,EUR,False,,,,,"https://www.glassdoor.de/job-listing/digital-infrastructure-expert-mwd-promatis-software-gmbh-JV_IC2561786_KO0,33_KE34,56.htm?jl=1008672316156"
1010092815752,Werkstudent Vertriebsmarketing SEO/GEO & Content Marketing (w/m/d),Erdgas Südwest GmbH,Ettlingen,,,,,EUR,False,,,,,"https://www.glassdoor.de/job-listing/werkstudent-vertriebsmarketing-seo-geo-content-marketing-wmd-enbw-energie-baden-wu-rttemberg-JV_IC2561786_KO0,60_KE61,92.htm?jl=1010092815752"
1010083960905,Quereinstieg KI / Data Science (m/w/d) – ohne Vorkenntnisse!,Syntex GmbH,Pforzheim,,,,,EUR,True,,,,,"https://www.glassdoor.de/job-listing/quereinstieg-ki-data-science-mwd-ohne-vorkenntnisse-syntex-JV_IC2807974_KO0,51_KE52,58.htm?jl=1010083960905"
1010112058388,SAP Globalization iXp Intern (f/m/d)- User Assistance Developer,SAP,Deutschland,,,,,EUR,False,,,,,"https://www.glassdoor.de/job-listing/sap-globalization-ixp-intern-fmd-user-assistance-developer-sap-JV_KO0,58_KE59,62.htm?jl=1010112058388"
1010114451165,"Praktikant/in IT Artificial Intelligence (GenAI, Computer Vision, Data Science) (m/w/d)",Südzucker AG,Mannheim,,,,,EUR,False,,,,,"https://www.glassdoor.de/job-listing/praktikant-in-it-artificial-intelligence-genai-computer-vision-data-science-mwd-südzucker-JV_IC2598197_KO0,79_KE80,89.htm?jl=1010114451165"
1010118362723,Director Content Innovation (m/f/d),Springer Nature,Heidelberg,,,,,EUR,False,,,,,"https://www.glassdoor.de/job-listing/director-content-innovation-mfd-springer-nature-JV_IC2563483_KO0,31_KE32,47.htm?jl=1010118362723"
1010037727961,Technical Enterprise Architect (w/m/d),Westernacher Consulting,Heidelberg,,,,,EUR,False,,,,,"https://www.glassdoor.de/job-listing/technical-enterprise-architect-wmd-westernacher-consulting-JV_IC2563483_KO0,34_KE35,58.htm?jl=1010037727961"
1010114915695,Duales Studium (B.Sc.) - Data Science und Künstliche Intelligenz (m/w/d),BASF Digital Solutions GmbH,Ludwigshafen,,,,,EUR,False,,,,,"https://www.glassdoor.de/job-listing/duales-studium-b-sc-data-science-und-künstliche-intelligenz-mwd-basf-JV_IC2786354_KO0,63_KE64,68.htm?jl=1010114915695"
1010106666033,Working Student (m/f/d) – Backend Development (Java),osapiens,Mannheim,,,,,EUR,True,,,,,"https://www.glassdoor.de/job-listing/working-student-mfd-backend-development-java-osapiens-services-JV_IC2598197_KO0,44_KE45,62.htm?jl=1010106666033"
1010114914476,Duales Studium (B.Sc.) - Informatik mit Ausrichtung Künstliche Intelligenz (m/w/d),BASF Digital Solutions GmbH,Ludwigshafen,,,,,EUR,False,,,,,"https://www.glassdoor.de/job-listing/duales-studium-b-sc-informatik-mit-ausrichtung-künstliche-intelligenz-mwd-basf-JV_IC2786354_KO0,73_KE74,78.htm?jl=1010114914476"
1010092701693,AI Data Architect (m/f/d),TE Connectivity,Bensheim,,,,,EUR,False,,,,,"https://www.glassdoor.de/job-listing/ai-data-architect-mfd-te-connectivity-JV_IC2556771_KO0,21_KE22,37.htm?jl=1010092701693"
1009597195251,Solution Architect PP/QM (m/w/d),Westernacher Consulting,Heidelberg,,,,,EUR,False,,,,,"https://www.glassdoor.de/job-listing/solution-architect-pp-qm-mwd-westernacher-consulting-JV_IC2563483_KO0,28_KE29,52.htm?jl=1009597195251"
1010033192218,Working Student Sales (m/f/d),TE Connectivity,Bensheim,,,,,EUR,False,,,,,"https://www.glassdoor.de/job-listing/working-student-sales-mfd-te-connectivity-JV_IC2556771_KO0,25_KE26,41.htm?jl=1010033192218"
1009597195254,Solutions Architect S/4HANA Logistics (m/w/d),Westernacher Consulting,Heidelberg,,,,,EUR,False,,,,,"https://www.glassdoor.de/job-listing/solutions-architect-s-4hana-logistics-mwd-westernacher-consulting-JV_IC2563483_KO0,41_KE42,65.htm?jl=1009597195254"
1010065398627,Senior SAP GTS Consultant (f/m/d),Westernacher Consulting,Heidelberg,,,,,EUR,False,,,,,"https://www.glassdoor.de/job-listing/senior-sap-gts-consultant-fmd-westernacher-consulting-JV_IC2563483_KO0,29_KE30,53.htm?jl=1010065398627"
1009927575542,SAP Enterprise Architect (f/m/d),Westernacher Consulting,Heidelberg,,,,,EUR,False,,,,,"https://www.glassdoor.de/job-listing/sap-enterprise-architect-fmd-westernacher-consulting-JV_IC2563483_KO0,28_KE29,52.htm?jl=1009927575542"
1010106370799,Working Student DevOps & Full-Stack Engineering (m/f/x),osapiens,Mannheim,,,,,EUR,True,,,,,"https://www.glassdoor.de/job-listing/working-student-devops-full-stack-engineering-mfx-osapiens-services-JV_IC2598197_KO0,49_KE50,67.htm?jl=1010106370799"
1009684007770,AI Engineer (w|m|d),BridgingIT GmbH,Mannheim,,,,,EUR,True,,,,,"https://www.glassdoor.de/job-listing/ai-engineer-w-m-d-bridgingit-JV_IC2598197_KO0,17_KE18,28.htm?jl=1009684007770"
1009788374027,Senior SAP PP/QM Berater (m/w/d),Westernacher Consulting,Heidelberg,,,,,EUR,False,,,,,"https://www.glassdoor.de/job-listing/senior-sap-pp-qm-berater-mwd-westernacher-consulting-JV_IC2563483_KO0,28_KE29,52.htm?jl=1009788374027"
1009922402031,Senior Berater SAP Analytics (w/m/d),Westernacher Consulting,Heidelberg,,,,,EUR,False,,,,,"https://www.glassdoor.de/job-listing/senior-berater-sap-analytics-wmd-westernacher-consulting-JV_IC2563483_KO0,32_KE33,56.htm?jl=1009922402031"
1010092868230,Full-Stack Developer (NodeJS/Typescript) (m/f/x),osapiens,Mannheim,,,,,EUR,True,,,,,"https://www.glassdoor.de/job-listing/full-stack-developer-nodejs-typescript-mfx-osapiens-services-JV_IC2598197_KO0,42_KE43,60.htm?jl=1010092868230"
1009931718015,Senior SAP Master Data Management Consultant (m/w/d),Westernacher Consulting,Heidelberg,,,,,EUR,False,,,,,"https://www.glassdoor.de/job-listing/senior-sap-master-data-management-consultant-mwd-westernacher-consulting-JV_IC2563483_KO0,48_KE49,72.htm?jl=1009931718015"
1009638909322,Senior SAP Project Manager (m/w/d),Westernacher Consulting,Heidelberg,,,,,EUR,False,,,,,"https://www.glassdoor.de/job-listing/senior-sap-project-manager-mwd-westernacher-consulting-JV_IC2563483_KO0,30_KE31,54.htm?jl=1009638909322"
1009684072624,QA Automation Engineer (m/f/x) - Platform Quality Team,osapiens,Mannheim,,,,,EUR,True,,,,,"https://www.glassdoor.de/job-listing/qa-automation-engineer-mfx-platform-quality-team-osapiens-services-JV_IC2598197_KO0,48_KE49,66.htm?jl=1009684072624"
1007188187929,"Senior Consultant - Cyber Security Technology, Transformation & Defense (w/m/d)",KPMG,Mannheim,,,,,EUR,False,,,,,"https://www.glassdoor.de/job-listing/senior-consultant-cyber-security-technology-transformation-defense-wmd-kpmg-JV_IC2598197_KO0,70_KE71,75.htm?jl=1007188187929"
1009597195295,Senior SAP TM Berater (w/m/d),Westernacher Consulting,Heidelberg,,,,,EUR,False,,,,,"https://www.glassdoor.de/job-listing/senior-sap-tm-berater-wmd-westernacher-consulting-JV_IC2563483_KO0,25_KE26,49.htm?jl=1009597195295"
1009597195441,Principal Consultant SAP IBP (m/w/d),Westernacher Consulting,Heidelberg,,,,,EUR,False,,,,,"https://www.glassdoor.de/job-listing/principal-consultant-sap-ibp-mwd-westernacher-consulting-JV_IC2563483_KO0,32_KE33,56.htm?jl=1009597195441"
1010061528598,Principal Product Manager (m/f/x),osapiens,Mannheim,,,,,EUR,True,,,,,"https://www.glassdoor.de/job-listing/principal-product-manager-mfx-osapiens-services-JV_IC2598197_KO0,29_KE30,47.htm?jl=1010061528598"
1010062555190,AI DevOps Engineer (f/m/d),osapiens,Mannheim,,,,,EUR,True,,,,,"https://www.glassdoor.de/job-listing/ai-devops-engineer-fmd-osapiens-services-JV_IC2598197_KO0,22_KE23,40.htm?jl=1010062555190"
1010007342593,Java Backend Engineer (m/f/x),osapiens,Mannheim,,,,,EUR,True,,,,,"https://www.glassdoor.de/job-listing/java-backend-engineer-mfx-osapiens-services-JV_IC2598197_KO0,25_KE26,43.htm?jl=1010007342593"
1009881851724,SAP EWM Full-Stack Entwickler (m/w/d),Westernacher Consulting,Heidelberg,,,,,EUR,False,,,,,"https://www.glassdoor.de/job-listing/sap-ewm-full-stack-entwickler-mwd-westernacher-consulting-JV_IC2563483_KO0,33_KE34,57.htm?jl=1009881851724"
1009597195199,Senior SAP SD/MM Berater (m/w/d),Westernacher Consulting,Heidelberg,,,,,EUR,False,,,,,"https://www.glassdoor.de/job-listing/senior-sap-sd-mm-berater-mwd-westernacher-consulting-JV_IC2563483_KO0,28_KE29,52.htm?jl=1009597195199"
1010095595040,Principal Engineer (m/f/x),osapiens,Mannheim,,,,,EUR,True,,,,,"https://www.glassdoor.de/job-listing/principal-engineer-mfx-osapiens-services-JV_IC2598197_KO0,22_KE23,40.htm?jl=1010095595040"
1009713577276,Software Engineer - Backend (Java) (m/f/x),osapiens,Mannheim,,,,,EUR,True,,,,,"https://www.glassdoor.de/job-listing/software-engineer-backend-java-mfx-osapiens-services-JV_IC2598197_KO0,34_KE35,52.htm?jl=1009713577276"
1009597195373,Senior SAP EWM Berater (w/m/d),Westernacher Consulting,Heidelberg,,,,,EUR,False,,,,,"https://www.glassdoor.de/job-listing/senior-sap-ewm-berater-wmd-westernacher-consulting-JV_IC2563483_KO0,26_KE27,50.htm?jl=1009597195373"
1010046300516,Senior Full-Stack Developer (NodeJS/Typescript) (m/f/x),osapiens,Mannheim,,,,,EUR,True,,,,,"https://www.glassdoor.de/job-listing/senior-full-stack-developer-nodejs-typescript-mfx-osapiens-services-JV_IC2598197_KO0,49_KE50,67.htm?jl=1010046300516"
1010062923607,Senior Backend Developer - Typescript (m/f/x),osapiens,Mannheim,,,,,EUR,True,,,,,"https://www.glassdoor.de/job-listing/senior-backend-developer-typescript-mfx-osapiens-services-JV_IC2598197_KO0,39_KE40,57.htm?jl=1010062923607"
1010000864521,Senior Consultant IT Audit & IT Assurance (m/w/d),Deloitte GmbH,Mannheim,,,,,EUR,False,,,,,"https://www.glassdoor.de/job-listing/senior-consultant-it-audit-it-assurance-mwd-deloitte-JV_IC2598197_KO0,43_KE44,52.htm?jl=1010000864521"
1010007342574,Senior Java Backend Engineer (m/f/x),osapiens,Mannheim,,,,,EUR,True,,,,,"https://www.glassdoor.de/job-listing/senior-java-backend-engineer-mfx-osapiens-services-JV_IC2598197_KO0,32_KE33,50.htm?jl=1010007342574"
1009684071875,Senior Software Engineer - Backend (Java) (m/f/x),osapiens,Mannheim,,,,,EUR,True,,,,,"https://www.glassdoor.de/job-listing/senior-software-engineer-backend-java-mfx-osapiens-services-JV_IC2598197_KO0,41_KE42,59.htm?jl=1009684071875"
1009713577373,Senior System Administrator - Linux (m/f/x),osapiens,Mannheim,,,,,EUR,True,,,,,"https://www.glassdoor.de/job-listing/senior-system-administrator-linux-mfx-osapiens-services-JV_IC2598197_KO0,37_KE38,55.htm?jl=1009713577373"
1010062555034,Senior Backend Developer - (Typescript),osapiens,Madrid,,,,,EUR,True,,,,,"https://www.glassdoor.es/job-listing/senior-backend-developer-typescript-osapiens-services-JV_IC2664239_KO0,35_KE36,53.htm?jl=1010062555034"
1010123382366,English Teacher - AI Trainer,DataAnnotation,Heidelberg,,,,,EUR,False,,,,,"https://www.glassdoor.de/job-listing/english-teacher-ai-trainer-dataannotation-JV_IC2563483_KO0,26_KE27,41.htm?jl=1010123382366"
1010123387662,English to German Translator - AI Trainer,DataAnnotation,Heidelberg,,,,,EUR,False,,,,,"https://www.glassdoor.de/job-listing/english-to-german-translator-ai-trainer-dataannotation-JV_IC2563483_KO0,39_KE40,54.htm?jl=1010123387662"
1010123393512,Interpreter (English/German) - AI Trainer,DataAnnotation,Heidelberg,,,,,EUR,False,,,,,"https://www.glassdoor.de/job-listing/interpreter-english-german-ai-trainer-dataannotation-JV_IC2563483_KO0,37_KE38,52.htm?jl=1010123393512"
1010123360620,Bilingual Content Writer (English/German) - AI Trainer,DataAnnotation,Heidelberg,,,,,EUR,False,,,,,"https://www.glassdoor.de/job-listing/bilingual-content-writer-english-german-ai-trainer-dataannotation-JV_IC2563483_KO0,50_KE51,65.htm?jl=1010123360620"
1009994750292,Top Spezialist Applied AI (m/w/d),Inter Versicherungsgruppe,Mannheim,,,,,EUR,False,,,,,"https://www.glassdoor.de/job-listing/top-spezialist-applied-ai-mwd-inter-versicherungsgruppe-JV_IC2598197_KO0,29_KE30,55.htm?jl=1009994750292"
1010128416493,DevOps Engineer - AI Trainer,DataAnnotation,Mannheim,,,,,EUR,True,,,,,"https://www.glassdoor.de/job-listing/devops-engineer-ai-trainer-dataannotation-JV_IC2598197_KO0,26_KE27,41.htm?jl=1010128416493"
1010128416498,Senior Software Developer - AI Trainer,DataAnnotation,Mannheim,,,,,EUR,True,,,,,"https://www.glassdoor.de/job-listing/senior-software-developer-ai-trainer-dataannotation-JV_IC2598197_KO0,36_KE37,51.htm?jl=1010128416498"
1009938582021,"Teamleiter Bauausführung und Technik für den IPAI Campus, Heilbronn (m/w/d)",Schwarz Corporate Solutions,Neckarsulm,,,,,EUR,False,,,,,"https://www.glassdoor.de/job-listing/teamleiter-bauausführung-und-technik-für-den-ipai-campus-heilbronn-mwd-schwarz-dienstleistungen-JV_IC2687888_KO0,70_KE71,95.htm?jl=1009938582021"
1010122620949,e-commerce advertising Specialist (m/w/d),European Aerosols GmbH,Haßmersheim,,,,,EUR,False,,,,,"https://www.glassdoor.de/job-listing/e-commerce-advertising-specialist-mwd-european-aerosols-group-JV_IC2767759_KO0,37_KE38,61.htm?jl=1010122620949"
1010123377405,Copywriter - AI Trainer,DataAnnotation,Heidelberg,,,,,EUR,False,,,,,"https://www.glassdoor.de/job-listing/copywriter-ai-trainer-dataannotation-JV_IC2563483_KO0,21_KE22,36.htm?jl=1010123377405"
1009930440748,Business Analyst für Configuration Management (m/w/d),Schwarz Digits,Neckarsulm,,,,,EUR,False,,,,,"https://www.glassdoor.de/job-listing/business-analyst-für-configuration-management-mwd-schwarz-digits-JV_IC2687888_KO0,49_KE50,64.htm?jl=1009930440748"
1010125206374,(Junior) IT-Projekt-Consultant/Digitale Preisauszeichnung (ESL) (m/w/d),Schwarz Digits,Bad Friedrichshall,,,,,EUR,False,,,,,"https://www.glassdoor.de/job-listing/junior-it-projekt-consultant-digitale-preisauszeichnung-esl-mwd-schwarz-digits-JV_IC4990441_KO0,63_KE64,78.htm?jl=1010125206374"
1010118092534,Sales Agent (m/w/d) – Leadgenerierung & Terminvereinbarung (B2B),Alex & Gross GmbH,Mannheim,,,,,EUR,True,,,,,"https://www.glassdoor.de/job-listing/sales-agent-mwd-leadgenerierung-terminvereinbarung-b2b-alex-gross-JV_IC2598197_KO0,54_KE55,65.htm?jl=1010118092534"
1010117103046,Call Center Agent (m/w/d) im B2B Vertrieb,Alex & Gross GmbH,Mannheim,,,,,EUR,True,,,,,"https://www.glassdoor.de/job-listing/call-center-agent-mwd-im-b2b-vertrieb-alex-gross-JV_IC2598197_KO0,37_KE38,48.htm?jl=1010117103046"
1010118092619,Mitarbeiter (m/w/d) Neukundengewinnung,Alex & Gross GmbH,Mannheim,,,,,EUR,True,,,,,"https://www.glassdoor.de/job-listing/mitarbeiter-mwd-neukundengewinnung-alex-gross-JV_IC2598197_KO0,34_KE35,45.htm?jl=1010118092619"
1010128416502,Full Stack Developer - AI Trainer,DataAnnotation,Mannheim,,,,,EUR,True,,,,,"https://www.glassdoor.de/job-listing/full-stack-developer-ai-trainer-dataannotation-JV_IC2598197_KO0,31_KE32,46.htm?jl=1010128416502"
1010123371797,Bilingual Tutor (English/German) - AI Trainer,DataAnnotation,Heidelberg,,,,,EUR,False,,,,,"https://www.glassdoor.de/job-listing/bilingual-tutor-english-german-ai-trainer-dataannotation-JV_IC2563483_KO0,41_KE42,56.htm?jl=1010123371797"
1010084558412,Praktikum / Werkstudent Corporate Real Estate Management IPAI CAMPUS (m/w/d),Schwarz Corporate Solutions,Heilbronn,,,,,EUR,False,,,,,"https://www.glassdoor.de/job-listing/praktikum-werkstudent-corporate-real-estate-management-ipai-campus-mwd-schwarz-dienstleistungen-JV_IC2684889_KO0,70_KE71,95.htm?jl=1010084558412"
1009999148857,Software Engineer - Fullstack (m/w/d),Schwarz Digits,Heilbronn,,,,,EUR,False,,,,,"https://www.glassdoor.de/job-listing/software-engineer-fullstack-mwd-schwarz-digits-JV_IC2684889_KO0,31_KE32,46.htm?jl=1009999148857"
1009930440860,Cloud Engineer (m/w/d),Schwarz Digits,Heilbronn,,,,,EUR,False,,,,,"https://www.glassdoor.de/job-listing/cloud-engineer-mwd-schwarz-digits-JV_IC2684889_KO0,18_KE19,33.htm?jl=1009930440860"
1010110628319,Elektriker*in / Elektroniker*in (m/w/d) - Wärmepumpen - Großraum Heidelberg,Octopus Energy Group,Heidelberg,,,,,EUR,True,,,,,"https://www.glassdoor.de/job-listing/elektriker-in-elektroniker-in-mwd-wärmepumpen-großraum-heidelberg-octopus-energy-JV_IC2563483_KO0,65_KE66,80.htm?jl=1010110628319"
1010118092606,Mitarbeiter (m/w/d) Vertriebsinnendienst,Alex & Gross GmbH,Mannheim,,,,,EUR,True,,,,,"https://www.glassdoor.de/job-listing/mitarbeiter-mwd-vertriebsinnendienst-alex-gross-JV_IC2598197_KO0,36_KE37,47.htm?jl=1010118092606"
1010114561103,Senior Softwareentwickler (m/w/d) Payroll Software mit KI-Fokus,Wolters Kluwer Tax & Accounting Deutschland GmbH,Mannheim,,,,,EUR,False,,,,,"https://www.glassdoor.de/job-listing/senior-softwareentwickler-mwd-payroll-software-mit-ki-fokus-wolters-kluwer-JV_IC2598197_KO0,59_KE60,74.htm?jl=1010114561103"
1010110703980,Visiting Venture Architect (m/w/d),PAUL Tech AG,Mannheim,,,,,EUR,True,,,,,"https://www.glassdoor.de/job-listing/visiting-venture-architect-mwd-paul-gmbh-JV_IC2598197_KO0,30_KE31,40.htm?jl=1010110703980"
1010110848627,ML Ops Engineer (m/f/d),ENERCON GmbH,Mannheim,,,,,EUR,False,,,,,"https://www.glassdoor.de/job-listing/ml-ops-engineer-mfd-enercon-JV_IC2598197_KO0,19_KE20,27.htm?jl=1010110848627"
1010110848634,ML Ops Engineer (m/w/d),ENERCON GmbH,Mannheim,,,,,EUR,False,,,,,"https://www.glassdoor.de/job-listing/ml-ops-engineer-mwd-enercon-JV_IC2598197_KO0,19_KE20,27.htm?jl=1010110848634"
1010107896747,Anlagenmechaniker SHK / Heizungsbauer (m/w/d) – Wärmepumpen - Großraum Rhein-Neckar / Kraichgau,Octopus Energy Group,Heidelberg,,,,,EUR,True,,,,,"https://www.glassdoor.de/job-listing/anlagenmechaniker-shk-heizungsbauer-mwd-wärmepumpen-großraum-rhein-neckar-kraichgau-octopus-energy-JV_IC2563483_KO0,83_KE84,98.htm?jl=1010107896747"
1010057853055,Filialleiter (m/w/d),A.I. Fitness GmbH,Heilbronn,,,,,EUR,True,,,,,"https://www.glassdoor.de/job-listing/filialleiter-mwd-ai-management-JV_IC2684889_KO0,16_KE17,30.htm?jl=1010057853055"
1010084748701,Duales Studium (m/w/d),A.I. Fitness GmbH,,,,,,EUR,True,,,,,"https://www.glassdoor.de/job-listing/duales-studium-mwd-ai-management-JV_IC2754638_KO0,18_KE19,32.htm?jl=1010084748701"
1010111755409,Solution Architect (m/w/d) SAP FI/CO,Syntax Systems GmbH & Co. KG,,,,,,EUR,False,,,,,"https://www.glassdoor.de/job-listing/solution-architect-mwd-sap-fi-co-syntax-JV_IC2754638_KO0,32_KE33,39.htm?jl=1010111755409"
1010116880168,Trainees (m/w/x) als IT- Trainer/Dozenten für Microsoft Zertifizierungskurse (m/w/x),GFN GmbH,Heidelberg,,,,,EUR,True,,,,,"https://www.glassdoor.de/job-listing/trainees-mwx-als-it-trainer-dozenten-für-microsoft-zertifizierungskurse-mwx-gfn-JV_IC2563483_KO0,75_KE76,79.htm?jl=1010116880168"
1010046097875,Senior Employer Relations Manager (m/w/d) Teilzeit (20h/Woche),IU Internationale Hochschule,Mannheim,,,,,EUR,False,,,,,"https://www.glassdoor.de/job-listing/senior-employer-relations-manager-mwd-teilzeit-20h-woche-iu-internationale-hochschule-JV_IC2598197_KO0,56_KE57,85.htm?jl=1010046097875"
1010071586223,Telesales Specialist - Wärmepumpen (w/m/d),Octopus Energy Group,Heidelberg,,,,,EUR,True,,,,,"https://www.glassdoor.de/job-listing/telesales-specialist-wärmepumpen-wmd-octopus-energy-JV_IC2563483_KO0,36_KE37,51.htm?jl=1010071586223"
1010108193123,Servicetechniker Wärmepumpe / Anlagenmechaniker SHK (m/w/d) – Region Rhein-Neckar / Kraichgau,Octopus Energy Group,Heidelberg,,,,,EUR,True,,,,,"https://www.glassdoor.de/job-listing/servicetechniker-wärmepumpe-anlagenmechaniker-shk-mwd-region-rhein-neckar-kraichgau-octopus-energy-JV_IC2563483_KO0,83_KE84,98.htm?jl=1010108193123"
1010110702696,Senior Data Scientist ML & Engineering (m/w/d),PAUL Tech AG,Mannheim,,,,,EUR,True,,,,,"https://www.glassdoor.de/job-listing/senior-data-scientist-ml-engineering-mwd-paul-gmbh-JV_IC2598197_KO0,40_KE41,50.htm?jl=1010110702696"
1010112602200,Filialleiter (m/w/d),A.I. Fitness GmbH,,,,,,EUR,True,,,,,"https://www.glassdoor.de/job-listing/filialleiter-mwd-ai-management-JV_IC2754638_KO0,16_KE17,30.htm?jl=1010112602200"
1010110628317,Elektriker*in / Elektroniker*in (m/w/d) - Wärmepumpen - Großraum Heidelberg,Octopus Energy Group,Mannheim,,,,,EUR,True,,,,,"https://www.glassdoor.de/job-listing/elektriker-in-elektroniker-in-mwd-wärmepumpen-großraum-heidelberg-octopus-energy-JV_IC2598197_KO0,65_KE66,80.htm?jl=1010110628317"
1010107896755,Anlagenmechaniker SHK / Heizungsbauer (m/w/d) – Wärmepumpen - Großraum Rhein-Neckar / Kraichgau,Octopus Energy Group,Mannheim,,,,,EUR,True,,,,,"https://www.glassdoor.de/job-listing/anlagenmechaniker-shk-heizungsbauer-mwd-wärmepumpen-großraum-rhein-neckar-kraichgau-octopus-energy-JV_IC2598197_KO0,83_KE84,98.htm?jl=1010107896755"
1010110628321,Elektriker*in / Elektroniker*in (m/w/d) - Wärmepumpen - Großraum Heidelberg,Octopus Energy Group,Heilbronn,,,,,EUR,True,,,,,"https://www.glassdoor.de/job-listing/elektriker-in-elektroniker-in-mwd-wärmepumpen-großraum-heidelberg-octopus-energy-JV_IC2684889_KO0,65_KE66,80.htm?jl=1010110628321"
1010084748691,Ausbildung Sport- und Fitnesskaufmann (m/w/d),A.I. Fitness GmbH,,,,,,EUR,True,,,,,"https://www.glassdoor.de/job-listing/ausbildung-sport-und-fitnesskaufmann-mwd-ai-management-JV_IC2754638_KO0,40_KE41,54.htm?jl=1010084748691"
1010109139178,Senior AI Researcher - Pre-training (f/m/d),Aleph Alpha,Heidelberg,,,,,EUR,False,,,,,"https://www.glassdoor.de/job-listing/senior-ai-researcher-pre-training-fmd-aleph-alpha-JV_IC2563483_KO0,37_KE38,49.htm?jl=1010109139178"
1010127853264,Quereinsteiger (m/w/d) AI & Machine Learning Engineering,MSIT GmbH,Karlsruhe,,,,,EUR,True,,,,,"https://www.glassdoor.de/job-listing/quereinsteiger-mwd-ai-machine-learning-engineering-msit-JV_IC2771206_KO0,50_KE51,55.htm?jl=1010127853264"
1010108193119,Servicetechniker Wärmepumpe / Anlagenmechaniker SHK (m/w/d) – Region Rhein-Neckar / Kraichgau,Octopus Energy Group,Weinheim,,,,,EUR,True,,,,,"https://www.glassdoor.de/job-listing/servicetechniker-wärmepumpe-anlagenmechaniker-shk-mwd-region-rhein-neckar-kraichgau-octopus-energy-JV_IC2754638_KO0,83_KE84,98.htm?jl=1010108193119"
1010108338426,Senior AI Researcher - Pre-training Data,Aleph Alpha,Deutschland,,,,,EUR,False,,,,,"https://www.glassdoor.de/job-listing/senior-ai-researcher-pre-training-data-aleph-alpha-JV_KO0,38_KE39,50.htm?jl=1010108338426"
1010106996206,"AI Application Developer (m/w/d) – Chatbots, RAG & Systemintegration",Deutsches Krebsforschungszentrum,Heidelberg,,,,,EUR,False,,,,,"https://www.glassdoor.de/job-listing/ai-application-developer-mwd-chatbots-rag-systemintegration-deutsches-krebsforschungszentrum-JV_IC2563483_KO0,59_KE60,92.htm?jl=1010106996206"
1009939811316,TEILZEIT (M/W/D) – RAG & AI UNTERSTÜTZUNG,ADTELLIGENCE,Mannheim,,,,,EUR,False,,,,,"https://www.glassdoor.de/job-listing/teilzeit-mwd-rag-ai-unterstützung-adtelligence-JV_IC2598197_KO0,33_KE34,46.htm?jl=1009939811316"
1010106523635,Product Owner / Product Manager (m/f/d) (AI Factory),Phoenix Medical,Mannheim,,,,,EUR,False,,,,,"https://www.glassdoor.de/job-listing/product-owner-product-manager-mfd-ai-factory-phoenix-medical-JV_IC2598197_KO0,44_KE45,60.htm?jl=1010106523635"
1010040291178,Data Analyst Process Mining & AI (m/f/d),Phoenix Medical,Mannheim,,,,,EUR,False,,,,,"https://www.glassdoor.de/job-listing/data-analyst-process-mining-ai-mfd-phoenix-medical-JV_IC2598197_KO0,34_KE35,50.htm?jl=1010040291178"
1010118810461,Internship - Agentic AI for Computational Biology (all genders),Merck KGaA,Darmstadt,,,,,EUR,False,,,,,"https://www.glassdoor.de/job-listing/internship-agentic-ai-for-computational-biology-all-genders-merck-kgaa-JV_IC2636034_KO0,59_KE60,70.htm?jl=1010118810461"
1010078883247,Masterand/ Bachelorand/ Praktikant (m/w/d) Artificial Intelligence in Engineering,:em engineering methods AG,Darmstadt,,,,,EUR,True,,,,,"https://www.glassdoor.de/job-listing/masterand-bachelorand-praktikant-mwd-artificial-intelligence-in-engineering-em-engineering-methods-JV_IC2636034_KO0,75_KE76,98.htm?jl=1010078883247"
1010077219520,Data Scientist (AI),Telespazio Germany GmbH,Darmstadt,,,,,EUR,True,,,,,"https://www.glassdoor.de/job-listing/data-scientist-ai-leonardo-JV_IC2636034_KO0,17_KE18,26.htm?jl=1010077219520"
1010127298695,Senior Backend Developer (m/f/d),Energy Robotics GmbH / Korial,Darmstadt,,,,,EUR,False,,,,,"https://www.glassdoor.de/job-listing/senior-backend-developer-mfd-energy-robotics-gmbh-korial-JV_IC2636034_KO0,28_KE29,56.htm?jl=1010127298695"
1010123141197,Senior Cloud DevOps Engineer (m/f/d),Energy Robotics GmbH / Korial,Darmstadt,,,,,EUR,False,,,,,"https://www.glassdoor.de/job-listing/senior-cloud-devops-engineer-mfd-energy-robotics-gmbh-korial-JV_IC2636034_KO0,32_KE33,60.htm?jl=1010123141197"
1010126699269,Lead AI Engineer (w/m/d) IT-Consulting,MaibornWolff GmbH,Darmstadt,,,,,EUR,True,,,,,"https://www.glassdoor.de/job-listing/lead-ai-engineer-wmd-it-consulting-maibornwolff-JV_IC2636034_KO0,34_KE35,47.htm?jl=1010126699269"
1010123379147,Copywriter - AI Trainer,DataAnnotation,Darmstadt,,,,,EUR,False,,,,,"https://www.glassdoor.de/job-listing/copywriter-ai-trainer-dataannotation-JV_IC2636034_KO0,21_KE22,36.htm?jl=1010123379147"
1009546255651,Tutor- AI Trainer,DataAnnotation,Mannheim,,,,,EUR,False,,,,,"https://www.glassdoor.de/job-listing/tutor-ai-trainer-dataannotation-JV_IC2598197_KO0,16_KE17,31.htm?jl=1009546255651"
1010123373498,Bilingual Tutor (English/German) - AI Trainer,DataAnnotation,Darmstadt,,,,,EUR,False,,,,,"https://www.glassdoor.de/job-listing/bilingual-tutor-english-german-ai-trainer-dataannotation-JV_IC2636034_KO0,41_KE42,56.htm?jl=1010123373498"
1010123364615,Bilingual Content Writer (English/German) - AI Trainer,DataAnnotation,Darmstadt,,,,,EUR,False,,,,,"https://www.glassdoor.de/job-listing/bilingual-content-writer-english-german-ai-trainer-dataannotation-JV_IC2636034_KO0,50_KE51,65.htm?jl=1010123364615"
1010123384581,English Teacher - AI Trainer,DataAnnotation,Darmstadt,,,,,EUR,False,,,,,"https://www.glassdoor.de/job-listing/english-teacher-ai-trainer-dataannotation-JV_IC2636034_KO0,26_KE27,41.htm?jl=1010123384581"
1010123388704,English to German Translator - AI Trainer,DataAnnotation,Darmstadt,,,,,EUR,False,,,,,"https://www.glassdoor.de/job-listing/english-to-german-translator-ai-trainer-dataannotation-JV_IC2636034_KO0,39_KE40,54.htm?jl=1010123388704"
1010123394751,Interpreter (English/German) - AI Trainer,DataAnnotation,Darmstadt,,,,,EUR,False,,,,,"https://www.glassdoor.de/job-listing/interpreter-english-german-ai-trainer-dataannotation-JV_IC2636034_KO0,37_KE38,52.htm?jl=1010123394751"
1010128416442,Software Engineer - AI Trainer,DataAnnotation,Darmstadt,,,,,EUR,True,,,,,"https://www.glassdoor.de/job-listing/software-engineer-ai-trainer-dataannotation-JV_IC2636034_KO0,28_KE29,43.htm?jl=1010128416442"
1010128416393,Application Developer - AI Trainer,DataAnnotation,Darmstadt,,,,,EUR,True,,,,,"https://www.glassdoor.de/job-listing/application-developer-ai-trainer-dataannotation-JV_IC2636034_KO0,32_KE33,47.htm?jl=1010128416393"
1010128416471,Software Developer - AI Trainer,DataAnnotation,Darmstadt,,,,,EUR,True,,,,,"https://www.glassdoor.de/job-listing/software-developer-ai-trainer-dataannotation-JV_IC2636034_KO0,29_KE30,44.htm?jl=1010128416471"
1010127853274,Quereinsteiger (m/w/d) AI & Machine Learning Engineering,MSIT GmbH,Mannheim,,,,,EUR,True,,,,,"https://www.glassdoor.de/job-listing/quereinsteiger-mwd-ai-machine-learning-engineering-msit-JV_IC2598197_KO0,50_KE51,55.htm?jl=1010127853274"
1010116083447,Application Manager (m/w/d) - Computer Vision,Desion GmbH,Darmstadt,,,,,EUR,True,,,,,"https://www.glassdoor.de/job-listing/application-manager-mwd-computer-vision-desion-gmbh-JV_IC2636034_KO0,39_KE40,51.htm?jl=1010116083447"
1010053257965,Senior Software Developer (m/f/d) Java/Kotlin with Spring Boot,etalytics GmbH,Darmstadt,,,,,EUR,True,,,,,"https://www.glassdoor.de/job-listing/senior-software-developer-mfd-java-kotlin-with-spring-boot-etalytics-gmbh-JV_IC2636034_KO0,58_KE59,73.htm?jl=1010053257965"
1010109269101,AI Expert (m/w/d),eXXcellent solutions,Darmstadt,,,,,EUR,False,,,,,"https://www.glassdoor.de/job-listing/ai-expert-mwd-exxcellent-solutions-JV_IC2636034_KO0,13_KE14,34.htm?jl=1010109269101"
1010127656523,Quereinsteiger (m/w/d) IT-Support AI Systems,MSIT GmbH,Mannheim,,,,,EUR,True,,,,,"https://www.glassdoor.de/job-listing/quereinsteiger-mwd-it-support-ai-systems-msit-JV_IC2598197_KO0,40_KE41,45.htm?jl=1010127656523"
1010107896710,Anlagenmechaniker SHK / Heizungsbauer (m/w/d) – Wärmepumpen - Großraum Rhein-Neckar / Kraichgau,Octopus Energy Group,Weinheim,,,,,EUR,True,,,,,"https://www.glassdoor.de/job-listing/anlagenmechaniker-shk-heizungsbauer-mwd-wärmepumpen-großraum-rhein-neckar-kraichgau-octopus-energy-JV_IC2754638_KO0,83_KE84,98.htm?jl=1010107896710"
1009793566039,Team Lead AI & RD (m/w/d),q.beyond AG,Darmstadt,,,,,EUR,False,,,,,"https://www.glassdoor.de/job-listing/team-lead-ai-rd-mwd-q-beyond-ag-JV_IC2636034_KO0,19_KE20,31.htm?jl=1009793566039"
1010123143549,Computer Vision & AI Engineer (m/f/d),Energy Robotics GmbH / Korial,Darmstadt,,,,,EUR,False,,,,,"https://www.glassdoor.de/job-listing/computer-vision-ai-engineer-mfd-energy-robotics-gmbh-korial-JV_IC2636034_KO0,31_KE32,59.htm?jl=1010123143549"
1010126018207,Manager Group Communications (m/w/d) - Website & AI,Bilfinger SE,Mannheim,,,,,EUR,False,,,,,"https://www.glassdoor.de/job-listing/manager-group-communications-mwd-website-ai-bilfinger-JV_IC2598197_KO0,43_KE44,53.htm?jl=1010126018207"
1010051680801,Klapital GmbH: AI Content Specialist (m/w/d,Snocks GmbH,Mannheim,,,,,EUR,True,,,,,"https://www.glassdoor.de/job-listing/klapital-gmbh-ai-content-specialist-mwd-snocks-JV_IC2598197_KO0,39_KE40,46.htm?jl=1010051680801"
1010098840320,Senior AI Engineer – Pre-training Data (f/m/d),Aleph Alpha,Heidelberg,,,,,EUR,False,,,,,"https://www.glassdoor.de/job-listing/senior-ai-engineer-pre-training-data-fmd-aleph-alpha-JV_IC2563483_KO0,40_KE41,52.htm?jl=1010098840320"
1009895151389,Senior AI Software Engineer - Model Evaluation (f/m/d),Aleph Alpha,Heidelberg,,,,,EUR,False,,,,,"https://www.glassdoor.de/job-listing/senior-ai-software-engineer-model-evaluation-fmd-aleph-alpha-JV_IC2563483_KO0,48_KE49,60.htm?jl=1009895151389"
1010116264474,KI-Manager / AI Lead (m/w/d) – Wasser & Umwelt,spie­ker­mann ingenieure gmbh,Darmstadt,,,,,EUR,False,,,,,"https://www.glassdoor.de/job-listing/ki-manager-ai-lead-mwd-wasser-umwelt-spiekermann-ingenieure-JV_IC2636034_KO0,36_KE37,59.htm?jl=1010116264474"
1010117076097,KI-Manager / AI Lead (m/w/d) – Wasser & Umwelt,KREBS+KIEFER Ingenieure GmbH,Darmstadt,,,,,EUR,False,,,,,"https://www.glassdoor.de/job-listing/ki-manager-ai-lead-mwd-wasser-umwelt-krebs-kiefer-JV_IC2636034_KO0,36_KE37,49.htm?jl=1010117076097"
1010052737450,Senior AI Researcher- Reinforcement learning (f/m/d),Aleph Alpha,Heidelberg,,,,,EUR,False,,,,,"https://www.glassdoor.de/job-listing/senior-ai-researcher-reinforcement-learning-fmd-aleph-alpha-JV_IC2563483_KO0,47_KE48,59.htm?jl=1010052737450"
1009846886574,KI Prompt Engineer/AI Consultant (m/w/d) – 100% remote,mycareernow GmbH,Heidelberg,,,,,EUR,True,,,,,"https://www.glassdoor.de/job-listing/ki-prompt-engineer-ai-consultant-mwd-100-remote-mycareernow-gmbh-JV_IC2563483_KO0,47_KE48,64.htm?jl=1009846886574"
1010092840553,Junior AI Content Specialist,Telespazio Germany GmbH,Darmstadt,,,,,EUR,True,,,,,"https://www.glassdoor.de/job-listing/junior-ai-content-specialist-leonardo-JV_IC2636034_KO0,28_KE29,37.htm?jl=1010092840553"
1009653559790,Volontariat Text / Redaktion / Content (w/m/d),cyperfection,Ludwigshafen,,,,,EUR,False,,,,,"https://www.glassdoor.de/job-listing/volontariat-text-redaktion-content-wmd-cyperfection-JV_IC2786354_KO0,38_KE39,51.htm?jl=1009653559790"
1010092701711,AI Architect (m/f/d),TE Connectivity,Bensheim,,,,,EUR,False,,,,,"https://www.glassdoor.de/job-listing/ai-architect-mfd-te-connectivity-JV_IC2556771_KO0,16_KE17,32.htm?jl=1010092701711"
1010091806789,Data Science Expert (m/f/d),appose gmbh,Heidelberg,,,,,EUR,False,,,,,"https://www.glassdoor.de/job-listing/data-science-expert-mfd-appose-gmbh-JV_IC2563483_KO0,23_KE24,35.htm?jl=1010091806789"
1010118168431,Platform / DevSecOps / AI Engineer for Mission Control Systems (f/m/d),SSC – Swedish Space Corporation,Darmstadt,,,,,EUR,False,,,,,"https://www.glassdoor.de/job-listing/platform-devsecops-ai-engineer-for-mission-control-systems-fmd-swedish-space-JV_IC2636034_KO0,62_KE63,76.htm?jl=1010118168431"
1010083960815,Dein Karrieresprung: KI-Spezialist (m/w/d) – Jetzt einsteigen und starten!,Syntex GmbH,Ludwigshafen,,,,,EUR,True,,,,,"https://www.glassdoor.de/job-listing/dein-karrieresprung-ki-spezialist-mwd-jetzt-einsteigen-und-starten-syntex-JV_IC2786354_KO0,66_KE67,73.htm?jl=1010083960815"
1010127841584,(Senior) Consultant / Manager - AI Transformation (all genders),Forvis Mazars GmbH & Co. KG,Mannheim,,,,,EUR,False,,,,,"https://www.glassdoor.de/job-listing/senior-consultant-manager-ai-transformation-all-genders-mazars-JV_IC2598197_KO0,55_KE56,62.htm?jl=1010127841584"
1009906966693,AI Expert - AI Development & Business Process Integration (w/m/d),KPMG,Mannheim,,,,,EUR,False,,,,,"https://www.glassdoor.de/job-listing/ai-expert-ai-development-business-process-integration-wmd-kpmg-JV_IC2598197_KO0,57_KE58,62.htm?jl=1009906966693"
1010112413477,IS Solution Architect (m/f/d),ABB,Mannheim,,,,,EUR,False,,,,,"https://www.glassdoor.de/job-listing/is-solution-architect-mfd-abb-JV_IC2598197_KO0,25_KE26,29.htm?jl=1010112413477"
1009891718607,Full Stack Entwickler - AI Integration (all genders,Accenture,Mannheim,,,,,EUR,False,,,,,"https://www.glassdoor.de/job-listing/full-stack-entwickler-ai-integration-all-genders-accenture-JV_IC2598197_KO0,48_KE49,58.htm?jl=1009891718607"
1010000864573,Consultant Strategie- und Managementberatung Fokus Data & AI (m/w/d),Deloitte GmbH,Mannheim,,,,,EUR,False,,,,,"https://www.glassdoor.de/job-listing/consultant-strategie-und-managementberatung-fokus-data-ai-mwd-deloitte-JV_IC2598197_KO0,61_KE62,70.htm?jl=1010000864573"
1010127837131,Interim - Group Product Manager AI,TOPdesk,Kaiserslautern,,,,,EUR,True,,,,,"https://www.glassdoor.de/job-listing/interim-group-product-manager-ai-topdesk-JV_IC2794942_KO0,32_KE33,40.htm?jl=1010127837131"
1008551721860,Web Developer (m/f/d),Framence GmbH,Bensheim,,,,,EUR,False,,,,,"https://www.glassdoor.de/job-listing/web-developer-mfd-framence-gmbh-JV_IC2556771_KO0,17_KE18,31.htm?jl=1008551721860"
1009941602442,Diploma Student (m/f/d) - AI Methods for Sustainable Mechanical Design,ABB,Mannheim,,,,,EUR,False,,,,,"https://www.glassdoor.de/job-listing/diploma-student-mfd-ai-methods-for-sustainable-mechanical-design-abb-JV_IC2598197_KO0,64_KE65,68.htm?jl=1009941602442"
1010062447168,Business AI & Data Architect (m/w/d),Bilfinger SE,Mannheim,,,,,EUR,False,,,,,"https://www.glassdoor.de/job-listing/business-ai-data-architect-mwd-bilfinger-JV_IC2598197_KO0,30_KE31,40.htm?jl=1010062447168"
1010111532060,AI MARKETING SYSTEMS LEAD (M/W/D),ADTELLIGENCE,Mannheim,,,,,EUR,False,,,,,"https://www.glassdoor.de/job-listing/ai-marketing-systems-lead-mwd-adtelligence-JV_IC2598197_KO0,29_KE30,42.htm?jl=1010111532060"
1009965262914,Senior Manager AI Strategy & Enterprise Transformation (w|m|d),fastahead GmbH & Co. KG,Mannheim,,,,,EUR,True,,,,,"https://www.glassdoor.de/job-listing/senior-manager-ai-strategy-enterprise-transformation-w-m-d-fastahead-gmbh-co-kg-JV_IC2598197_KO0,58_KE59,79.htm?jl=1009965262914"
1010124818204,Lead AI Engineer / Architect (m/w/d) - Agentic Systems,Limbach Gruppe,Heidelberg,,,,,EUR,False,,,,,"https://www.glassdoor.de/job-listing/lead-ai-engineer-architect-mwd-agentic-systems-limbach-gruppe-JV_IC2563483_KO0,46_KE47,61.htm?jl=1010124818204"
1010010648063,Software Entwickler AI Services (m/w/d),Veenion GmbH,Kaiserslautern,,,,,EUR,False,,,,,"https://www.glassdoor.de/job-listing/software-entwickler-ai-services-mwd-veenion-gmbh-JV_IC2794942_KO0,35_KE36,48.htm?jl=1010010648063"
1010101672757,Working Student EF-DAO Products (all genders),Merck KGaA,Weiterstadt,,,,,EUR,False,,,,,"https://www.glassdoor.de/job-listing/working-student-ef-dao-products-all-genders-merck-kgaa-JV_IC2552923_KO0,43_KE44,54.htm?jl=1010101672757"
1010061652296,"Full Stack, AI & Multi Agent Systems Engineering Lead (all genders)",Accenture,Mannheim,,,,,EUR,False,,,,,"https://www.glassdoor.de/job-listing/full-stack-ai-multi-agent-systems-engineering-lead-all-genders-accenture-JV_IC2598197_KO0,62_KE63,72.htm?jl=1010061652296"
1010000864555,Senior Consultant Strategie- und Managementberatung Fokus Data & AI (m/w/d),Deloitte GmbH,Mannheim,,,,,EUR,False,,,,,"https://www.glassdoor.de/job-listing/senior-consultant-strategie-und-managementberatung-fokus-data-ai-mwd-deloitte-JV_IC2598197_KO0,68_KE69,77.htm?jl=1010000864555"
1009951473097,Internal Consultant Process Automation & Innovation (m/w/d),Bilfinger SE,Mannheim,,,,,EUR,False,,,,,"https://www.glassdoor.de/job-listing/internal-consultant-process-automation-innovation-mwd-bilfinger-JV_IC2598197_KO0,53_KE54,63.htm?jl=1009951473097"
1010115686173,AI Backend Engineer (f/m/d),paretos GmbH,Heidelberg,,,,,EUR,True,,,,,"https://www.glassdoor.de/job-listing/ai-backend-engineer-fmd-paretos-JV_IC2563483_KO0,23_KE24,31.htm?jl=1010115686173"
1010094063722,Project Manager (w|m|d) mit IT & AI Know-how,BridgingIT GmbH,Mannheim,,,,,EUR,True,,,,,"https://www.glassdoor.de/job-listing/project-manager-w-m-d-mit-it-ai-know-how-bridgingit-JV_IC2598197_KO0,40_KE41,51.htm?jl=1010094063722"
1010007003662,(Senior) Machine Learning Engineer (m/w/d),PROFI Engineering Systems AG,Darmstadt,,,,,EUR,False,,,,,"https://www.glassdoor.de/job-listing/senior-machine-learning-engineer-mwd-profi-engineering-systems-JV_IC2636034_KO0,36_KE37,62.htm?jl=1010007003662"
1010079353525,Data Engineer Intern (Darmstadt),Rakuten Global,Darmstadt,,,,,EUR,False,,,,,"https://www.glassdoor.de/job-listing/data-engineer-intern-darmstadt-rakuten-JV_IC2636034_KO0,30_KE31,38.htm?jl=1010079353525"
1010122939900,Postdoctoral Fellow in Informatics & AI / Cardiovascular System Biology,Universitätsklinikum Mannheim,Mannheim,,,,,EUR,False,,,,,"https://www.glassdoor.de/job-listing/postdoctoral-fellow-in-informatics-ai-cardiovascular-system-biology-universitätsmedizin-mannheim-JV_IC2598197_KO0,67_KE68,96.htm?jl=1010122939900"
1010124975074,"Software Development Engineer, Senior II AI Agent",BorgWarner,Darmstadt,,,,,EUR,False,,,,,"https://www.glassdoor.de/job-listing/software-development-engineer-senior-ii-ai-agent-borgwarner-JV_IC2636034_KO0,48_KE49,59.htm?jl=1010124975074"
1009684007793,Transformation Manager (w|m|d) mit IT & AI Know-how,BridgingIT GmbH,Mannheim,,,,,EUR,True,,,,,"https://www.glassdoor.de/job-listing/transformation-manager-w-m-d-mit-it-ai-know-how-bridgingit-JV_IC2598197_KO0,47_KE48,58.htm?jl=1009684007793"
1009775556175,KI Agent (m/w/d) zur Verstärkung gesucht,Stellenmanufaktur,Ludwigshafen,,,,,EUR,True,,,,,"https://www.glassdoor.de/job-listing/ki-agent-mwd-zur-verstärkung-gesucht-stellenmanufaktur-JV_IC2786354_KO0,36_KE37,54.htm?jl=1009775556175"
1010108104926,IT Support Engineer (f/m/d),Aleph Alpha,Heidelberg,,,,,EUR,False,,,,,"https://www.glassdoor.de/job-listing/it-support-engineer-fmd-aleph-alpha-JV_IC2563483_KO0,23_KE24,35.htm?jl=1010108104926"
1010108111969,Fachinformatiker Systemintegration als Anwendungsentwickler (m/w/d),Deutsches Krebsforschungszentrum (DKFZ),Heidelberg,,,,,EUR,False,,,,,"https://www.glassdoor.de/job-listing/fachinformatiker-systemintegration-als-anwendungsentwickler-mwd-deutsches-krebsforschungszentrum-JV_IC2563483_KO0,63_KE64,96.htm?jl=1010108111969"
1010073611976,Tech Lead - AI Solutions,Strictly Boring GmbH,Mannheim,,,,,EUR,True,,,,,"https://www.glassdoor.de/job-listing/tech-lead-ai-solutions-strictly-boring-gmbh-JV_IC2598197_KO0,22_KE23,43.htm?jl=1010073611976"
1010126697983,Lead AI Engineer (w/m/d) IT-Consulting,MaibornWolff GmbH,Frankfurt am Main,,,,,EUR,True,,,,,"https://www.glassdoor.de/job-listing/lead-ai-engineer-wmd-it-consulting-maibornwolff-JV_IC2632180_KO0,34_KE35,47.htm?jl=1010126697983"
1010122817197,AI Adoption Lead - Artificial Intelligence Office,The European Central Bank,Frankfurt am Main,,,,,EUR,False,,,,,"https://www.glassdoor.de/job-listing/ai-adoption-lead-artificial-intelligence-office-european-central-bank-JV_IC2632180_KO0,47_KE48,69.htm?jl=1010122817197"
1009885518086,Doctoral Position in Developmental Artificial Intelligence (f/m/d),Frankfurt Institute for Advanced Studies (FIAS),Frankfurt am Main,,,,,EUR,False,,,,,"https://www.glassdoor.de/job-listing/doctoral-position-in-developmental-artificial-intelligence-fmd-frankfurt-institute-for-advanced-studies-JV_IC2632180_KO0,62_KE63,103.htm?jl=1009885518086"
1010075916207,Product Owner S-KIPilot / Generative Artificial Intelligence (m/w/d),Finanz Informatik GmbH & Co. KG,Frankfurt am Main,,,,,EUR,False,,,,,"https://www.glassdoor.de/job-listing/product-owner-s-kipilot-generative-artificial-intelligence-mwd-finanz-informatik-JV_IC2632180_KO0,62_KE63,80.htm?jl=1010075916207"
1009903002447,WERKSTUDENT (M/W/D) ARTIFICIAL INTELLIGENCE,München,Frankfurt am Main,,,,,EUR,False,,,,,"https://www.glassdoor.de/job-listing/werkstudent-mwd-artificial-intelligence-reply-JV_IC2632180_KO0,39_KE40,45.htm?jl=1009903002447"
1010122817207,AI Enterprise Architect - Artificial Intelligence Office,The European Central Bank,Frankfurt am Main,,,,,EUR,False,,,,,"https://www.glassdoor.de/job-listing/ai-enterprise-architect-artificial-intelligence-office-european-central-bank-JV_IC2632180_KO0,54_KE55,76.htm?jl=1010122817207"
1009854775897,Business Analyst Generative Artificial Intelligence (m/w/d),Finanz Informatik GmbH & Co. KG,Frankfurt am Main,,,,,EUR,False,,,,,"https://www.glassdoor.de/job-listing/business-analyst-generative-artificial-intelligence-mwd-finanz-informatik-JV_IC2632180_KO0,55_KE56,73.htm?jl=1009854775897"
1010028539358,"Artificial Intelligence, Wiesbaden, The Undergraduate School - Adjunct Faculty",University of Maryland Global Campus,Wiesbaden,,,,,EUR,False,,,,,"https://www.glassdoor.de/job-listing/artificial-intelligence-wiesbaden-the-undergraduate-school-adjunct-faculty-university-of-maryland-global-campus-JV_IC2554430_KO0,74_KE75,111.htm?jl=1010028539358"
1010115063110,Data Scientist,Booz Allen,Wiesbaden,,,,,EUR,False,,,,,"https://www.glassdoor.de/job-listing/data-scientist-booz-allen-hamilton-JV_IC2554430_KO0,14_KE15,34.htm?jl=1010115063110"
1010109416576,Supervision Analysts in the Technology and Innovation Division,The European Central Bank,Frankfurt am Main,,,,,EUR,False,,,,,"https://www.glassdoor.de/job-listing/supervision-analysts-in-the-technology-and-innovation-division-european-central-bank-JV_IC2632180_KO0,62_KE63,84.htm?jl=1010109416576"
1010083039753,Associate Consultant (Germany) - Entry-Level Technology Consulting (Life Sciences),Veeva Systems,Frankfurt am Main,,,,,EUR,False,,,,,"https://www.glassdoor.de/job-listing/associate-consultant-germany-entry-level-technology-consulting-life-sciences-veeva-systems-JV_IC2632180_KO0,76_KE77,90.htm?jl=1010083039753"
1010089462188,Cloud Engineer,Booz Allen,Wiesbaden,,,,,EUR,False,,,,,"https://www.glassdoor.de/job-listing/cloud-engineer-booz-allen-hamilton-JV_IC2554430_KO0,14_KE15,34.htm?jl=1010089462188"
1010083040684,Associate Technical Consultant (Germany) - Entry-Level Consulting (Life Sciences),Veeva Systems,Frankfurt am Main,,,,,EUR,False,,,,,"https://www.glassdoor.de/job-listing/associate-technical-consultant-germany-entry-level-consulting-life-sciences-veeva-systems-JV_IC2632180_KO0,75_KE76,89.htm?jl=1010083040684"
1010000866744,Consultant Business Intelligence - Dein Einstieg in AI Insights (m/w/d),Deloitte Consulting GmbH,Frankfurt am Main,,,,,EUR,False,,,,,"https://www.glassdoor.de/job-listing/consultant-business-intelligence-dein-einstieg-in-ai-insights-mwd-deloitte-JV_IC2632180_KO0,65_KE66,74.htm?jl=1010000866744"
1010102024036,Software Developer and Engineer,Booz Allen,Wiesbaden,,,,,EUR,False,,,,,"https://www.glassdoor.de/job-listing/software-developer-and-engineer-booz-allen-hamilton-JV_IC2554430_KO0,31_KE32,51.htm?jl=1010102024036"
1008635971431,Postdoc Simulation-based inference of single-particle tracking microscopy,Frankfurt Institute for Advanced Studies (FIAS),Frankfurt am Main,,,,,EUR,False,,,,,"https://www.glassdoor.de/job-listing/postdoc-simulation-based-inference-of-single-particle-tracking-microscopy-frankfurt-institute-for-advanced-studies-JV_IC2632180_KO0,73_KE74,114.htm?jl=1008635971431"
1010102024034,Platform Engineer,Booz Allen,Wiesbaden,,,,,EUR,False,,,,,"https://www.glassdoor.de/job-listing/platform-engineer-booz-allen-hamilton-JV_IC2554430_KO0,17_KE18,37.htm?jl=1010102024034"
1010116121116,Economists - Prices and Costs,The European Central Bank,Frankfurt am Main,,,,,EUR,False,,,,,"https://www.glassdoor.de/job-listing/economists-prices-and-costs-european-central-bank-JV_IC2632180_KO0,27_KE28,49.htm?jl=1010116121116"
1010119594465,"Lead Domain Architect (f/m/x) – Data & AI, End-User Computing",Deutsche Bank,Frankfurt am Main,,,,,EUR,False,,,,,"https://www.glassdoor.de/job-listing/lead-domain-architect-fmx-data-ai-end-user-computing-deutsche-bank-JV_IC2632180_KO0,52_KE53,66.htm?jl=1010119594465"
1010062674661,Team Lead IT Ops,Emma – The Sleep Company,Frankfurt am Main,,,,,EUR,False,,,,,"https://www.glassdoor.de/job-listing/team-lead-it-ops-emma-JV_IC2632180_KO0,16_KE17,21.htm?jl=1010062674661"
1010116191444,IT Asset & Data Integrity Manager (f/m/d),Allianz,Frankfurt am Main,,,,,EUR,False,,,,,"https://www.glassdoor.de/job-listing/it-asset-data-integrity-manager-fmd-allianz-JV_IC2632180_KO0,35_KE36,43.htm?jl=1010116191444"
1010127734622,IT Audit Manager (f/m/d),Allianz,Frankfurt am Main,,,,,EUR,False,,,,,"https://www.glassdoor.de/job-listing/it-audit-manager-fmd-allianz-JV_IC2632180_KO0,20_KE21,28.htm?jl=1010127734622"
1010095627792,Manager Safety Data Analyst,BioNTech AG,Mainz,,,,,EUR,False,,,,,"https://www.glassdoor.de/job-listing/manager-safety-data-analyst-biontech-JV_IC2721764_KO0,27_KE28,36.htm?jl=1010095627792"
1010124149088,Consultant AI & Data Engineering (m/w/d),Deloitte Consulting GmbH,Frankfurt am Main,,,,,EUR,False,,,,,"https://www.glassdoor.de/job-listing/consultant-ai-data-engineering-mwd-deloitte-JV_IC2632180_KO0,34_KE35,43.htm?jl=1010124149088"
1010075574159,Databricks Masterclass - Dein Einstieg als Consultant AI & Data (m/w/d),Deloitte Consulting GmbH,Frankfurt am Main,,,,,EUR,False,,,,,"https://www.glassdoor.de/job-listing/databricks-masterclass-dein-einstieg-als-consultant-ai-data-mwd-deloitte-JV_IC2632180_KO0,63_KE64,72.htm?jl=1010075574159"
1010124777059,(Senior) Manager Artificial Intelligence (m/w/d),plenum AG,Frankfurt am Main,,,,,EUR,True,,,,,"https://www.glassdoor.de/job-listing/senior-manager-artificial-intelligence-mwd-plenum-JV_IC2632180_KO0,42_KE43,49.htm?jl=1010124777059"
1010000865904,Senior Consultant Gen AI / Generative KI (m/w/d),Deloitte Consulting GmbH,Frankfurt am Main,,,,,EUR,False,,,,,"https://www.glassdoor.de/job-listing/senior-consultant-gen-ai-generative-ki-mwd-deloitte-JV_IC2632180_KO0,42_KE43,51.htm?jl=1010000865904"
1010078510527,Lead Payment Behavioural Models Strategist - Group Strategic Analytics (f/m/x),Deutsche Bank,Frankfurt am Main,,,,,EUR,False,,,,,"https://www.glassdoor.de/job-listing/lead-payment-behavioural-models-strategist-group-strategic-analytics-fmx-deutsche-bank-JV_IC2632180_KO0,72_KE73,86.htm?jl=1010078510527"
1009111391636,Senior Engineer - Networking (m/f/d) München/Hamburg/RheinMainGebiet,NTT DATA,Bad Homburg vor der Höhe,,,,,EUR,False,,,,,"https://www.glassdoor.de/job-listing/senior-engineer-networking-mfd-münchen-hamburg-rheinmaingebiet-ntt-data-JV_IC4991304_KO0,62_KE63,71.htm?jl=1009111391636"
1009942820641,SWIFT Client Services Lead,Broadridge,Frankfurt am Main,,,,,EUR,False,,,,,"https://www.glassdoor.de/job-listing/swift-client-services-lead-broadridge-JV_IC2632180_KO0,26_KE27,37.htm?jl=1009942820641"
1009872619094,Manager Business Intelligence & AI (m/w/d),Deloitte Consulting GmbH,Frankfurt am Main,,,,,EUR,False,,,,,"https://www.glassdoor.de/job-listing/manager-business-intelligence-ai-mwd-deloitte-JV_IC2632180_KO0,36_KE37,45.htm?jl=1009872619094"
1010080394805,Cloud Security Engineer,Booz Allen,Wiesbaden,,,,,EUR,False,,,,,"https://www.glassdoor.de/job-listing/cloud-security-engineer-booz-allen-hamilton-JV_IC2554430_KO0,23_KE24,43.htm?jl=1010080394805"
1010000864031,Consultant AI & Data Analytics / Data Science (m/w/d),Deloitte GmbH,Frankfurt am Main,,,,,EUR,False,,,,,"https://www.glassdoor.de/job-listing/consultant-ai-data-analytics-data-science-mwd-deloitte-JV_IC2632180_KO0,45_KE46,54.htm?jl=1010000864031"
1010104395660,Data Landscape Management Lead (f/m/x) – Private Bank,Deutsche Bank,Frankfurt am Main,,,,,EUR,False,,,,,"https://www.glassdoor.de/job-listing/data-landscape-management-lead-fmx-private-bank-deutsche-bank-JV_IC2632180_KO0,47_KE48,61.htm?jl=1010104395660"
1009866850281,Senior Consultant Cloud Analytics & Data Science (m/w/d),Deloitte Consulting GmbH,Frankfurt am Main,,,,,EUR,False,,,,,"https://www.glassdoor.de/job-listing/senior-consultant-cloud-analytics-data-science-mwd-deloitte-JV_IC2632180_KO0,50_KE51,59.htm?jl=1009866850281"
1007188187931,"Senior Consultant - Cyber Security Technology, Transformation & Defense (w/m/d)",KPMG,Mainz,,,,,EUR,False,,,,,"https://www.glassdoor.de/job-listing/senior-consultant-cyber-security-technology-transformation-defense-wmd-kpmg-JV_IC2721764_KO0,70_KE71,75.htm?jl=1007188187931"
1010124810348,Projektmanager DX (m/w/d),RYZE Digital Holding GmbH,Mainz,,,,,EUR,False,,,,,"https://www.glassdoor.de/job-listing/projektmanager-dx-mwd-ryze-digital-JV_IC2721764_KO0,21_KE22,34.htm?jl=1010124810348"
1010124193049,"Software Engineer, Data Infrastructure & Acquisition - Frankfurt, Germany",Speechify,Frankfurt am Main,,,,,EUR,False,,,,,"https://www.glassdoor.de/job-listing/software-engineer-data-infrastructure-acquisition-frankfurt-germany-speechify-JV_IC2632180_KO0,67_KE68,77.htm?jl=1010124193049"
1010127662010,Global Client Training Consultant (m/f/d) - German Speaker,NielsenIQ,Frankfurt am Main,,,,,EUR,True,,,,,"https://www.glassdoor.de/job-listing/global-client-training-consultant-mfd-german-speaker-nielseniq-JV_IC2632180_KO0,52_KE53,62.htm?jl=1010127662010"
1009933317582,Senior Consultant AI & Data Architecture (m/w/d),Deloitte Consulting GmbH,Frankfurt am Main,,,,,EUR,False,,,,,"https://www.glassdoor.de/job-listing/senior-consultant-ai-data-architecture-mwd-deloitte-JV_IC2632180_KO0,42_KE43,51.htm?jl=1009933317582"
1009914553329,Manager AI & Data Analytics / Data Science (m/w/d),Deloitte GmbH,Frankfurt am Main,,,,,EUR,False,,,,,"https://www.glassdoor.de/job-listing/manager-ai-data-analytics-data-science-mwd-deloitte-JV_IC2632180_KO0,42_KE43,51.htm?jl=1009914553329"
1010000540045,SWIFT Client Services Lead (m/w/d),Broadridge,Frankfurt am Main,,,,,EUR,False,,,,,"https://www.glassdoor.de/job-listing/swift-client-services-lead-mwd-broadridge-JV_IC2632180_KO0,30_KE31,41.htm?jl=1010000540045"
1010000866734,Manager AI & Data Engineering (m/w/d),Deloitte Consulting GmbH,Frankfurt am Main,,,,,EUR,False,,,,,"https://www.glassdoor.de/job-listing/manager-ai-data-engineering-mwd-deloitte-JV_IC2632180_KO0,31_KE32,40.htm?jl=1010000866734"
1009752290429,(Senior) Developer - Fokus Tax Technology (m/w/d),RSM Ebner Stolz Wirtschaftsprüfer Steuerberater Rechtsanwälte Partnerschaft mbB,Frankfurt am Main,,,,,EUR,False,,,,,"https://www.glassdoor.de/job-listing/senior-developer-fokus-tax-technology-mwd-rsm-ebner-stolz-JV_IC2632180_KO0,41_KE42,57.htm?jl=1009752290429"
1010121495655,"Tech Lead, Android Core Product - Frankfurt, Germany",Speechify,Frankfurt am Main,,,,,EUR,False,,,,,"https://www.glassdoor.de/job-listing/tech-lead-android-core-product-frankfurt-germany-speechify-JV_IC2632180_KO0,48_KE49,58.htm?jl=1010121495655"
1009962649870,Manager Data Architecture & Analytics (m/w/d),Deloitte Consulting GmbH,Frankfurt am Main,,,,,EUR,False,,,,,"https://www.glassdoor.de/job-listing/manager-data-architecture-analytics-mwd-deloitte-JV_IC2632180_KO0,39_KE40,48.htm?jl=1009962649870"
1009954997184,"Product Excellence, AI Architect",ServiceNow,Frankfurt am Main,,,,,EUR,True,,,,,"https://www.glassdoor.de/job-listing/product-excellence-ai-architect-servicenow-JV_IC2632180_KO0,31_KE32,42.htm?jl=1009954997184"
1009985212466,Werkstudent Data Governance (m/w/d),Deloitte Consulting GmbH,Frankfurt am Main,,,,,EUR,False,,,,,"https://www.glassdoor.de/job-listing/werkstudent-data-governance-mwd-deloitte-JV_IC2632180_KO0,31_KE32,40.htm?jl=1009985212466"
1010125466097,Bid Management Analyst (all genders),Accenture,Kronberg im Taunus,,,,,EUR,False,,,,,"https://www.glassdoor.de/job-listing/bid-management-analyst-all-genders-accenture-JV_IC4990830_KO0,34_KE35,44.htm?jl=1010125466097"
1009970760867,(Senior) Manager - AI Security (w/m/d),KPMG,Frankfurt am Main,,,,,EUR,False,,,,,"https://www.glassdoor.de/job-listing/senior-manager-ai-security-wmd-kpmg-JV_IC2632180_KO0,30_KE31,35.htm?jl=1009970760867"
1010054153824,System Engineer,Serco,Frankfurt am Main,,,,,EUR,True,,,,,"https://www.glassdoor.de/job-listing/system-engineer-serco-group-JV_IC2632180_KO0,15_KE16,27.htm?jl=1010054153824"
1010000866847,Senior Consultant AI & Data Engineering (m/w/d),Deloitte Consulting GmbH,Frankfurt am Main,,,,,EUR,False,,,,,"https://www.glassdoor.de/job-listing/senior-consultant-ai-data-engineering-mwd-deloitte-JV_IC2632180_KO0,41_KE42,50.htm?jl=1010000866847"
1010000865898,Manager Data Management Strategy (m/w/d),Deloitte Consulting GmbH,Frankfurt am Main,,,,,EUR,False,,,,,"https://www.glassdoor.de/job-listing/manager-data-management-strategy-mwd-deloitte-JV_IC2632180_KO0,36_KE37,45.htm?jl=1010000865898"
1010111911893,Working Student (m/f/x) - Application Functions,Magna International,Sailauf,,,,,EUR,True,,,,,"https://www.glassdoor.de/job-listing/working-student-mfx-application-functions-magna-international-JV_IC2686462_KO0,41_KE42,61.htm?jl=1010111911893"
1010000863396,Senior Consultant Cloud Data Engineering / Databricks (m/w/d),Deloitte Consulting GmbH,Frankfurt am Main,,,,,EUR,False,,,,,"https://www.glassdoor.de/job-listing/senior-consultant-cloud-data-engineering-databricks-mwd-deloitte-JV_IC2632180_KO0,55_KE56,64.htm?jl=1010000863396"
1010122429476,R&D Technician (m/w/d),Irca Group,Hochheim,,,,,EUR,True,,,,,"https://www.glassdoor.de/job-listing/rd-technician-mwd-irca-JV_IC2636826_KO0,17_KE18,22.htm?jl=1010122429476"
1010117244715,Senior Application Security Engineer (d/f/m),vivenu GmbH,Frankfurt am Main,,,,,EUR,True,,,,,"https://www.glassdoor.de/job-listing/senior-application-security-engineer-dfm-vivenu-JV_IC2632180_KO0,40_KE41,47.htm?jl=1010117244715"
1009975313020,Senior Consultant Cloud Data Engineering / Azure / GCP (m/w/d),Deloitte Consulting GmbH,Frankfurt am Main,,,,,EUR,False,,,,,"https://www.glassdoor.de/job-listing/senior-consultant-cloud-data-engineering-azure-gcp-mwd-deloitte-JV_IC2632180_KO0,54_KE55,63.htm?jl=1009975313020"
1010000865686,(Senior) Manager SAP Master Data (m/w/d),Deloitte Consulting GmbH,Frankfurt am Main,,,,,EUR,False,,,,,"https://www.glassdoor.de/job-listing/senior-manager-sap-master-data-mwd-deloitte-JV_IC2632180_KO0,34_KE35,43.htm?jl=1010000865686"
1010000866251,Consultant IT-Assurance / Financial Services (m/w/d),Deloitte GmbH,Frankfurt am Main,,,,,EUR,False,,,,,"https://www.glassdoor.de/job-listing/consultant-it-assurance-financial-services-mwd-deloitte-JV_IC2632180_KO0,46_KE47,55.htm?jl=1010000866251"
1010000864566,Senior Consultant IT Audit & IT Assurance (m/w/d),Deloitte GmbH,Frankfurt am Main,,,,,EUR,False,,,,,"https://www.glassdoor.de/job-listing/senior-consultant-it-audit-it-assurance-mwd-deloitte-JV_IC2632180_KO0,43_KE44,52.htm?jl=1010000864566"
1010000865616,Senior Consultant / Manager - SAP Supply Chain and Finance Data Management (m/w/d),Deloitte Consulting GmbH,Frankfurt am Main,,,,,EUR,False,,,,,"https://www.glassdoor.de/job-listing/senior-consultant-manager-sap-supply-chain-and-finance-data-management-mwd-deloitte-JV_IC2632180_KO0,74_KE75,83.htm?jl=1010000865616"
1010000865594,Consultant SAP Master Data Management (m/w/d),Deloitte Consulting GmbH,Frankfurt am Main,,,,,EUR,False,,,,,"https://www.glassdoor.de/job-listing/consultant-sap-master-data-management-mwd-deloitte-JV_IC2632180_KO0,41_KE42,50.htm?jl=1010000865594"
1010000866239,Senior Consultant IT-Assurance / Financial Services (m/w/d),Deloitte GmbH,Frankfurt am Main,,,,,EUR,False,,,,,"https://www.glassdoor.de/job-listing/senior-consultant-it-assurance-financial-services-mwd-deloitte-JV_IC2632180_KO0,53_KE54,62.htm?jl=1010000866239"
1010000865590,Senior Consultant SAP Master Data Management (m/w/d),Deloitte Consulting GmbH,Frankfurt am Main,,,,,EUR,False,,,,,"https://www.glassdoor.de/job-listing/senior-consultant-sap-master-data-management-mwd-deloitte-JV_IC2632180_KO0,48_KE49,57.htm?jl=1010000865590"
1010123378794,Copywriter - AI Trainer,DataAnnotation,Frankfurt am Main,,,,,EUR,False,,,,,"https://www.glassdoor.de/job-listing/copywriter-ai-trainer-dataannotation-JV_IC2632180_KO0,21_KE22,36.htm?jl=1010123378794"
1010123367869,Bilingual Content Writer (English/German) - AI Trainer,DataAnnotation,Eschborn,,,,,EUR,False,,,,,"https://www.glassdoor.de/job-listing/bilingual-content-writer-english-german-ai-trainer-dataannotation-JV_IC2632171_KO0,50_KE51,65.htm?jl=1010123367869"
1010123373395,Bilingual Tutor (English/German) - AI Trainer,DataAnnotation,,,,,,,False,,,,,"https://www.glassdoor.de/job-listing/bilingual-tutor-english-german-ai-trainer-dataannotation-JV_KO0,41_KE42,56.htm?jl=1010123373395"
1010123385655,English Teacher - AI Trainer,DataAnnotation,Eschborn,,,,,EUR,False,,,,,"https://www.glassdoor.de/job-listing/english-teacher-ai-trainer-dataannotation-JV_IC2632171_KO0,26_KE27,41.htm?jl=1010123385655"
1010123389890,English to German Translator - AI Trainer,DataAnnotation,Eschborn,,,,,EUR,False,,,,,"https://www.glassdoor.de/job-listing/english-to-german-translator-ai-trainer-dataannotation-JV_IC2632171_KO0,39_KE40,54.htm?jl=1010123389890"
1010123395665,Interpreter (English/German) - AI Trainer,DataAnnotation,Eschborn,,,,,EUR,False,,,,,"https://www.glassdoor.de/job-listing/interpreter-english-german-ai-trainer-dataannotation-JV_IC2632171_KO0,37_KE38,52.htm?jl=1010123395665"
1010123388804,English to German Translator - AI Trainer,DataAnnotation,Offenbach am Main,,,,,EUR,False,,,,,"https://www.glassdoor.de/job-listing/english-to-german-translator-ai-trainer-dataannotation-JV_IC4991724_KO0,39_KE40,54.htm?jl=1010123388804"
1010123366137,Bilingual Content Writer (English/German) - AI Trainer,DataAnnotation,Offenbach am Main,,,,,EUR,False,,,,,"https://www.glassdoor.de/job-listing/bilingual-content-writer-english-german-ai-trainer-dataannotation-JV_IC4991724_KO0,50_KE51,65.htm?jl=1010123366137"
1010123394544,Interpreter (English/German) - AI Trainer,DataAnnotation,Frankfurt am Main,,,,,EUR,False,,,,,"https://www.glassdoor.de/job-listing/interpreter-english-german-ai-trainer-dataannotation-JV_IC2632180_KO0,37_KE38,52.htm?jl=1010123394544"
1010123850074,Full Stack Developer - AI Trainer,DataAnnotation,Frankfurt am Main,,,,,EUR,True,,,,,"https://www.glassdoor.de/job-listing/full-stack-developer-ai-trainer-dataannotation-JV_IC2632180_KO0,31_KE32,46.htm?jl=1010123850074"
1009546256018,Bilingual Tutor- AI Trainer,DataAnnotation,Mainz,,,,,EUR,False,,,,,"https://www.glassdoor.de/job-listing/bilingual-tutor-ai-trainer-dataannotation-JV_IC2721764_KO0,26_KE27,41.htm?jl=1009546256018"
1010128416476,Senior Software Developer - AI Trainer,DataAnnotation,Frankfurt am Main,,,,,EUR,True,,,,,"https://www.glassdoor.de/job-listing/senior-software-developer-ai-trainer-dataannotation-JV_IC2632180_KO0,36_KE37,51.htm?jl=1010128416476"
1010128416509,Senior Software Engineer - AI Trainer,DataAnnotation,Frankfurt am Main,,,,,EUR,True,,,,,"https://www.glassdoor.de/job-listing/senior-software-engineer-ai-trainer-dataannotation-JV_IC2632180_KO0,35_KE36,50.htm?jl=1010128416509"
1010052759522,Mechatroniker Kältetechnik (mwd) Kälteanlagenbauer,NTT Ltd,Frankfurt am Main,,,,,EUR,False,,,,,"https://www.glassdoor.de/job-listing/mechatroniker-kältetechnik-mwd-kälteanlagenbauer-ntt-data-JV_IC2632180_KO0,48_KE49,57.htm?jl=1010052759522"
1010029718563,Team Lead Mobile Apps (all genders),EXXETA,Frankfurt am Main,,,,,EUR,False,,,,,"https://www.glassdoor.de/job-listing/team-lead-mobile-apps-all-genders-exxeta-JV_IC2632180_KO0,33_KE34,40.htm?jl=1010029718563"
1010071937330,AI Architect (all genders) - BCG Platinion,Boston Consulting Group,Frankfurt am Main,,,,,EUR,False,,,,,"https://www.glassdoor.de/job-listing/ai-architect-all-genders-bcg-platinion-boston-consulting-group-JV_IC2632180_KO0,38_KE39,62.htm?jl=1010071937330"
1009388760456,IT Architect (all genders) - BCG Platinion,Boston Consulting Group,Frankfurt am Main,,,,,EUR,False,,,,,"https://www.glassdoor.de/job-listing/it-architect-all-genders-bcg-platinion-boston-consulting-group-JV_IC2632180_KO0,38_KE39,62.htm?jl=1009388760456"
1010063699654,Data Center Operations Technician (m/w/d) - Mechanical,NTT Ltd,Frankfurt am Main,,,,,EUR,False,,,,,"https://www.glassdoor.de/job-listing/data-center-operations-technician-mwd-mechanical-ntt-data-JV_IC2632180_KO0,48_KE49,57.htm?jl=1010063699654"
1010110294968,Teamleitung (m/w/d) Produktmanagement Chatbot C24 Bank,C24 Bank GmbH,Frankfurt am Main,,,,,EUR,False,,,,,"https://www.glassdoor.de/job-listing/teamleitung-mwd-produktmanagement-chatbot-c24-bank-c24-bank-JV_IC2632180_KO0,50_KE51,59.htm?jl=1010110294968"
1010029718545,Business Analyst Financial Services (all genders),EXXETA,Frankfurt am Main,,,,,EUR,False,,,,,"https://www.glassdoor.de/job-listing/business-analyst-financial-services-all-genders-exxeta-JV_IC2632180_KO0,47_KE48,54.htm?jl=1010029718545"
1010063699808,Maintenance Coordinator (m/f/d),NTT Ltd,Frankfurt am Main,,,,,EUR,False,,,,,"https://www.glassdoor.de/job-listing/maintenance-coordinator-mfd-ntt-data-JV_IC2632180_KO0,27_KE28,36.htm?jl=1010063699808"
1010123373607,Bilingual Tutor (English/German) - AI Trainer,DataAnnotation,,,,,,EUR,False,,,,,"https://www.glassdoor.de/job-listing/bilingual-tutor-english-german-ai-trainer-dataannotation-JV_IC4991724_KO0,41_KE42,56.htm?jl=1010123373607"
1010123379462,Copywriter - AI Trainer,DataAnnotation,,,,,,EUR,False,,,,,"https://www.glassdoor.de/job-listing/copywriter-ai-trainer-dataannotation-JV_IC4991724_KO0,21_KE22,36.htm?jl=1010123379462"
1010123364526,Bilingual Content Writer (English/German) - AI Trainer,DataAnnotation,Frankfurt am Main,,,,,EUR,False,,,,,"https://www.glassdoor.de/job-listing/bilingual-content-writer-english-german-ai-trainer-dataannotation-JV_IC2632180_KO0,50_KE51,65.htm?jl=1010123364526"
1010123394880,Interpreter (English/German) - AI Trainer,DataAnnotation,,,,,,EUR,False,,,,,"https://www.glassdoor.de/job-listing/interpreter-english-german-ai-trainer-dataannotation-JV_IC4991724_KO0,37_KE38,52.htm?jl=1010123394880"
1010007475224,Client Success Manager (m/f/d),NTT Ltd,Frankfurt am Main,,,,,EUR,False,,,,,"https://www.glassdoor.de/job-listing/client-success-manager-mfd-ntt-data-JV_IC2632180_KO0,26_KE27,35.htm?jl=1010007475224"
1010094152793,Senior Clinical Data Manager (m/w/d),HOX Life Science GmbH,Frankfurt am Main,,,,,EUR,False,,,,,"https://www.glassdoor.de/job-listing/senior-clinical-data-manager-mwd-hox-life-science-JV_IC2632180_KO0,32_KE33,49.htm?jl=1010094152793"
1010057630676,Apprentice Electrical (4894),NTT Ltd,Frankfurt am Main,,,,,EUR,False,,,,,"https://www.glassdoor.de/job-listing/apprentice-electrical-4894-ntt-data-JV_IC2632180_KO0,26_KE27,35.htm?jl=1010057630676"
1010117179204,Lead AI CoE & Delivery (m/w/d),KION Information Management Services GmbH,Frankfurt am Main,,,,,EUR,False,,,,,"https://www.glassdoor.de/job-listing/lead-ai-coe-delivery-mwd-kion-group-JV_IC2632180_KO0,24_KE25,35.htm?jl=1010117179204"
1009952029537,"Forward Deployed AI Scientist, Germany - BCG X",Boston Consulting Group,Frankfurt am Main,,,,,EUR,False,,,,,"https://www.glassdoor.de/job-listing/forward-deployed-ai-scientist-germany-bcg-x-boston-consulting-group-JV_IC2632180_KO0,43_KE44,67.htm?jl=1009952029537"
1010119573728,Consultant SAP BTP & Agentic AI (all genders) – BCG Platinion,Boston Consulting Group,Frankfurt am Main,,,,,EUR,False,,,,,"https://www.glassdoor.de/job-listing/consultant-sap-btp-agentic-ai-all-genders-bcg-platinion-boston-consulting-group-JV_IC2632180_KO0,55_KE56,79.htm?jl=1010119573728"
1009976944355,Energy Specialist - Metering (mfd),NTT Ltd,Frankfurt am Main,,,,,EUR,False,,,,,"https://www.glassdoor.de/job-listing/energy-specialist-metering-mfd-ntt-data-JV_IC2632180_KO0,30_KE31,39.htm?jl=1009976944355"
1010103006630,"Project Manager, In-Life Execution (m/f/d)",NTT Ltd,Frankfurt am Main,,,,,EUR,False,,,,,"https://www.glassdoor.de/job-listing/project-manager-in-life-execution-mfd-ntt-data-JV_IC2632180_KO0,37_KE38,46.htm?jl=1010103006630"
1010105856642,Konzerndatenschutzbeauftragte*r (w/m/d),KION GROUP AG,Frankfurt am Main,,,,,EUR,False,,,,,"https://www.glassdoor.de/job-listing/konzerndatenschutzbeauftragte-rwmd-kion-group-JV_IC2632180_KO0,34_KE35,45.htm?jl=1010105856642"
1009952029523,"Visiting Forward Deployed AI Engineer, Internship, Germany - BCG X",Boston Consulting Group,Frankfurt am Main,,,,,EUR,False,,,,,"https://www.glassdoor.de/job-listing/visiting-forward-deployed-ai-engineer-internship-germany-bcg-x-boston-consulting-group-JV_IC2632180_KO0,62_KE63,86.htm?jl=1009952029523"
1010125156261,1922-Senior Construction Project Manager,NTT Ltd,Frankfurt am Main,,,,,EUR,False,,,,,"https://www.glassdoor.de/job-listing/1922-senior-construction-project-manager-ntt-data-JV_IC2632180_KO0,40_KE41,49.htm?jl=1010125156261"
1009952029522,"Visiting Forward Deployed AI Scientist, Internship, Germany - BCG X",Boston Consulting Group,Frankfurt am Main,,,,,EUR,False,,,,,"https://www.glassdoor.de/job-listing/visiting-forward-deployed-ai-scientist-internship-germany-bcg-x-boston-consulting-group-JV_IC2632180_KO0,63_KE64,87.htm?jl=1009952029522"
1010119573708,Senior Consultant SAP BTP & Agentic AI (all genders) - BCG Platinion,Boston Consulting Group,Frankfurt am Main,,,,,EUR,False,,,,,"https://www.glassdoor.de/job-listing/senior-consultant-sap-btp-agentic-ai-all-genders-bcg-platinion-boston-consulting-group-JV_IC2632180_KO0,62_KE63,86.htm?jl=1010119573708"
1009388760328,Consultant IT Architecture (all genders) - BCG Platinion,Boston Consulting Group,Frankfurt am Main,,,,,EUR,False,,,,,"https://www.glassdoor.de/job-listing/consultant-it-architecture-all-genders-bcg-platinion-boston-consulting-group-JV_IC2632180_KO0,52_KE53,76.htm?jl=1009388760328"
1010069172364,Berater (m/w/d) für IT- und Dokumentenmanagementsysteme,Wolters Kluwer Tax & Accounting Deutschland GmbH,Mainz,,,,,EUR,False,,,,,"https://www.glassdoor.de/job-listing/berater-mwd-für-it-und-dokumentenmanagementsysteme-wolters-kluwer-JV_IC2721764_KO0,50_KE51,65.htm?jl=1010069172364"
1010124207741,Mechanical Engineer,NTT Ltd,Frankfurt am Main,,,,,EUR,False,,,,,"https://www.glassdoor.de/job-listing/mechanical-engineer-ntt-data-JV_IC2632180_KO0,19_KE20,28.htm?jl=1010124207741"
1009976944364,Elektriker (mwd) Techniker,NTT Ltd,Frankfurt am Main,,,,,EUR,False,,,,,"https://www.glassdoor.de/job-listing/elektriker-mwd-techniker-ntt-data-JV_IC2632180_KO0,24_KE25,33.htm?jl=1009976944364"
1009952029521,"Forward Deployed AI Engineer, Germany - BCG X",Boston Consulting Group,Frankfurt am Main,,,,,EUR,False,,,,,"https://www.glassdoor.de/job-listing/forward-deployed-ai-engineer-germany-bcg-x-boston-consulting-group-JV_IC2632180_KO0,42_KE43,66.htm?jl=1009952029521"
1010052759492,Elektriker (mwd) Techniker,NTT Ltd,Frankfurt am Main,,,,,EUR,False,,,,,"https://www.glassdoor.de/job-listing/elektriker-mwd-techniker-ntt-data-JV_IC2632180_KO0,24_KE25,33.htm?jl=1010052759492"
1010119573738,"Senior Manager - BCG Vantage, Risk & Compliance - Credit Risk",Boston Consulting Group,Frankfurt am Main,,,,,EUR,False,,,,,"https://www.glassdoor.de/job-listing/senior-manager-bcg-vantage-risk-compliance-credit-risk-boston-consulting-group-JV_IC2632180_KO0,54_KE55,78.htm?jl=1010119573738"
1010128416424,Backend Developer - AI Trainer,DataAnnotation,Frankfurt am Main,,,,,EUR,True,,,,,"https://www.glassdoor.de/job-listing/backend-developer-ai-trainer-dataannotation-JV_IC2632180_KO0,28_KE29,43.htm?jl=1010128416424"
1010123380717,Copywriter - AI Trainer,DataAnnotation,Eschborn,,,,,EUR,False,,,,,"https://www.glassdoor.de/job-listing/copywriter-ai-trainer-dataannotation-JV_IC2632171_KO0,21_KE22,36.htm?jl=1010123380717"
1010123388589,English to German Translator - AI Trainer,DataAnnotation,Frankfurt am Main,,,,,EUR,False,,,,,"https://www.glassdoor.de/job-listing/english-to-german-translator-ai-trainer-dataannotation-JV_IC2632180_KO0,39_KE40,54.htm?jl=1010123388589"
1010123384832,English Teacher - AI Trainer,DataAnnotation,Offenbach am Main,,,,,EUR,False,,,,,"https://www.glassdoor.de/job-listing/english-teacher-ai-trainer-dataannotation-JV_IC4991724_KO0,26_KE27,41.htm?jl=1010123384832"
1010051842675,Solution Engineer (m/f/d),NTT Ltd,Frankfurt am Main,,,,,EUR,False,,,,,"https://www.glassdoor.de/job-listing/solution-engineer-mfd-ntt-data-JV_IC2632180_KO0,21_KE22,30.htm?jl=1010051842675"
1010072262985,SAMSUNG - AI Integration Specialist for CMI (m/w/d),matchING Engineering GmbH,Frankfurt am Main,,,,,EUR,False,,,,,"https://www.glassdoor.de/job-listing/samsung-ai-integration-specialist-for-cmi-mwd-matching-engineering-gmbh-JV_IC2632180_KO0,45_KE46,71.htm?jl=1010072262985"
1010063957700,Product Owner Financial Services (all genders),EXXETA,Frankfurt am Main,,,,,EUR,False,,,,,"https://www.glassdoor.de/job-listing/product-owner-financial-services-all-genders-exxeta-JV_IC2632180_KO0,44_KE45,51.htm?jl=1010063957700"
1010113954870,Senior Softwareentwickler (m/w/d),INFOMOTION GmbH,Frankfurt am Main,,,,,EUR,False,,,,,"https://www.glassdoor.de/job-listing/senior-softwareentwickler-mwd-infomotion-JV_IC2632180_KO0,29_KE30,40.htm?jl=1010113954870"
1010092556026,Duales Studium (m/w/d),A.I. Fitness GmbH,Hainburg,,,,,EUR,True,,,,,"https://www.glassdoor.de/job-listing/duales-studium-mwd-ai-management-JV_IC4990702_KO0,18_KE19,32.htm?jl=1010092556026"
1010079165161,Construction Environmental Health & Safety Specialist,NTT Ltd,Frankfurt am Main,,,,,EUR,False,,,,,"https://www.glassdoor.de/job-listing/construction-environmental-health-safety-specialist-ntt-data-JV_IC2632180_KO0,51_KE52,60.htm?jl=1010079165161"
1010128416469,DevOps Engineer - AI Trainer,DataAnnotation,Frankfurt am Main,,,,,EUR,True,,,,,"https://www.glassdoor.de/job-listing/devops-engineer-ai-trainer-dataannotation-JV_IC2632180_KO0,26_KE27,41.htm?jl=1010128416469"
1010123850124,Full Stack Developer - AI Trainer,DataAnnotation,Frankfurt am Main,,,,,EUR,True,,,,,"https://www.glassdoor.de/job-listing/full-stack-developer-ai-trainer-dataannotation-JV_IC2632180_KO0,31_KE32,46.htm?jl=1010123850124"
1010098989769,(Senior) AI Enablement Manager (m/w/d),IU Internationale Hochschule,Frankfurt am Main,,,,,EUR,False,,,,,"https://www.glassdoor.de/job-listing/senior-ai-enablement-manager-mwd-iu-internationale-hochschule-JV_IC2632180_KO0,32_KE33,61.htm?jl=1010098989769"
1010109266101,Principal Engineer System Compute (f/m/div),Infineon Technologies AG,Langen (Hessen),,,,,EUR,False,,,,,"https://www.glassdoor.de/job-listing/principal-engineer-system-compute-fm-div-infineon-technologies-JV_IC4991587_KO0,40_KE41,62.htm?jl=1010109266101"
1010088271593,Head of Marketing (m/w/d),VP Verbund Pflegehilfe GmbH,Mainz,,,,,EUR,True,,,,,"https://www.glassdoor.de/job-listing/head-of-marketing-mwd-vp-verbund-pflegehilfe-gmbh-JV_IC2721764_KO0,21_KE22,49.htm?jl=1010088271593"
1010128416507,Backend Software Engineer - AI Trainer,DataAnnotation,Frankfurt am Main,,,,,EUR,True,,,,,"https://www.glassdoor.de/job-listing/backend-software-engineer-ai-trainer-dataannotation-JV_IC2632180_KO0,36_KE37,51.htm?jl=1010128416507"
1010119573736,IT Associate - Focus AI (all genders) - BCG Platinion,Boston Consulting Group,Frankfurt am Main,,,,,EUR,False,,,,,"https://www.glassdoor.de/job-listing/it-associate-focus-ai-all-genders-bcg-platinion-boston-consulting-group-JV_IC2632180_KO0,47_KE48,71.htm?jl=1010119573736"
1010068637987,Duales Studium (m/w/d),A.I. Fitness GmbH,Wiesbaden,,,,,EUR,True,,,,,"https://www.glassdoor.de/job-listing/duales-studium-mwd-ai-management-JV_IC2554430_KO0,18_KE19,32.htm?jl=1010068637987"
1010114561104,Senior Softwareentwickler (m/w/d) Payroll Software mit KI-Fokus,Wolters Kluwer Tax & Accounting Deutschland GmbH,Mainz,,,,,EUR,False,,,,,"https://www.glassdoor.de/job-listing/senior-softwareentwickler-mwd-payroll-software-mit-ki-fokus-wolters-kluwer-JV_IC2721764_KO0,59_KE60,74.htm?jl=1010114561104"
1010118471928,Sales Operations & Strategy Manager (m/w/d),IU Internationale Hochschule,Frankfurt am Main,,,,,EUR,False,,,,,"https://www.glassdoor.de/job-listing/sales-operations-strategy-manager-mwd-iu-internationale-hochschule-JV_IC2632180_KO0,37_KE38,66.htm?jl=1010118471928"
1010127710799,CRM Manager (m/w/d),Amor GmbH,Hanau,,,,,EUR,False,,,,,"https://www.glassdoor.de/job-listing/crm-manager-mwd-amor-gmbh-JV_IC2632425_KO0,15_KE16,25.htm?jl=1010127710799"
1010123384205,English Teacher - AI Trainer,DataAnnotation,Frankfurt am Main,,,,,EUR,False,,,,,"https://www.glassdoor.de/job-listing/english-teacher-ai-trainer-dataannotation-JV_IC2632180_KO0,26_KE27,41.htm?jl=1010123384205"
1010056264041,Auszubildender Elektroniker für Betriebstechnik (m/w/d),NTT Ltd,Frankfurt am Main,,,,,EUR,False,,,,,"https://www.glassdoor.de/job-listing/auszubildender-elektroniker-für-betriebstechnik-mwd-ntt-data-JV_IC2632180_KO0,51_KE52,60.htm?jl=1010056264041"
1010072938796,Duales Studium (m/w/d),A.I. Fitness GmbH,Obertshausen,,,,,EUR,True,,,,,"https://www.glassdoor.de/job-listing/duales-studium-mwd-ai-management-JV_IC2632428_KO0,18_KE19,32.htm?jl=1010072938796"
1010077377711,DevOps Engineer (m/w/d) - 100% Remote,Academic Work,Frankfurt am Main,,,,,EUR,False,,,,,"https://www.glassdoor.de/job-listing/devops-engineer-mwd-100-remote-academic-work-JV_IC2632180_KO0,30_KE31,44.htm?jl=1010077377711"
1010127712381,Vertriebsleiter (m/w/d) – Innovative Lösungen / Robotik im Sicherheitsdienst,CIBORIUS Security & Service Solutions Frankfurt am Main GmbH,Frankfurt am Main,,,,,EUR,True,,,,,"https://www.glassdoor.de/job-listing/vertriebsleiter-mwd-innovative-lösungen-robotik-im-sicherheitsdienst-ciborius-gruppe-JV_IC2632180_KO0,68_KE69,84.htm?jl=1010127712381"
1010107896741,Anlagenmechaniker SHK / Heizungsbauer (m/w/d) – Wärmepumpen - Großraum Frankfurt am Main / Rhein-Main,Octopus Energy Group,Deutschland,,,,,EUR,True,,,,,"https://www.glassdoor.de/job-listing/anlagenmechaniker-shk-heizungsbauer-mwd-wärmepumpen-großraum-frankfurt-am-main-rhein-main-octopus-energy-JV_KO0,89_KE90,104.htm?jl=1010107896741"
1010121024910,Praktikum - Embedded Control und Sensing System Application Engineering (w/m/div),Infineon Technologies AG,Langen (Hessen),,,,,EUR,False,,,,,"https://www.glassdoor.de/job-listing/praktikum-embedded-control-und-sensing-system-application-engineering-wm-div-infineon-technologies-JV_IC4991587_KO0,76_KE77,98.htm?jl=1010121024910"
1009922931223,Ausbildung Sport- und Fitnesskaufmann (m/w/d),A.I. Fitness GmbH,Langen (Hessen),,,,,EUR,True,,,,,"https://www.glassdoor.de/job-listing/ausbildung-sport-und-fitnesskaufmann-mwd-ai-management-JV_IC4991587_KO0,40_KE41,54.htm?jl=1009922931223"
1010115961858,Student/in im Bereich Digitale Transformation (m/w/d),Projekta Grundinvest GmbH,Dieburg,,,,,EUR,True,,,,,"https://www.glassdoor.de/job-listing/student-in-im-bereich-digitale-transformation-mwd-projekta-grundinvest-gmbh-JV_IC2557274_KO0,49_KE50,75.htm?jl=1010115961858"
1010046097869,Senior Employer Relations Manager (m/w/d) Teilzeit (20h/Woche),IU Internationale Hochschule,Mainz,,,,,EUR,False,,,,,"https://www.glassdoor.de/job-listing/senior-employer-relations-manager-mwd-teilzeit-20h-woche-iu-internationale-hochschule-JV_IC2721764_KO0,56_KE57,85.htm?jl=1010046097869"
1010115814529,Duales Studium (m/w/d),A.I. Fitness GmbH,Hanau,,,,,EUR,True,,,,,"https://www.glassdoor.de/job-listing/duales-studium-mwd-ai-management-JV_IC2632425_KO0,18_KE19,32.htm?jl=1010115814529"
1010114561105,Spezialist Payroll & Lohn‑ und Gehaltsabrechnung (m/w/d) – HR Software,Wolters Kluwer Tax & Accounting Deutschland GmbH,Mainz,,,,,EUR,False,,,,,"https://www.glassdoor.de/job-listing/spezialist-payroll-lohn-und-gehaltsabrechnung-mwd-hr-software-wolters-kluwer-JV_IC2721764_KO0,61_KE62,76.htm?jl=1010114561105"
1010122493494,Service Manager AMS (m/w/d) SAP CX /CRM,Sybit GmbH,Offenbach am Main,,,,,EUR,False,,,,,"https://www.glassdoor.de/job-listing/service-manager-ams-mwd-sap-cx-crm-sybit-JV_IC4991724_KO0,34_KE35,40.htm?jl=1010122493494"
1010107896744,Anlagenmechaniker SHK / Heizungsbauer (m/w/d) – Wärmepumpen - Großraum Frankfurt am Main / Rhein-Main,Octopus Energy Group,Frankfurt am Main,,,,,EUR,True,,,,,"https://www.glassdoor.de/job-listing/anlagenmechaniker-shk-heizungsbauer-mwd-wärmepumpen-großraum-frankfurt-am-main-rhein-main-octopus-energy-JV_IC2632180_KO0,89_KE90,104.htm?jl=1010107896744"
1010124876820,Promotion (m/w/d),Stellar Global,Frankfurt am Main,,,,,EUR,True,,,,,"https://www.glassdoor.de/job-listing/promotion-mwd-mascot-international-as-JV_IC2632180_KO0,13_KE14,37.htm?jl=1010124876820"
1009922931222,Duales Studium (m/w/d),A.I. Fitness GmbH,Langen (Hessen),,,,,EUR,True,,,,,"https://www.glassdoor.de/job-listing/duales-studium-mwd-ai-management-JV_IC4991587_KO0,18_KE19,32.htm?jl=1009922931222"
1010121770103,Duales Studium (m/w/d),A.I. Fitness GmbH,Hanau,,,,,EUR,False,,,,,"https://www.glassdoor.de/job-listing/duales-studium-mwd-ai-management-JV_IC2632425_KO0,18_KE19,32.htm?jl=1010121770103"
1010046097877,Senior Employer Relations Manager (m/w/d) Teilzeit (20h/Woche),IU Internationale Hochschule,Frankfurt am Main,,,,,EUR,False,,,,,"https://www.glassdoor.de/job-listing/senior-employer-relations-manager-mwd-teilzeit-20h-woche-iu-internationale-hochschule-JV_IC2632180_KO0,56_KE57,85.htm?jl=1010046097877"
1010121770110,Filialleiter (m/w/d),A.I. Fitness GmbH,Weinheim,,,,,EUR,False,,,,,"https://www.glassdoor.de/job-listing/filialleiter-mwd-ai-management-JV_IC2754638_KO0,16_KE17,30.htm?jl=1010121770110"
1010085205033,Praktikum oder Abschlussarbeit im Bereich Artificial Intelligence (WS26/27),Trumpf,Schramberg,,,,,EUR,False,,,,,"https://www.glassdoor.de/job-listing/praktikum-oder-abschlussarbeit-im-bereich-artificial-intelligence-ws26-27-trumpf-JV_IC2506324_KO0,73_KE74,80.htm?jl=1010085205033"
1010121123368,Lead Cloud Platform Engineer (m/f/d),Jedox GmbH,Freiburg,,,,,EUR,False,,,,,"https://www.glassdoor.de/job-listing/lead-cloud-platform-engineer-mfd-jedox-JV_IC2566280_KO0,32_KE33,38.htm?jl=1010121123368"
1010077155990,Lead Cloud Platform Engineer (m/f/d),Jedox,Freiburg,,,,,EUR,True,,,,,"https://www.glassdoor.de/job-listing/lead-cloud-platform-engineer-mfd-jedox-JV_IC2566280_KO0,32_KE33,38.htm?jl=1010077155990"
1009916972088,Kaufmännisches Schülerpraktikum (w/m/d),Trumpf,Schramberg,,,,,EUR,False,,,,,"https://www.glassdoor.de/job-listing/kaufmännisches-schülerpraktikum-wmd-trumpf-JV_IC2506324_KO0,35_KE36,42.htm?jl=1009916972088"
1010110875225,Senior Product Manager (m/f/d),happyhotel,Offenburg,,,,,EUR,True,,,,,"https://www.glassdoor.de/job-listing/senior-product-manager-mfd-happyhotel-JV_IC2687688_KO0,26_KE27,37.htm?jl=1010110875225"
1010111949677,Junior Technical Consultant (m/w/d) I Microsoft Azure AI & Microsoft Copilot,CareByte Consulting GmbH,Eichstetten am Kaiserstuhl,,,,,EUR,False,,,,,"https://www.glassdoor.de/job-listing/junior-technical-consultant-mwdi-microsoft-azure-ai-microsoft-copilot-carebyte-consulting-gmbh-JV_IC4990583_KO0,69_KE70,94.htm?jl=1010111949677"
1010042177304,Platform/DevOps Engineer (m|w|d) - Cloud Native & AI,Europa-Park GmbH & Co Mack KG,Rust,,,,,EUR,False,,,,,"https://www.glassdoor.de/job-listing/platform-devops-engineer-m-w-d-cloud-native-ai-europa-park-JV_IC2684243_KO0,46_KE47,58.htm?jl=1010042177304"
1010080887793,Product Owner (m|w|d) – KI,Europa-Park GmbH & Co Mack KG,Rust,,,,,EUR,False,,,,,"https://www.glassdoor.de/job-listing/product-owner-m-w-d-ki-europa-park-JV_IC2684243_KO0,22_KE23,34.htm?jl=1010080887793"
1010099209316,Senior Employer Relations Manager (m/w/d) Teilzeit (20h/Woche),IU Internationale Hochschule,Freiburg,,,,,EUR,False,,,,,"https://www.glassdoor.de/job-listing/senior-employer-relations-manager-mwd-teilzeit-20h-woche-iu-internationale-hochschule-JV_IC2566280_KO0,56_KE57,85.htm?jl=1010099209316"
1010031015771,Duales Studium (m/w/d),A.I. Fitness GmbH,Lahr/Schwarzwald,,,,,EUR,True,,,,,"https://www.glassdoor.de/job-listing/duales-studium-mwd-ai-management-JV_IC4990841_KO0,18_KE19,32.htm?jl=1010031015771"
1010109568115,AI Engineer (m/w/d),HRworks GmbH,Freiburg,,,,,EUR,False,,,,,"https://www.glassdoor.de/job-listing/ai-engineer-mwd-hrworks-germany-JV_IC2566280_KO0,15_KE16,31.htm?jl=1010109568115"
1010109568098,AI Adoption / Operations Manager (m/w/d),HRworks GmbH,Freiburg,,,,,EUR,False,,,,,"https://www.glassdoor.de/job-listing/ai-adoption-operations-manager-mwd-hrworks-germany-JV_IC2566280_KO0,34_KE35,50.htm?jl=1010109568098"
1009846886473,KI Prompt Engineer/AI Consultant (m/w/d) – 100% remote,mycareernow GmbH,Freiburg,,,,,EUR,True,,,,,"https://www.glassdoor.de/job-listing/ki-prompt-engineer-ai-consultant-mwd-100-remote-mycareernow-gmbh-JV_IC2566280_KO0,47_KE48,64.htm?jl=1009846886473"
1009781238055,AI-Engineer (m/w/d),Vollblutwerber GmbH,Lahr/Schwarzwald,,,,,EUR,False,,,,,"https://www.glassdoor.de/job-listing/ai-engineer-mwd-vollblutwerber-gmbh-JV_IC4990841_KO0,15_KE16,35.htm?jl=1009781238055"
1010106944496,Member of Technical Staff - VLM,Black Forest Labs,Freiburg,,,,,EUR,False,,,,,"https://www.glassdoor.de/job-listing/member-of-technical-staff-vlm-black-forest-labs-JV_IC2566280_KO0,29_KE30,47.htm?jl=1010106944496"
1010126208589,Anwendungsmanager KI und Digitalisierung (m/w/d),Sparkasse Freiburg-Nördlicher Breisgau,Freiburg,,,,,EUR,False,,,,,"https://www.glassdoor.de/job-listing/anwendungsmanager-ki-und-digitalisierung-mwd-sparkasse-JV_IC2566280_KO0,44_KE45,54.htm?jl=1010126208589"
1009838505020,FRONT-END DEVELOPER (W/M/X),Scriptbakery AI,Freiburg,,,,,EUR,False,,,,,"https://www.glassdoor.de/job-listing/front-end-developer-wmx-scriptbakery-ai-JV_IC2566280_KO0,23_KE24,39.htm?jl=1009838505020"
1009838505059,SOFTWARE DEVELOPER (W/M/X),Scriptbakery AI,Freiburg,,,,,EUR,False,,,,,"https://www.glassdoor.de/job-listing/software-developer-wmx-scriptbakery-ai-JV_IC2566280_KO0,22_KE23,38.htm?jl=1009838505059"
1010063906609,Masterthesis: Robuste AI‑Inference innerhalb einer WebAssembly‑Engine,SICK AG,Waldkirch,,,,,EUR,False,,,,,"https://www.glassdoor.de/job-listing/masterthesis-robuste-ai-inference-innerhalb-einer-webassembly-engine-sick-JV_IC2511446_KO0,68_KE69,73.htm?jl=1010063906609"
1010071205219,Pflichtpraktikum / Bachelorthesis: Evaluating AI‑Ready Industrial PCs for Logistics,SICK AG,Waldkirch,,,,,EUR,False,,,,,"https://www.glassdoor.de/job-listing/pflichtpraktikum-bachelorthesis-evaluating-ai-ready-industrial-pcs-for-logistics-sick-JV_IC2511446_KO0,80_KE81,85.htm?jl=1010071205219"
1010125421847,Member of Technical Staff - ML Infrastructure Engineer,Black Forest Labs,Freiburg,,,,,EUR,False,,,,,"https://www.glassdoor.de/job-listing/member-of-technical-staff-ml-infrastructure-engineer-black-forest-labs-JV_IC2566280_KO0,52_KE53,70.htm?jl=1010125421847"
1010112305107,Post-doctoral position (m/f/d) on direct laser writing of optical microsystems for endomicroscopic optical biopsy,Universität Freiburg,Freiburg,,,,,EUR,False,,,,,"https://www.glassdoor.de/job-listing/post-doctoral-position-mfd-on-direct-laser-writing-of-optical-microsystems-for-endomicroscopic-optical-biopsy-universität-freiburg-JV_IC2566280_KO0,109_KE110,130.htm?jl=1010112305107"
1010102992961,Content Marketing Manager (m/w/d),HRworks GmbH,Freiburg,,,,,EUR,False,,,,,"https://www.glassdoor.de/job-listing/content-marketing-manager-mwd-hrworks-germany-JV_IC2566280_KO0,29_KE30,45.htm?jl=1010102992961"
1010117078031,Unit Lead Data (m/w/d),JobRad GmbH,Freiburg,,,,,EUR,False,,,,,"https://www.glassdoor.de/job-listing/unit-lead-data-mwd-jobrad-gmbh-JV_IC2566280_KO0,18_KE19,30.htm?jl=1010117078031"
1010083960916,Quereinstieg KI / Data Science (m/w/d) – ohne Vorkenntnisse!,Syntex GmbH,Freiburg,,,,,EUR,True,,,,,"https://www.glassdoor.de/job-listing/quereinstieg-ki-data-science-mwd-ohne-vorkenntnisse-syntex-JV_IC2566280_KO0,51_KE52,58.htm?jl=1010083960916"
1010106951425,Senior Partnerships Manager,Black Forest Labs,Freiburg,,,,,EUR,False,,,,,"https://www.glassdoor.de/job-listing/senior-partnerships-manager-black-forest-labs-JV_IC2566280_KO0,27_KE28,45.htm?jl=1010106951425"
1010057376093,AI Automation Engineer (d/m/w) – Automation Enablement,Lexware,Freiburg,,,,,EUR,True,,,,,"https://www.glassdoor.de/job-listing/ai-automation-engineer-dmw-automation-enablement-haufe-group-JV_IC2566280_KO0,48_KE49,60.htm?jl=1010057376093"
1010110900343,Doctoral position (m/f/d) on endoscopic optical tomography with extended tissue penetration,Universität Freiburg,Freiburg,,,,,EUR,False,,,,,"https://www.glassdoor.de/job-listing/doctoral-position-mfd-on-endoscopic-optical-tomography-with-extended-tissue-penetration-universität-freiburg-JV_IC2566280_KO0,87_KE88,108.htm?jl=1010110900343"
1009838504995,PERFORMANCE MANAGER (W/M/X),Scriptbakery AI,Freiburg,,,,,EUR,False,,,,,"https://www.glassdoor.de/job-listing/performance-manager-wmx-scriptbakery-ai-JV_IC2566280_KO0,23_KE24,39.htm?jl=1009838504995"
1009188849260,IT-Consultant Input Management - Digitalisation,Prime Force,Freiburg,,,,,EUR,False,,,,,"https://www.glassdoor.de/job-listing/it-consultant-input-management-digitalisation-prime-force-JV_IC2566280_KO0,45_KE46,57.htm?jl=1009188849260"
1010020068666,DATA & AUTOMATION ENGINEER (M/W/D),HYDRO Systems GmbH & Co. KG,Biberach an der Riß,,,,,EUR,False,,,,,"https://www.glassdoor.de/job-listing/data-automation-engineer-mwd-hydro-systems-JV_IC2558504_KO0,28_KE29,42.htm?jl=1010020068666"
1009654357233,Site Reliability Engineer (m/w/d),S. Siedle & Söhne Telefon- und Telegrafenwerke OHG,Furtwangen im Schwarzwald,,,,,EUR,False,,,,,"https://www.glassdoor.de/job-listing/site-reliability-engineer-mwd-s-siedle-söhne-telefon-und-telegrafenwerke-ohg-JV_IC4990651_KO0,29_KE30,76.htm?jl=1009654357233"
1010030641164,Specialist Operational Intelligence & BPM (m/w/d),Scheer IDS,Freiburg,,,,,EUR,True,,,,,"https://www.glassdoor.de/job-listing/specialist-operational-intelligence-bpm-mwd-scheer-JV_IC2566280_KO0,43_KE44,50.htm?jl=1010030641164"
1010116877582,iOS Developer,TechBiz Global GmbH,Freiburg,,,,,EUR,True,,,,,"https://www.glassdoor.de/job-listing/ios-developer-techbiz-global-JV_IC2566280_KO0,13_KE14,28.htm?jl=1010116877582"
1009740060322,IT Business Partner - Cloud Solutions (m/w/d),Busch Vacuum Solutions,Maulburg,,,,,EUR,False,,,,,"https://www.glassdoor.de/job-listing/it-business-partner-cloud-solutions-mwd-busch-vacuum-JV_IC2575459_KO0,39_KE40,52.htm?jl=1009740060322"
1009802205777,Softwareentwickler Fullstack (m/w/d),VusionGroup,Ettenheim,,,,,EUR,False,,,,,"https://www.glassdoor.de/job-listing/softwareentwickler-fullstack-mwd-vusiongroup-JV_IC2567789_KO0,32_KE33,44.htm?jl=1009802205777"
1010071401816,Head of R&D,ASSA ABLOY,Ettenheim,,,,,EUR,False,,,,,"https://www.glassdoor.de/job-listing/head-of-rd-assa-abloy-group-JV_IC2567789_KO0,10_KE11,27.htm?jl=1010071401816"
1010080395058,"Auftragsmanagement / Projektkoordination / Disposition (m/w/d) - Photovoltaik, Wärmepumpen & Energiesysteme - 1KOMMA5° Freiburg",1Komma5° GmbH,Freiburg,,,,,EUR,True,,,,,"https://www.glassdoor.de/job-listing/auftragsmanagement-projektkoordination-disposition-mwd-photovoltaik-wärmepumpen-energiesysteme-1komma5-freiburg-1komma5-JV_IC2566280_KO0,111_KE112,119.htm?jl=1010080395058"
1010061407988,Senior Visual Designer Digital (w/m/d),Scheer IMC,Freiburg,,,,,EUR,True,,,,,"https://www.glassdoor.de/job-listing/senior-visual-designer-digital-wmd-scheer-JV_IC2566280_KO0,34_KE35,41.htm?jl=1010061407988"
1010068890439,Werkstudent:in Web Development,greenventory GmbH,Freiburg,,,,,EUR,True,,,,,"https://www.glassdoor.de/job-listing/werkstudent-in-web-development-greenventory-JV_IC2566280_KO0,30_KE31,43.htm?jl=1010068890439"
1009812367178,IT Business Partner - Cloud Solutions (m/w/d),Pfeiffer Vacuum,Maulburg,,,,,EUR,False,,,,,"https://www.glassdoor.de/job-listing/it-business-partner-cloud-solutions-mwd-pfeiffer-vacuum-JV_IC2575459_KO0,39_KE40,55.htm?jl=1009812367178"
1010030641187,Digital Transformation Hunter – BPM (m/w/d),Scheer IDS,Freiburg,,,,,EUR,True,,,,,"https://www.glassdoor.de/job-listing/digital-transformation-hunter-bpm-mwd-scheer-JV_IC2566280_KO0,37_KE38,44.htm?jl=1010030641187"
1010066009068,IT Consultant Digital Workplace,Hansgrohe SE,Schiltach,,,,,EUR,False,,,,,"https://www.glassdoor.de/job-listing/it-consultant-digital-workplace-hansgrohe-group-JV_IC2596895_KO0,31_KE32,47.htm?jl=1010066009068"
1009947717867,Ausbildung Konditor*in,Handwerksbäckerei Dick,Denzlingen,,,,,EUR,False,,,,,"https://www.glassdoor.de/job-listing/ausbildung-konditor-in-handwerksbäckerei-dick-JV_IC2765680_KO0,22_KE23,45.htm?jl=1009947717867"
1009650076948,Founding CTO/CPTO,TechBiz Global GmbH,Freiburg,,,,,EUR,True,,,,,"https://www.glassdoor.de/job-listing/founding-cto-cpto-techbiz-global-JV_IC2566280_KO0,17_KE18,32.htm?jl=1009650076948"
1010095137865,Specialist advanced Logistic Systems (Logistic 4.0) (m/w/d) - REF5769N,Aumovio,Villingen-Schwenningen,,,,,EUR,True,,,,,"https://www.glassdoor.de/job-listing/specialist-advanced-logistic-systems-logistic-40mwd-ref5769n-aumovio-JV_IC2508575_KO0,60_KE61,68.htm?jl=1010095137865"
1010107199141,Head of Consulting – Digital Platform for Operational Excellence (all genders),eschbach GmbH,Bad Säckingen,,,,,EUR,True,,,,,"https://www.glassdoor.de/job-listing/head-of-consulting-digital-platform-for-operational-excellence-all-genders-eschbach-JV_IC2688419_KO0,74_KE75,83.htm?jl=1010107199141"
1009999304450,Werkstudent:in (m/w/d) Event & Marketing - 1KOMMA5° Freiburg,1Komma5° GmbH,Freiburg,,,,,EUR,True,,,,,"https://www.glassdoor.de/job-listing/werkstudent-in-mwd-event-marketing-1komma5-freiburg-1komma5-JV_IC2566280_KO0,51_KE52,59.htm?jl=1009999304450"
1010104737529,"Elektriker / Elektroniker Energie- und Gebäudetechnik (m/w/d) - Photovoltaik, Wärmepumpen & Energiesysteme - 1KOMMA5° Freiburg",1Komma5° GmbH,Freiburg,,,,,EUR,True,,,,,"https://www.glassdoor.de/job-listing/elektriker-elektroniker-energie-und-gebäudetechnik-mwd-photovoltaik-wärmepumpen-energiesysteme-1komma5-freiburg-1komma5-JV_IC2566280_KO0,111_KE112,119.htm?jl=1010104737529"
1009409041225,Praxissemester / Thesis im Bereich Software,AUMA Riester GmbH & Co. KG,Müllheim,,,,,EUR,False,,,,,"https://www.glassdoor.de/job-listing/praxissemester-thesis-im-bereich-software-auma-gruppe-JV_IC2598230_KO0,41_KE42,53.htm?jl=1009409041225"
1010088028159,Senior/Leading Frontend Software Engineer,TechBiz Global GmbH,Freiburg,,,,,EUR,True,,,,,"https://www.glassdoor.de/job-listing/senior-leading-frontend-software-engineer-techbiz-global-JV_IC2566280_KO0,41_KE42,56.htm?jl=1010088028159"
1009967497588,Sales Representative(German Speaking),TechBiz Global GmbH,Freiburg,,,,,EUR,True,,,,,"https://www.glassdoor.de/job-listing/sales-representative-german-speaking-techbiz-global-JV_IC2566280_KO0,36_KE37,51.htm?jl=1009967497588"
1010122868003,Senior-Ingenieur:in,B+G Ingenieure Bollinger und Grohmann GmbH,Lahr/Schwarzwald,,,,,EUR,False,,,,,"https://www.glassdoor.de/job-listing/senior-ingenieur-in-bg-ingenieure-JV_IC4990841_KO0,19_KE20,33.htm?jl=1010122868003"
1009900877579,Praxissemester / Abschlussarbeit / Werkstudium im Bereich Informatik / Elektrotechnik,NewTec GmbH,Freiburg,,,,,EUR,True,,,,,"https://www.glassdoor.de/job-listing/praxissemester-abschlussarbeit-werkstudium-im-bereich-informatik-elektrotechnik-newtec-JV_IC2566280_KO0,79_KE80,86.htm?jl=1009900877579"
1009902839527,Manager SAP Datasphere & SAP Analytics Cloud (m/w/d),Scheer IDS,Freiburg,,,,,EUR,True,,,,,"https://www.glassdoor.de/job-listing/manager-sap-datasphere-sap-analytics-cloud-mwd-scheer-JV_IC2566280_KO0,46_KE47,53.htm?jl=1009902839527"
1010046449481,"Elektromeister / Elektroinstallateurmeister (m/w/d) - Photovoltaik, Wärmepumpen & Energiesysteme - 1KOMMA5° Freiburg",1Komma5° GmbH,Freiburg,,,,,EUR,True,,,,,"https://www.glassdoor.de/job-listing/elektromeister-elektroinstallateurmeister-mwd-photovoltaik-wärmepumpen-energiesysteme-1komma5-freiburg-1komma5-JV_IC2566280_KO0,102_KE103,110.htm?jl=1010046449481"
1010109022667,Senior Fullstack Entwickler:in - Digital Banking (d/m/w),Lexware,Freiburg,,,,,EUR,True,,,,,"https://www.glassdoor.de/job-listing/senior-fullstack-entwickler-in-digital-banking-dmw-haufe-group-JV_IC2566280_KO0,50_KE51,62.htm?jl=1010109022667"
1010117007917,Quereinsteiger / Baustellenhelfer SHK (m/w/d) Wärmepumpen & Heiztechnik - 1KOMMA5° Freiburg,1Komma5° GmbH,Freiburg,,,,,EUR,True,,,,,"https://www.glassdoor.de/job-listing/quereinsteiger-baustellenhelfer-shk-mwd-wärmepumpen-heiztechnik-1komma5-freiburg-1komma5-JV_IC2566280_KO0,80_KE81,88.htm?jl=1010117007917"
1008887702598,Duales Master-Studium Software Vertrieb & Online Marketing (m/w/d),NETCONTROL GmbH,Breisach,,,,,EUR,False,,,,,"https://www.glassdoor.de/job-listing/duales-master-studium-software-vertrieb-online-marketing-mwd-netcontrol-gmbh-JV_IC2773555_KO0,60_KE61,76.htm?jl=1008887702598"
1009978420945,(Senior) Account Manager (m/w/d),Jedox,Freiburg,,,,,EUR,True,,,,,"https://www.glassdoor.de/job-listing/senior-account-manager-mwd-jedox-JV_IC2566280_KO0,26_KE27,32.htm?jl=1009978420945"
1009831534713,Senior EmbeddedSoftware Engineer,TechBiz Global GmbH,Freiburg,,,,,EUR,True,,,,,"https://www.glassdoor.de/job-listing/senior-embeddedsoftware-engineer-techbiz-global-JV_IC2566280_KO0,32_KE33,47.htm?jl=1009831534713"
1010104727070,Bauleiter (m/w/d) SHK für Wärmepumpenprojekte - 1KOMMA5° Handwerk - Freiburg,1Komma5° GmbH,Freiburg,,,,,EUR,True,,,,,"https://www.glassdoor.de/job-listing/bauleiter-mwd-shk-für-wärmepumpenprojekte-1komma5-handwerk-freiburg-1komma5-JV_IC2566280_KO0,67_KE68,75.htm?jl=1010104727070"
1009634059693,Softwareentwickler Fullstack (m/w/d),Captana,Ettenheim,,,,,EUR,True,,,,,"https://www.glassdoor.de/job-listing/softwareentwickler-fullstack-mwd-captana-JV_IC2567789_KO0,32_KE33,40.htm?jl=1009634059693"
1009963618003,Senior Consultant / Architect SAP S/4HANA Integration (m/w/d),cbs Corporate Business Solutions GmbH,Freiburg,,,,,EUR,True,,,,,"https://www.glassdoor.de/job-listing/senior-consultant-architect-sap-s-4hana-integration-mwd-cbs-corporate-business-solutions-JV_IC2566280_KO0,55_KE56,88.htm?jl=1009963618003"
1010006232897,Senior Berater (m/w/d) SAP Public Sector Management,Scheer IDS,Freiburg,,,,,EUR,True,,,,,"https://www.glassdoor.de/job-listing/senior-berater-mwd-sap-public-sector-management-scheer-JV_IC2566280_KO0,47_KE48,54.htm?jl=1010006232897"
1010108972318,Senior Regional Sales Manager,TechBiz Global GmbH,Freiburg,,,,,EUR,True,,,,,"https://www.glassdoor.de/job-listing/senior-regional-sales-manager-techbiz-global-JV_IC2566280_KO0,29_KE30,44.htm?jl=1010108972318"
1009950506752,Meister SHK / Heizungsbaumeister (m/w/d) Wärmepumpen & Heiztechnik - 1KOMMA5° Freiburg,1Komma5° GmbH,Freiburg,,,,,EUR,True,,,,,"https://www.glassdoor.de/job-listing/meister-shk-heizungsbaumeister-mwd-wärmepumpen-heiztechnik-1komma5-freiburg-1komma5-JV_IC2566280_KO0,75_KE76,83.htm?jl=1009950506752"
1009652873922,Cloud Platform Architect (m/w/d),S. Siedle & Söhne Telefon- und Telegrafenwerke OHG,Furtwangen im Schwarzwald,,,,,EUR,True,,,,,"https://www.glassdoor.de/job-listing/cloud-platform-architect-mwd-s-siedle-söhne-telefon-und-telegrafenwerke-ohg-JV_IC4990651_KO0,28_KE29,75.htm?jl=1009652873922"
1010053172560,Anlagenmechaniker SHK (m/w/d) Wärmepumpen & Heiztechnik - 1KOMMA5° Freiburg,1Komma5° GmbH,Freiburg,,,,,EUR,True,,,,,"https://www.glassdoor.de/job-listing/anlagenmechaniker-shk-mwd-wärmepumpen-heiztechnik-1komma5-freiburg-1komma5-JV_IC2566280_KO0,66_KE67,74.htm?jl=1010053172560"
1009944272997,Praktikum Marketing / Brand International - Projektmanagement AI in Neckarsulm,Lidl Stiftung,Deutschland,,,,,EUR,False,,,,,"https://www.glassdoor.de/job-listing/praktikum-marketing-brand-international-projektmanagement-ai-in-neckarsulm-lidl-JV_KO0,74_KE75,79.htm?jl=1009944272997"
1009766124101,Senior Consultant / Developer | Automation – RPA & AI (all genders),cronos Unternehmensberatung GmbH,Deutschland,,,,,EUR,False,,,,,"https://www.glassdoor.de/job-listing/senior-consultant-developer-automation-rpa-ai-all-genders-cronos-unternehmensberatung-JV_KO0,57_KE58,85.htm?jl=1009766124101"
1010110650178,"German SMB Account Executive, (German Market) – Relocation to Dublin, Ireland","Salesforce, Inc.",Deutschland,,,,,EUR,False,,,,,"https://www.glassdoor.de/job-listing/german-smb-account-executive-german-market-relocation-to-dublin-ireland-salesforce-JV_KO0,71_KE72,82.htm?jl=1010110650178"
1009928500511,German speaking Google Ads Onboarding Account Manager - Barcelona,Teleperformance Spain,Deutschland,,,,,EUR,False,,,,,"https://www.glassdoor.de/job-listing/german-speaking-google-ads-onboarding-account-manager-barcelona-teleperformance-JV_KO0,63_KE64,79.htm?jl=1009928500511"
1009992001435,Umzugspaket nach Griechenland - GenAI Content Trust and Safety Experts – German speaker,TP Greece,Deutschland,,,,,EUR,True,,,,,"https://www.glassdoor.de/job-listing/umzugspaket-nach-griechenland-genai-content-trust-and-safety-experts-german-speaker-teleperformance-JV_KO0,83_KE84,99.htm?jl=1009992001435"
1010117321412,Praktikum Marketing International - Projektmanagement AI in Neckarsulm,Lidl Stiftung,Deutschland,,,,,EUR,False,,,,,"https://www.glassdoor.de/job-listing/praktikum-marketing-international-projektmanagement-ai-in-neckarsulm-lidl-JV_KO0,68_KE69,73.htm?jl=1010117321412"
1010114713928,Energy & Power Systems Expert,TELUS International AI Inc,Deutschland,,,,,EUR,True,,,,,"https://www.glassdoor.de/job-listing/energy-power-systems-expert-telus-international-JV_KO0,27_KE28,47.htm?jl=1010114713928"
1010110552308,"German Business Development Representative (German Market) – Relocation to Dublin, Ireland","Salesforce, Inc.",Deutschland,,,,,EUR,False,,,,,"https://www.glassdoor.de/job-listing/german-business-development-representative-german-market-relocation-to-dublin-ireland-salesforce-JV_KO0,85_KE86,96.htm?jl=1010110552308"
1007289753699,"Umzugspaket nach Griechenland! German-speaking Customer, Tech, Sales and Digital Experts",TP Greece,Deutschland,,,,,EUR,True,,,,,"https://www.glassdoor.de/job-listing/umzugspaket-nach-griechenland-german-speaking-customer-tech-sales-and-digital-experts-teleperformance-JV_KO0,85_KE86,101.htm?jl=1007289753699"
1010102956468,"Danish Speaking Support Specialist (m/f/d) | Relocation to Sofia, Bulgaria",TELUS Digital,Deutschland,,,,,EUR,True,,,,,"https://www.glassdoor.de/job-listing/danish-speaking-support-specialist-mfd-relocation-to-sofia-bulgaria-telus-international-JV_KO0,67_KE68,87.htm?jl=1010102956468"
1010088424553,"Technical Sales Specialist | Relocation to Sofia, Bulgaria with Polish and English (m/f/d)",TELUS Digital,Deutschland,,,,,EUR,True,,,,,"https://www.glassdoor.de/job-listing/technical-sales-specialist-relocation-to-sofia-bulgaria-with-polish-and-english-mfd-telus-international-JV_KO0,83_KE84,103.htm?jl=1010088424553"
1010088424602,"Solutions Consultant | Relocation to Sofia, Bulgaria with Danish and English (m/f/d)",TELUS Digital,Deutschland,,,,,EUR,True,,,,,"https://www.glassdoor.de/job-listing/solutions-consultant-relocation-to-sofia-bulgaria-with-danish-and-english-mfd-telus-international-JV_KO0,77_KE78,97.htm?jl=1010088424602"
1010088424513,"Backoffice Support - Relocation to Sofia, Bulgaria with Polish and English (m/f/d)",TELUS Digital,Deutschland,,,,,EUR,True,,,,,"https://www.glassdoor.de/job-listing/backoffice-support-relocation-to-sofia-bulgaria-with-polish-and-english-mfd-telus-international-JV_KO0,75_KE76,95.htm?jl=1010088424513"
1010030742293,Head Dynamics BC Developer,SystemsAccountants,Deutschland,,,,,EUR,False,,,,,"https://www.glassdoor.de/job-listing/head-dynamics-bc-developer-systemsaccountants-JV_KO0,26_KE27,45.htm?jl=1010030742293"
1010088424625,"Kundenservice Fitbit | Relocation to Sofia, Bulgaria – with German & English (m/f/d)",TELUS Digital,Deutschland,,,,,EUR,True,,,,,"https://www.glassdoor.de/job-listing/kundenservice-fitbit-relocation-to-sofia-bulgaria-with-german-english-mfd-telus-international-JV_KO0,73_KE74,93.htm?jl=1010088424625"
1010051535001,"Sales Representative with German and English for Energy Audit Deutschland Relocation to Sofia, Bulgaria",TELUS Digital,Deutschland,,,,,EUR,True,,,,,"https://www.glassdoor.de/job-listing/sales-representative-with-german-and-english-for-energy-audit-deutschland-relocation-to-sofia-bulgaria-telus-international-JV_KO0,102_KE103,122.htm?jl=1010051535001"
1010088424514,"Backoffice Gaming Support Spezialist | Relocation to Sofia, Bulgaria with German and English (m/f/d)",TELUS Digital,Deutschland,,,,,EUR,True,,,,,"https://www.glassdoor.de/job-listing/backoffice-gaming-support-spezialist-relocation-to-sofia-bulgaria-with-german-and-english-mfd-telus-international-JV_KO0,93_KE94,113.htm?jl=1010088424514"
1010102956483,"Norwegian Speaking Support Specialist (m/f/d) | Relocation to Sofia, Bulgaria",TELUS Digital,Deutschland,,,,,EUR,True,,,,,"https://www.glassdoor.de/job-listing/norwegian-speaking-support-specialist-mfd-relocation-to-sofia-bulgaria-telus-international-JV_KO0,70_KE71,90.htm?jl=1010102956483"
1010109303308,"Digital Trust and Safety Specialist | Relocation to Sofia, Bulgaria - Danish and English (m/f/d)",TELUS Digital,Deutschland,,,,,EUR,True,,,,,"https://www.glassdoor.de/job-listing/digital-trust-and-safety-specialist-relocation-to-sofia-bulgaria-danish-and-english-mfd-telus-international-JV_KO0,87_KE88,107.htm?jl=1010109303308"
1010088424581,"Technical Sales Specialist | Relocation to Sofia, Bulgaria with Romanian and English (m/f/d)",TELUS Digital,Deutschland,,,,,EUR,True,,,,,"https://www.glassdoor.de/job-listing/technical-sales-specialist-relocation-to-sofia-bulgaria-with-romanian-and-english-mfd-telus-international-JV_KO0,85_KE86,105.htm?jl=1010088424581"
1010095550399,"Solutions Consultant | Relocation to Sofia, Bulgaria – German & English (m/f/d)",TELUS Digital,Deutschland,,,,,EUR,True,,,,,"https://www.glassdoor.de/job-listing/solutions-consultant-relocation-to-sofia-bulgaria-german-english-mfd-telus-international-JV_KO0,68_KE69,88.htm?jl=1010095550399"
1010088424486,"Digital Trust and Safety Analyst | Relocation to Sofia, Bulgaria with German (m/f/d)",TELUS Digital,Deutschland,,,,,EUR,True,,,,,"https://www.glassdoor.de/job-listing/digital-trust-and-safety-analyst-relocation-to-sofia-bulgaria-with-german-mfd-telus-international-JV_KO0,77_KE78,97.htm?jl=1010088424486"
1010051828023,Business Development Manager - Data Centre and Intelligent Solutions,Pro A Recruitment,Deutschland,,,,,EUR,True,,,,,"https://www.glassdoor.de/job-listing/business-development-manager-data-centre-and-intelligent-solutions-pro-a-recruitment-JV_KO0,66_KE67,84.htm?jl=1010051828023"
1010088424606,"Technical Sales Specialist | Relocation to Sofia, Bulgaria – German & English (m/f/d)",TELUS Digital,Deutschland,,,,,EUR,True,,,,,"https://www.glassdoor.de/job-listing/technical-sales-specialist-relocation-to-sofia-bulgaria-german-english-mfd-telus-international-JV_KO0,74_KE75,94.htm?jl=1010088424606"
1010094208007,Consultant (w/m/d),Robert Half,Deutschland,,,,,EUR,True,,,,,"https://www.glassdoor.de/job-listing/consultant-wmd-robert-half-JV_KO0,14_KE15,26.htm?jl=1010094208007"
1010109303306,"Backoffice Specialist | Relocation to Sofia, Bulgaria - Danish and English (m/f/d)",TELUS Digital,Deutschland,,,,,EUR,True,,,,,"https://www.glassdoor.de/job-listing/backoffice-specialist-relocation-to-sofia-bulgaria-danish-and-english-mfd-telus-international-JV_KO0,73_KE74,93.htm?jl=1010109303306"
1010115863119,Customer Support Specialist (Multilingual with German and English) I Fintech I Cork (m/f/d),TELUS Digital,Deutschland,,,,,EUR,True,,,,,"https://www.glassdoor.de/job-listing/customer-support-specialist-multilingual-with-german-and-english-i-fintech-i-cork-mfd-telus-international-JV_KO0,85_KE86,105.htm?jl=1010115863119"
1010088424538,"Digital Trust and Safety Specialist - Relocation to Sofia, Bulgaria with Polish and English (m/f/d)",TELUS Digital,Deutschland,,,,,EUR,True,,,,,"https://www.glassdoor.de/job-listing/digital-trust-and-safety-specialist-relocation-to-sofia-bulgaria-with-polish-and-english-mfd-telus-international-JV_KO0,92_KE93,112.htm?jl=1010088424538"
1010104251258,Learning & Development Specialist (all genders),baramundi software GmbH,Deutschland,,,,,EUR,True,,,,,"https://www.glassdoor.de/job-listing/learning-development-specialist-all-genders-baramundi-software-JV_KO0,43_KE44,62.htm?jl=1010104251258"
1010088424592,"Technical Sales Specialist | Relocation to Sofia, Bulgaria with Danish and English (m/f/d)",TELUS Digital,Deutschland,,,,,EUR,True,,,,,"https://www.glassdoor.de/job-listing/technical-sales-specialist-relocation-to-sofia-bulgaria-with-danish-and-english-mfd-telus-international-JV_KO0,83_KE84,103.htm?jl=1010088424592"
1010088424612,"Fitbit Customer Care Specialist | Relocation to Sofia, Bulgaria – with German & English (m/f/d)",TELUS Digital,Deutschland,,,,,EUR,True,,,,,"https://www.glassdoor.de/job-listing/fitbit-customer-care-specialist-relocation-to-sofia-bulgaria-with-german-english-mfd-telus-international-JV_KO0,84_KE85,104.htm?jl=1010088424612"
1010088424594,"Solutions Consultant | Relocation to Sofia, Bulgaria with Norwegian and English (m/f/d)",TELUS Digital,Deutschland,,,,,EUR,True,,,,,"https://www.glassdoor.de/job-listing/solutions-consultant-relocation-to-sofia-bulgaria-with-norwegian-and-english-mfd-telus-international-JV_KO0,80_KE81,100.htm?jl=1010088424594"
1010088424519,"Logistics Specialist | Relocation to Sofia, Bulgaria (m/w/d) (deutsch und englisch)",TELUS Digital,Deutschland,,,,,EUR,True,,,,,"https://www.glassdoor.de/job-listing/logistics-specialist-relocation-to-sofia-bulgaria-mwd-deutsch-und-englisch-telus-international-JV_KO0,74_KE75,94.htm?jl=1010088424519"
1010088424501,"Berater für Logistik und Lieferung | Relocation to Sofia, Bulgaria (m/w/d)",TELUS Digital,Deutschland,,,,,EUR,True,,,,,"https://www.glassdoor.de/job-listing/berater-für-logistik-und-lieferung-relocation-to-sofia-bulgaria-mwd-telus-international-JV_KO0,67_KE68,87.htm?jl=1010088424501"
1010125572578,Leiter Ertragsteuern (w/m/d) in Fellbach,ANDREAS STIHL AG & Co. KG,Baden-Württemberg,,,,,EUR,False,,,,,"https://www.glassdoor.de/job-listing/leiter-ertragsteuern-wmd-in-fellbach-stihl-JV_KO0,36_KE37,42.htm?jl=1010125572578"
1010115869397,Mitarbeiter (m/w/d) für Digitalisierung & KI,Emil Färber GmbH & Co. KG,Emmendingen,,,,,EUR,True,,,,,"https://www.glassdoor.de/job-listing/mitarbeiter-mwd-für-digitalisierung-ki-färber-emil-färber-gmbh-JV_IC2567778_KO0,38_KE39,62.htm?jl=1010115869397"
1010123416583,Duales Studium Informatik | Oktober 2027,DFS Deutsche Flugsicherung GmbH,Baden-Württemberg,,,,,EUR,False,,,,,"https://www.glassdoor.de/job-listing/duales-studium-informatik-oktober-2027-dfs-deutsche-flugsicherung-JV_KO0,38_KE39,65.htm?jl=1010123416583"
1009953791151,100% Homeoffice - Werde Fachkraft für Prozessautomatiiserung und KI-Integration (m/w/d),Forward Education Institute GmbH,Freiburg,,,,,EUR,True,,,,,"https://www.glassdoor.de/job-listing/100-homeoffice-werde-fachkraft-für-prozessautomatiiserung-und-ki-integration-mwd-forward-belgium-JV_IC2566280_KO0,80_KE81,96.htm?jl=1009953791151"
1009769099672,Duales Studium 2026 (m/w/d) - Informatik/Wirtschaftsinformatik/Data Science & KI,Objektkultur Software GmbH,Freiburg,,,,,EUR,False,,,,,"https://www.glassdoor.de/job-listing/duales-studium-2026-mwd-informatik-wirtschaftsinformatik-data-science-ki-objektkultur-software-JV_IC2566280_KO0,72_KE73,94.htm?jl=1009769099672"
1009953791123,Quereinstieg gewünscht - Werde Fachkraft für Prozessautomatisierung und KI-Integration (m/w/d) - 100% Homeoffice,Forward Education Institute GmbH,Villingen-Schwenningen,,,,,EUR,True,,,,,"https://www.glassdoor.de/job-listing/quereinstieg-gewünscht-werde-fachkraft-für-prozessautomatisierung-und-ki-integration-mwd-100-homeoffice-forward-belgium-JV_IC2508575_KO0,103_KE104,119.htm?jl=1009953791123"
1009953791187,Ohne Berufserfahrung durchstarten - Werde Fachkraft für Prozessautomatisierung und KI-Integration (m/w/d) - 100% Homeoffice,Forward Education Institute GmbH,Lörrach,,,,,EUR,True,,,,,"https://www.glassdoor.de/job-listing/ohne-berufserfahrung-durchstarten-werde-fachkraft-für-prozessautomatisierung-und-ki-integration-mwd-100-homeoffice-forward-belgium-JV_IC2597954_KO0,114_KE115,130.htm?jl=1009953791187"
1009858882540,Auszubildender im dualen Studiengang Data Science und Künstliche Intelligenz (m/w/d) Stelle 2028,Freiburg Wirtschaft Touristik und Messe GmbH,Freiburg,,,,,EUR,False,,,,,"https://www.glassdoor.de/job-listing/auszubildender-im-dualen-studiengang-data-science-und-künstliche-intelligenz-mwd-stelle-2028-stadt-freiburg-JV_IC2566280_KO0,92_KE93,107.htm?jl=1009858882540"
1009953790989,Dein Karriere-Boost - Werde Fachkraft für KI-Integration und Prozessautomatisierung (m/w/d),Forward Education Institute GmbH,Lahr/Schwarzwald,,,,,EUR,True,,,,,"https://www.glassdoor.de/job-listing/dein-karriere-boost-werde-fachkraft-für-ki-integration-und-prozessautomatisierung-mwd-forward-belgium-JV_IC4990841_KO0,85_KE86,101.htm?jl=1009953790989"
1009841804821,DH-Studium Data Science & Künstliche Intelligenz (m/w/d),Testo SE & Co. KGaA,Lenzkirch,,,,,EUR,False,,,,,"https://www.glassdoor.de/job-listing/dh-studium-data-science-künstliche-intelligenz-mwd-testo-industrial-services-JV_IC2575274_KO0,50_KE51,76.htm?jl=1009841804821"
1009861465280,Bachelor of Science Data Science und Künstliche Intelligenz (m/w/d) Studienrichtung: Digital Production,Framo Morat GmbH & Co. KG,Eisenbach (Hochschwarzwald),,,,,EUR,False,,,,,"https://www.glassdoor.de/job-listing/bachelor-of-science-data-science-und-künstliche-intelligenz-mwd-studienrichtung-digital-production-framo-morat-gmbh-co-kg-JV_IC4990584_KO0,98_KE99,121.htm?jl=1009861465280"
1009768212229,Duales Studium 2026: Data Science und Künstliche Intelligenz (B.Sc),SICK AG,Waldkirch,,,,,EUR,False,,,,,"https://www.glassdoor.de/job-listing/duales-studium-2026-data-science-und-künstliche-intelligenz-b-sc-sick-JV_IC2511446_KO0,64_KE65,69.htm?jl=1009768212229"
1010016351645,"2027 Studium Plus Allgemeine Informatik (m/w/d) 4,5 Jahre",RENA Technologies,Gütenbach,,,,,EUR,False,,,,,"https://www.glassdoor.de/job-listing/2027-studium-plus-allgemeine-informatik-mwd45-jahre-rena-technologies-JV_IC2807722_KO0,51_KE52,69.htm?jl=1010016351645"
1010094080525,Office Manager w/m/d in der beruflichen Rehabilitation in Teilzeit (10-20 Wochenstunden),SRH Berufliches Trainingszentrum Rhein-Neckar,Freiburg,,,,,EUR,False,,,,,"https://www.glassdoor.de/job-listing/office-manager-wmd-in-der-beruflichen-rehabilitation-in-teilzeit-10-20-wochenstunden-srh-holding-JV_IC2566280_KO0,84_KE85,96.htm?jl=1010094080525"
1010076186542,Head of Marketing mit Schwerpunkt Performance Marketing & Social Media (m/w/d),MVZ Dr. Dr. Dorow GmbH,Waldshut-Tiengen,,,,,EUR,False,,,,,"https://www.glassdoor.de/job-listing/head-of-marketing-mit-schwerpunkt-performance-marketing-social-media-mwd-dorow-clinic-JV_IC2511448_KO0,72_KE73,85.htm?jl=1010076186542"
1009950315668,Duales Studium Wirtschaftsinformatik mit Schwerpunkt KI (m/w/d),ATMOS MedizinTechnik GmbH & Co. KG,Lenzkirch,,,,,EUR,False,,,,,"https://www.glassdoor.de/job-listing/duales-studium-wirtschaftsinformatik-mit-schwerpunkt-ki-mwd-atmos-medical-JV_IC2575274_KO0,59_KE60,73.htm?jl=1009950315668"
1010123864047,Referent KI und Medialer Vertrieb (m/w/d),Sparkasse Schwarzwald-Baar,Villingen-Schwenningen,,,,,EUR,False,,,,,"https://www.glassdoor.de/job-listing/referent-ki-und-medialer-vertrieb-mwd-sparkasse-JV_IC2508575_KO0,37_KE38,47.htm?jl=1010123864047"
1009839495055,(Senior) Produktmanager (m/w/d),HRworks GmbH,Freiburg,,,,,EUR,False,,,,,"https://www.glassdoor.de/job-listing/senior-produktmanager-mwd-hrworks-germany-JV_IC2566280_KO0,25_KE26,41.htm?jl=1009839495055"
1010072353999,WERKSTUDENT (w/m/d) KI-gestützte Leadidentifikation & Leadgenerierung,Kramer GmbH,Umkirch,,,,,EUR,True,,,,,"https://www.glassdoor.de/job-listing/werkstudent-wmd-ki-gestützte-leadidentifikation-leadgenerierung-kramer-JV_IC2689501_KO0,63_KE64,70.htm?jl=1010072353999"
1009977040238,Platform/DevOps Engineer (m|w|d) - Cloud Native & AI,Europa-Park Erlebnis-Resort,Rust,,,,,EUR,False,,,,,"https://www.glassdoor.de/job-listing/platform-devops-engineer-m-w-d-cloud-native-ai-europa-park-JV_IC2684243_KO0,46_KE47,58.htm?jl=1009977040238"
1009712025642,StudiumPLUS 2026: Bachelor of Engineering (m/w/d) Elektro- und Informationstechnik/Automatisierungstechnik + Ausbildung zum Elektroniker für Betriebstechnik - Ausbildungsbeginn 01.09.2026,Herrenknecht AG,Schwanau,,,,,EUR,False,,,,,"https://www.glassdoor.de/job-listing/studiumplus-2026-bachelor-of-engineering-mwd-elektro-und-informationstechnik-automatisierungstechnik-ausbildung-zum-elektroniker-für-betriebstechnik-ausbildungsbeginn-01-09-2026-herrenknecht-ag-JV_IC4349134_KO0,177_KE178,193.htm?jl=1009712025642"
1009003838516,Senior Consultant Public Sector - Schwerpunkt Verteidigung (w/m/d),KPMG,Freiburg,,,,,EUR,False,,,,,"https://www.glassdoor.de/job-listing/senior-consultant-public-sector-schwerpunkt-verteidigung-wmd-kpmg-JV_IC2566280_KO0,60_KE61,65.htm?jl=1009003838516"
1009912925258,Fahrzeugbewerter (m/w/d),DEKRA,Kippenheim,,,,,EUR,False,,,,,"https://www.glassdoor.de/job-listing/fahrzeugbewerter-mwd-dekra-JV_IC2595854_KO0,20_KE21,26.htm?jl=1009912925258"
1010012540384,Quereinsteiger gesucht: Agiler Personalreferent / HR Manager (m/w/d) – Schwerpunkt New Work & KI,mycareernow GmbH,Lahr/Schwarzwald,,,,,EUR,True,,,,,"https://www.glassdoor.de/job-listing/quereinsteiger-gesucht-agiler-personalreferent-hr-manager-mwd-schwerpunkt-new-work-ki-mycareernow-gmbh-JV_IC4990841_KO0,85_KE86,102.htm?jl=1010012540384"
1009947997589,Duales Studium Data Science & KI in Kooperation mit der DHBW Lörrach 2026/27,eschbach GmbH,Bad Säckingen,,,,,EUR,True,,,,,"https://www.glassdoor.de/job-listing/duales-studium-data-science-ki-in-kooperation-mit-der-dhbw-lörrach-2026-27-eschbach-JV_IC2688419_KO0,74_KE75,83.htm?jl=1009947997589"
1009673334763,Praktikum / Abschlussarbeit m/w/d SAGE - Smart actuator for green energies,AUMA Riester GmbH & Co. KG,Müllheim,,,,,EUR,False,,,,,"https://www.glassdoor.de/job-listing/praktikum-abschlussarbeit-mwd-sage-smart-actuator-for-green-energies-auma-gruppe-JV_IC2598230_KO0,68_KE69,80.htm?jl=1009673334763"
1010012540440,Junior HR Business Partner / Agile Coach (m/w/d) – Quereinstieg,mycareernow GmbH,Lahr/Schwarzwald,,,,,EUR,True,,,,,"https://www.glassdoor.de/job-listing/junior-hr-business-partner-agile-coach-mwd-quereinstieg-mycareernow-gmbh-JV_IC4990841_KO0,55_KE56,72.htm?jl=1010012540440"
1010106687814,Fullstack Entwickler (m/w/d),cbs Corporate Business Solutions GmbH,Freiburg,,,,,EUR,True,,,,,"https://www.glassdoor.de/job-listing/fullstack-entwickler-mwd-cbs-corporate-business-solutions-JV_IC2566280_KO0,24_KE25,57.htm?jl=1010106687814"
1009936209539,DH-Studium Informatik (m/w/d),Testo SE & Co. KGaA,Lenzkirch,,,,,EUR,False,,,,,"https://www.glassdoor.de/job-listing/dh-studium-informatik-mwd-testo-industrial-services-JV_IC2575274_KO0,25_KE26,51.htm?jl=1009936209539"
1009846886300,Dein Neustart als International Project Manager (m/w/d) – Remote & Quereinstieg willkommen!,mycareernow GmbH,Freiburg,,,,,EUR,True,,,,,"https://www.glassdoor.de/job-listing/dein-neustart-als-international-project-manager-mwd-remote-quereinstieg-willkommen-mycareernow-gmbh-JV_IC2566280_KO0,82_KE83,99.htm?jl=1009846886300"
1010123744645,Einkäufer (m/w/d) – Indirekter Einkauf & R&D Projektunterstützung,CYTENA GmbH,Freiburg,,,,,EUR,True,,,,,"https://www.glassdoor.de/job-listing/einkäufer-mwd-indirekter-einkauf-rd-projektunterstützung-cytena-JV_IC2566280_KO0,56_KE57,63.htm?jl=1010123744645"
1010094323944,Consultant ERP-Software (m/w/d),KUMAVISION AG,Freiburg,,,,,EUR,True,,,,,"https://www.glassdoor.de/job-listing/consultant-erp-software-mwd-kumavision-JV_IC2566280_KO0,27_KE28,38.htm?jl=1010094323944"
1010123521450,Bachelor of Science – Data Science und Künstliche Intelligenz (Business Management) 2026 (m/w/d) Duales Hochschulstudium an der DHBW Lörrach,Sedus Stoll AG,Dogern,,,,,EUR,True,,,,,"https://www.glassdoor.de/job-listing/bachelor-of-science-data-science-und-künstliche-intelligenz-business-management-2026-mwd-duales-hochschulstudium-an-der-dhbw-lörrach-sedus-stoll-JV_IC2560640_KO0,132_KE133,144.htm?jl=1010123521450"
1009912925078,"Ingenieur Versorgungstechnik als Sachverständiger Lüftungs-, Rauchabzugs-, Feuerlöschanlagen (m/w/d)",DEKRA,Freiburg,,,,,EUR,False,,,,,"https://www.glassdoor.de/job-listing/ingenieur-versorgungstechnik-als-sachverständiger-lüftungs-rauchabzugs-feuerlöschanlagen-mwd-dekra-JV_IC2566280_KO0,92_KE93,98.htm?jl=1009912925078"
1010012540446,"Manager People & Culture (m/w/d) – Agile Führung & Konfliktmanagement, Quereinsteiger willkommen!",mycareernow GmbH,Villingen-Schwenningen,,,,,EUR,True,,,,,"https://www.glassdoor.de/job-listing/manager-people-culture-mwd-agile-führung-konfliktmanagement-quereinsteiger-willkommen-mycareernow-gmbh-JV_IC2508575_KO0,85_KE86,102.htm?jl=1010012540446"
1009883379917,Duales Studium (DHBW) Elektrotechnik-Automation,ZAHORANSKY AG,Todtnau,,,,,EUR,False,,,,,"https://www.glassdoor.de/job-listing/duales-studium-dhbw-elektrotechnik-automation-zahoransky-JV_IC2689936_KO0,45_KE46,56.htm?jl=1009883379917"
1010117008544,Sales Administrator (m/w/d),Jedox,Freiburg,,,,,EUR,True,,,,,"https://www.glassdoor.de/job-listing/sales-administrator-mwd-jedox-JV_IC2566280_KO0,23_KE24,29.htm?jl=1010117008544"
1009846886708,Berater für Digitale Transformation & KI (m/w/d) – Ideal für Quereinsteiger,mycareernow GmbH,Villingen-Schwenningen,,,,,EUR,True,,,,,"https://www.glassdoor.de/job-listing/berater-für-digitale-transformation-ki-mwd-ideal-für-quereinsteiger-mycareernow-gmbh-JV_IC2508575_KO0,67_KE68,84.htm?jl=1009846886708"
1009883379787,Duales Studium (DHBW) - Fachrichtung Informatik (m/w/d),ZAHORANSKY AG,Todtnau,,,,,EUR,False,,,,,"https://www.glassdoor.de/job-listing/duales-studium-dhbw-fachrichtung-informatik-mwd-zahoransky-JV_IC2689936_KO0,47_KE48,58.htm?jl=1009883379787"
1009963617920,Trainee Business Consulting – Fokus Finance & Controlling (m/w/d),cbs Corporate Business Solutions GmbH,Freiburg,,,,,EUR,True,,,,,"https://www.glassdoor.de/job-listing/trainee-business-consulting-fokus-finance-controlling-mwd-cbs-corporate-business-solutions-JV_IC2566280_KO0,57_KE58,90.htm?jl=1009963617920"
1009944521279,Trainee SAP S/4HANA und Business Consultant – Fokus Finance & Controlling (m/w/d),cbs Corporate Business Solutions GmbH,Freiburg,,,,,EUR,True,,,,,"https://www.glassdoor.de/job-listing/trainee-sap-s-4hana-und-business-consultant-fokus-finance-controlling-mwd-cbs-corporate-business-solutions-JV_IC2566280_KO0,73_KE74,106.htm?jl=1009944521279"
1009912925066,Sicherheits- & Gesundheitsschutzkoordinator - SiGeKo (m/w/d),DEKRA,Freiburg,,,,,EUR,False,,,,,"https://www.glassdoor.de/job-listing/sicherheits-gesundheitsschutzkoordinator-sigeko-mwd-dekra-JV_IC2566280_KO0,51_KE52,57.htm?jl=1009912925066"
1009439566463,Ausbildung / DH-Studium im technischen Bereich (m/w/d),Streit Service & Solution GmbH & Co. KG,Gengenbach,,,,,EUR,True,,,,,"https://www.glassdoor.de/job-listing/ausbildung-dh-studium-im-technischen-bereich-mwd-streit-JV_IC4990662_KO0,48_KE49,55.htm?jl=1009439566463"
1010006791097,Bereichsleitung Software Solutions (m/w/d),Hahn-Schickard-Gesellschaft für angewandte Forschung e.V.,Villingen-Schwenningen,,,,,EUR,True,,,,,"https://www.glassdoor.de/job-listing/bereichsleitung-software-solutions-mwd-hahn-schickard-JV_IC2508575_KO0,38_KE39,53.htm?jl=1010006791097"
1009944513918,Bachelor of Science (w/m/d) – Duales Studium,highQ Computerlösungen GmbH,Freiburg,,,,,EUR,True,,,,,"https://www.glassdoor.de/job-listing/bachelor-of-science-wmd-duales-studium-highq-computerlösungen-JV_IC2566280_KO0,38_KE39,61.htm?jl=1009944513918"
1010108218629,Informatiker (m/w/d) Institut für Krebsepidemiologie e.V. (IKE),UKSH,Deutschland,,,,,EUR,False,,,,,"https://www.glassdoor.de/job-listing/informatiker-mwd-institut-für-krebsepidemiologie-ev-ike-uksh-universitätsklinikum-schleswig-holstein-JV_KO0,55_KE56,100.htm?jl=1010108218629"
1010106524514,Ausbildung: Duales Studium Bachelor of Science Wirtschaftsinformatik - KI & Data Science (m/w/d),Westfalen Weser Energie GmbH & Co. KG,Deutschland,,,,,EUR,False,,,,,"https://www.glassdoor.de/job-listing/ausbildung-duales-studium-bachelor-of-science-wirtschaftsinformatik-ki-data-science-mwd-westfalen-weser-energie-gmbh-co-kg-JV_KO0,87_KE88,122.htm?jl=1010106524514"
1010098858339,Online Trainer / Dozent (m/w/d) Cloud KI & AWS Machine Learning Engineer Zertifizierung,IBB Institut für Berufliche Bildung,Deutschland,,,,,EUR,False,,,,,"https://www.glassdoor.de/job-listing/online-trainer-dozent-mwd-cloud-ki-aws-machine-learning-engineer-zertifizierung-institut-für-berufliche-bildung-JV_KO0,79_KE80,111.htm?jl=1010098858339"
1010104551613,Softwareentwickler (m/w/d),Endress+Hauser Digital Solutions Germany,Freiburg,,,,,EUR,False,,,,,"https://www.glassdoor.de/job-listing/softwareentwickler-mwd-endress-hauser-gruppe-JV_IC2566280_KO0,22_KE23,44.htm?jl=1010104551613"
1010083785898,Thesis: Bildbasierte Objektsegmentierung mit Hilfe von KI-Beschleuniger auf Embedded Kamerasystemen,SICK AG,Waldkirch,,,,,EUR,False,,,,,"https://www.glassdoor.de/job-listing/thesis-bildbasierte-objektsegmentierung-mit-hilfe-von-ki-beschleuniger-auf-embedded-kamerasystemen-sick-JV_IC2511446_KO0,98_KE99,103.htm?jl=1010083785898"
1009798745668,System Engineer SAP Services (f/m/d),Endress+Hauser InfoServe,Freiburg,,,,,EUR,False,,,,,"https://www.glassdoor.de/job-listing/system-engineer-sap-services-fmd-endress-hauser-gruppe-JV_IC2566280_KO0,32_KE33,54.htm?jl=1009798745668"
1009689137778,Schülerpraktikum als Fachinformatiker für Anwendungsentwicklung (w/m/d),Endress+Hauser Level+Pressure Germany,Maulburg,,,,,EUR,False,,,,,"https://www.glassdoor.de/job-listing/schülerpraktikum-als-fachinformatiker-für-anwendungsentwicklung-wmd-endress-hauser-level-pressure-germany-JV_IC2575459_KO0,67_KE68,105.htm?jl=1009689137778"
1010088427162,Machine Learning Engineer (m/w/d),Bizerba,Balingen,,,,,EUR,False,,,,,"https://www.glassdoor.de/job-listing/machine-learning-engineer-mwd-bizerba-JV_IC2558483_KO0,29_KE30,37.htm?jl=1010088427162"
1009898622717,"Senior BI Consultant Analytics, Power BI (100%) (f/m/d)",HighCoordination GmbH,Singen (Hohentwiel),,,,,EUR,False,,,,,"https://www.glassdoor.de/job-listing/senior-bi-consultant-analytics-power-bi-100-fmd-highcoordination-JV_IC4991842_KO0,47_KE48,64.htm?jl=1009898622717"
1010095342363,Abschlussarbeit im Bereich Künstliche Intelligenz und Automatisierung,Rexroth,Horb,,,,,EUR,True,,,,,"https://www.glassdoor.de/job-listing/abschlussarbeit-im-bereich-künstliche-intelligenz-und-automatisierung-bosch-JV_IC2565559_KO0,69_KE70,75.htm?jl=1010095342363"
1010109032396,AI Consultant (m/w/d) – Transformation & Implementation,KLS Martin Group,Mühlheim,,,,,EUR,False,,,,,"https://www.glassdoor.de/job-listing/ai-consultant-mwd-transformation-implementation-kls-martin-group-JV_IC2773046_KO0,47_KE48,64.htm?jl=1010109032396"
1009978319135,IT-Projektleiter im Industrie-Umfeld (m/w/d),Schwarz Digits,Weinsberg,,,,,EUR,False,,,,,"https://www.glassdoor.de/job-listing/it-projektleiter-im-industrie-umfeld-mwd-schwarz-digits-JV_IC2511802_KO0,40_KE41,55.htm?jl=1009978319135"
1009974020003,SAP ABAP Developer - Produktion Fleischwaren (m/w/d),Schwarz Digits,Weinsberg,,,,,EUR,False,,,,,"https://www.glassdoor.de/job-listing/sap-abap-developer-produktion-fleischwaren-mwd-schwarz-digits-JV_IC2511802_KO0,46_KE47,61.htm?jl=1009974020003"
1009930440716,SAP ABAP Developer (m/w/d),Schwarz Digits,Weinsberg,,,,,EUR,False,,,,,"https://www.glassdoor.de/job-listing/sap-abap-developer-mwd-schwarz-digits-JV_IC2511802_KO0,22_KE23,37.htm?jl=1009930440716"
1010124605843,Ingenieur/in (FH) bzw. Bachelor (w/m/d) Architektur oder Bauingenieurwesen,Stadt Nürnberg,Nürnberg,,,,,EUR,False,,,,,"https://www.glassdoor.de/job-listing/ingenieur-in-fh-bzw-bachelor-wmd-architektur-oder-bauingenieurwesen-stadt-nürnberg-JV_IC4990970_KO0,67_KE68,82.htm?jl=1010124605843"
1010112266779,Anlagenführer (m/w/d) Messing-Kaltumformung – befristet bis Juni 2027,Diehl Brass Solutions Stiftung & Co. KG,Röthenbach an der Pegnitz,,,,,EUR,False,,,,,"https://www.glassdoor.de/job-listing/anlagenführer-mwd-messing-kaltumformung-befristet-bis-juni-2027-diehl-brass-solutions-stiftung-co-kg-JV_IC4991782_KO0,63_KE64,100.htm?jl=1010112266779"
1010127922230,Ingenieur/in (FH) bzw. Bachelor (w/m/d) Architektur oder Bauingenieurwesen (Hochbau),Stadt Nürnberg,Nürnberg,,,,,EUR,False,,,,,"https://www.glassdoor.de/job-listing/ingenieur-in-fh-bzw-bachelor-wmd-architektur-oder-bauingenieurwesen-hochbau-stadt-nürnberg-JV_IC4990970_KO0,75_KE76,90.htm?jl=1010127922230"
1010095205918,Mechatroniker für Kältetechnik / Kälteanlagenbauer (m/w/d),Uniklinikum Erlangen,Erlangen,,,,,EUR,False,,,,,"https://www.glassdoor.de/job-listing/mechatroniker-für-kältetechnik-kälteanlagenbauer-mwd-universitätsklinikum-erlangen-JV_IC2830398_KO0,52_KE53,82.htm?jl=1010095205918"
1010122537978,eine Referentin bzw. ein Referent (w/m/d),Bundesamt für Migration und Flüchtlinge (BAMF),Nürnberg,,,,,EUR,False,,,,,"https://www.glassdoor.de/job-listing/eine-referentin-bzw-ein-referent-wmd-bundesamt-für-migration-und-flüchtlinge-JV_IC4990970_KO0,36_KE37,76.htm?jl=1010122537978"
1010123369728,Bilingual Content Writer (English/German) - AI Trainer,DataAnnotation,Nürnberg,,,,,EUR,False,,,,,"https://www.glassdoor.de/job-listing/bilingual-content-writer-english-german-ai-trainer-dataannotation-JV_IC4990970_KO0,50_KE51,65.htm?jl=1010123369728"
1010123397618,Interpreter (English/German) - AI Trainer,DataAnnotation,Nürnberg,,,,,EUR,False,,,,,"https://www.glassdoor.de/job-listing/interpreter-english-german-ai-trainer-dataannotation-JV_IC4990970_KO0,37_KE38,52.htm?jl=1010123397618"
1010123375093,Bilingual Tutor (English/German) - AI Trainer,DataAnnotation,Nürnberg,,,,,EUR,False,,,,,"https://www.glassdoor.de/job-listing/bilingual-tutor-english-german-ai-trainer-dataannotation-JV_IC4990970_KO0,41_KE42,56.htm?jl=1010123375093"
1010123367580,Bilingual Content Writer (English/German) - AI Trainer,DataAnnotation,Fürth,,,,,EUR,False,,,,,"https://www.glassdoor.de/job-listing/bilingual-content-writer-english-german-ai-trainer-dataannotation-JV_IC4990650_KO0,50_KE51,65.htm?jl=1010123367580"
1010106641066,Werkzeugvoreinsteller (m/w/d),Diehl Energy Products GmbH,Röthenbach an der Pegnitz,,,,,EUR,False,,,,,"https://www.glassdoor.de/job-listing/werkzeugvoreinsteller-mwd-diehl-stiftung-gmbh-co-JV_IC4991782_KO0,25_KE26,48.htm?jl=1010106641066"
1010109579524,Vertriebsmitarbeiter/Teamleiter (m/w/d) freiberuflich im Außendienst,MOBIL Sport- und Öffentlichkeitswerbung GmbH,Nürnberg,,,,,EUR,False,,,,,"https://www.glassdoor.de/job-listing/vertriebsmitarbeiter-teamleiter-mwd-freiberuflich-im-außendienst-mobil-sport-und-öffentlichkeitswerbung-gmbh-JV_IC4990970_KO0,64_KE65,108.htm?jl=1010109579524"
1010112266761,Fachteamleiter (m/w/d) Qualitätsmanagement Marinesysteme,Diehl Defence GmbH & Co. KG,Röthenbach an der Pegnitz,,,,,EUR,False,,,,,"https://www.glassdoor.de/job-listing/fachteamleiter-mwd-qualitätsmanagement-marinesysteme-diehl-JV_IC4991782_KO0,52_KE53,58.htm?jl=1010112266761"
1010123380232,Copywriter - AI Trainer,DataAnnotation,Fürth,,,,,EUR,False,,,,,"https://www.glassdoor.de/job-listing/copywriter-ai-trainer-dataannotation-JV_IC4990650_KO0,21_KE22,36.htm?jl=1010123380232"
1010123374099,Bilingual Tutor (English/German) - AI Trainer,DataAnnotation,Fürth,,,,,EUR,False,,,,,"https://www.glassdoor.de/job-listing/bilingual-tutor-english-german-ai-trainer-dataannotation-JV_IC4990650_KO0,41_KE42,56.htm?jl=1010123374099"
1010110848635,Maschinenbediener (m/w/d) Warmumformung Rohr,Diehl Brass Solutions Stiftung & Co. KG,Röthenbach an der Pegnitz,,,,,EUR,False,,,,,"https://www.glassdoor.de/job-listing/maschinenbediener-mwd-warmumformung-rohr-diehl-brass-solutions-stiftung-co-kg-JV_IC4991782_KO0,40_KE41,77.htm?jl=1010110848635"
1010111906988,Projektleiter (m/w/d) System- und Kundenabnahme,Diehl Defence GmbH & Co. KG,Röthenbach an der Pegnitz,,,,,EUR,False,,,,,"https://www.glassdoor.de/job-listing/projektleiter-mwd-system-und-kundenabnahme-diehl-JV_IC4991782_KO0,42_KE43,48.htm?jl=1010111906988"
1010123449776,KFZ Mechatroniker (m/w/d),N-ERGIE Aktiengesellschaft,Nürnberg,,,,,EUR,False,,,,,"https://www.glassdoor.de/job-listing/kfz-mechatroniker-mwd-n-ergie-ag-JV_IC4990970_KO0,21_KE22,32.htm?jl=1010123449776"
1010111906989,Projektplaner (m/w/d) GBAD,Diehl Defence GmbH & Co. KG,Röthenbach an der Pegnitz,,,,,EUR,False,,,,,"https://www.glassdoor.de/job-listing/projektplaner-mwd-gbad-diehl-JV_IC4991782_KO0,22_KE23,28.htm?jl=1010111906989"
1010102884076,Senior Manager (m|w|d) Internationales Steuerrecht,Sonntag & Partner Partnerschaftsgesellschaft mbB,Nürnberg,,,,,EUR,False,,,,,"https://www.glassdoor.de/job-listing/senior-manager-m-w-d-internationales-steuerrecht-sonntag-partner-JV_IC4990970_KO0,48_KE49,64.htm?jl=1010102884076"
1010102884077,Senior Manager (m|w|d) Internationales Steuerrecht,Sonntag & Partner Partnerschaftsgesellschaft mbB,Nürnberg,,,,,EUR,False,,,,,"https://www.glassdoor.de/job-listing/senior-manager-m-w-d-internationales-steuerrecht-sonntag-partner-JV_IC4990970_KO0,48_KE49,64.htm?jl=1010102884077"
1010101781490,"Diplom-Ingenieur/in (FH), Bachelor Elektrotechnik, Mechatronik, Energie-/Gebäudetechnik oder vergleichbar als Planer/in (w/m/d)",Stadt Nürnberg,Nürnberg,,,,,EUR,False,,,,,"https://www.glassdoor.de/job-listing/diplom-ingenieur-in-fh-bachelor-elektrotechnik-mechatronik-energie-gebäudetechnik-oder-vergleichbar-als-planer-in-wmd-stadt-nürnberg-JV_IC4990970_KO0,117_KE118,132.htm?jl=1010101781490"
1010124875571,Physiotherapeut (m/w/d) im Bereich Querschnitt,Sana Vitalis GmbH,Schwarzenbruck,,,,,EUR,False,,,,,"https://www.glassdoor.de/job-listing/physiotherapeut-mwd-im-bereich-querschnitt-sana-kliniken-JV_IC2745458_KO0,42_KE43,56.htm?jl=1010124875571"
1010072547305,Rechtsanwalt (m|w|d) Privates Baurecht als Senior Manager /Director,Sonntag & Partner Partnerschaftsgesellschaft mbB,Nürnberg,,,,,EUR,False,,,,,"https://www.glassdoor.de/job-listing/rechtsanwalt-m-w-d-privates-baurecht-als-senior-manager-director-sonntag-partner-JV_IC4990970_KO0,64_KE65,80.htm?jl=1010072547305"
1009998839175,Filialleiter (m/w/d) im Einzelhandel,Schmitt & Hahn - Buch und Presse,Nürnberg,,,,,EUR,False,,,,,"https://www.glassdoor.de/job-listing/filialleiter-mwd-im-einzelhandel-schmitt-hahn-JV_IC4990970_KO0,32_KE33,45.htm?jl=1009998839175"
1010118027155,CT-Experte m/w/d im Anwender- & Usabilitytest,sepp.med GmbH,Erlangen,,,,,EUR,False,,,,,"https://www.glassdoor.de/job-listing/ct-experte-mwd-im-anwender-usabilitytest-sepp-med-JV_IC2830398_KO0,40_KE41,49.htm?jl=1010118027155"
1010106469902,Abteilungsleitung Medizintechnik (m/w/d),Klinikum Nürnberg,Nürnberg,,,,,EUR,False,,,,,"https://www.glassdoor.de/job-listing/abteilungsleitung-medizintechnik-mwd-klinikum-nürnberg-JV_IC4990970_KO0,36_KE37,54.htm?jl=1010106469902"
1010123392057,English to German Translator - AI Trainer,DataAnnotation,Nürnberg,,,,,EUR,False,,,,,"https://www.glassdoor.de/job-listing/english-to-german-translator-ai-trainer-dataannotation-JV_IC4990970_KO0,39_KE40,54.htm?jl=1010123392057"
1010126518875,Projektmanager / Inbetriebnahmekoordinator (m/w/d),APROVIS Energy Systems GmbH,Weidenbach,,,,,EUR,False,,,,,"https://www.glassdoor.de/job-listing/projektmanager-inbetriebnahmekoordinator-mwd-aprovis-JV_IC2485355_KO0,44_KE45,52.htm?jl=1010126518875"
1010068962546,Stakeholder Relations Manager (m/w/d) für die Branche „Garten- & Landschaftsbau“,NürnbergMesse GmbH,Nürnberg,,,,,EUR,True,,,,,"https://www.glassdoor.de/job-listing/stakeholder-relations-manager-mwd-für-die-branche-garten-landschaftsbau-nürnbergmesse-JV_IC4990970_KO0,71_KE72,85.htm?jl=1010068962546"
1010108963739,"Assistenz der Geschäftsführung (d,m,w)",DBL - Deutsche Berufskleider-Leasing GmbH,Zirndorf,,,,,EUR,False,,,,,"https://www.glassdoor.de/job-listing/assistenz-der-geschäftsführung-dmw-deutsche-leasing-ag-JV_IC2495949_KO0,34_KE35,54.htm?jl=1010108963739"
1010123395425,Interpreter (English/German) - AI Trainer,DataAnnotation,Fürth,,,,,EUR,False,,,,,"https://www.glassdoor.de/job-listing/interpreter-english-german-ai-trainer-dataannotation-JV_IC4990650_KO0,37_KE38,52.htm?jl=1010123395425"
1010123386581,English Teacher - AI Trainer,DataAnnotation,Nürnberg,,,,,EUR,False,,,,,"https://www.glassdoor.de/job-listing/english-teacher-ai-trainer-dataannotation-JV_IC4990970_KO0,26_KE27,41.htm?jl=1010123386581"
1010123385516,English Teacher - AI Trainer,DataAnnotation,Fürth,,,,,EUR,False,,,,,"https://www.glassdoor.de/job-listing/english-teacher-ai-trainer-dataannotation-JV_IC4990650_KO0,26_KE27,41.htm?jl=1010123385516"
1010123389625,English to German Translator - AI Trainer,DataAnnotation,Fürth,,,,,EUR,False,,,,,"https://www.glassdoor.de/job-listing/english-to-german-translator-ai-trainer-dataannotation-JV_IC4990650_KO0,39_KE40,54.htm?jl=1010123389625"
1009804872356,Rechtsanwalt (m|w|d) Steuergestaltung,SONNTAG,Nürnberg,,,,,EUR,False,,,,,"https://www.glassdoor.de/job-listing/rechtsanwalt-m-w-d-steuergestaltung-sonntag-partner-JV_IC4990970_KO0,35_KE36,51.htm?jl=1009804872356"
1009890030767,Kfz-Mechatroniker (m/w/d),Autohaus Thurn ZN d. Autohaus Konrad GmbH,Forchheim,,,,,EUR,True,,,,,"https://www.glassdoor.de/job-listing/kfz-mechatroniker-mwd-autohaus-thurn-zn-d-autohaus-konrad-gmbh-JV_IC2754591_KO0,21_KE22,62.htm?jl=1009890030767"
1010123471738,Facharbeiter / Presswerker (m/w/d) Metallproduktion,Diehl Brass Solutions Stiftung & Co. KG,Röthenbach an der Pegnitz,,,,,EUR,False,,,,,"https://www.glassdoor.de/job-listing/facharbeiter-presswerker-mwd-metallproduktion-diehl-brass-solutions-stiftung-co-kg-JV_IC4991782_KO0,45_KE46,82.htm?jl=1010123471738"
1010116056177,Planungsingenieur Siedlungswasserwirtschaft (m/w/d),Academic Work,Nürnberg,,,,,EUR,False,,,,,"https://www.glassdoor.de/job-listing/planungsingenieur-siedlungswasserwirtschaft-mwd-academic-work-JV_IC4990970_KO0,47_KE48,61.htm?jl=1010116056177"
1010117137756,Mitarbeiter (m/w/d) in der Patientenabrechnung,Klinikum Neumarkt Service GmbH,Neumarkt in der Oberpfalz,,,,,EUR,False,,,,,"https://www.glassdoor.de/job-listing/mitarbeiter-mwd-in-der-patientenabrechnung-kliniken-des-landkreises-neumarkt-JV_IC4991683_KO0,42_KE43,76.htm?jl=1010117137756"
1010126519424,Inbetriebnahme-Manager / Commissioning Manager (m/w/d),APROVIS Energy Systems GmbH,Weidenbach,,,,,EUR,False,,,,,"https://www.glassdoor.de/job-listing/inbetriebnahme-manager-commissioning-manager-mwd-aprovis-JV_IC2485355_KO0,48_KE49,56.htm?jl=1010126519424"
1010075880657,Stakeholder Relations Manager (m/w/d) für die Branche „Embedded-Systeme/ Embedded-Technologien“,NürnbergMesse GmbH,Nürnberg,,,,,EUR,True,,,,,"https://www.glassdoor.de/job-listing/stakeholder-relations-manager-mwd-für-die-branche-embedded-systeme-embedded-technologien-nürnbergmesse-JV_IC4990970_KO0,88_KE89,102.htm?jl=1010075880657"
1010074602328,Datenschutzexperte/ Spezialist für Datenschutz (m/w/d),NürnbergMesse GmbH,Nürnberg,,,,,EUR,True,,,,,"https://www.glassdoor.de/job-listing/datenschutzexperte-spezialist-für-datenschutz-mwd-nürnbergmesse-JV_IC4990970_KO0,49_KE50,63.htm?jl=1010074602328"
1010114171152,Mitarbeiter (m/w/d) für Versicherungsschaden-Management (WEG-Schadensabwicklung),wbg Nürnberg GmbH Immobilienunternehmen,Nürnberg,,,,,EUR,False,,,,,"https://www.glassdoor.de/job-listing/mitarbeiter-mwd-für-versicherungsschaden-management-weg-schadensabwicklung-wbg-nürnberg-JV_IC4990970_KO0,74_KE75,87.htm?jl=1010114171152"
1010126519050,Baustellenkoordiantor / Inbetriebnahmeplanung (m/w/d),APROVIS Energy Systems GmbH,Weidenbach,,,,,EUR,False,,,,,"https://www.glassdoor.de/job-listing/baustellenkoordiantor-inbetriebnahmeplanung-mwd-aprovis-JV_IC2485355_KO0,47_KE48,55.htm?jl=1010126519050"
1010116141345,Metzger / Fleischer (m/w/d) – E center Stengel,Kulinarikwelten E-Center Stengel e.K.,Fürth,,,,,EUR,False,,,,,"https://www.glassdoor.de/job-listing/metzger-fleischer-mwd-e-center-stengel-kulinarikwelten-e-center-stengel-ek-JV_IC4990650_KO0,38_KE39,74.htm?jl=1010116141345"
1010074533625,Augenoptiker (m/w/d),Apollo-Optik Holding GmbH & Co. KG,Fürth,,,,,EUR,False,,,,,"https://www.glassdoor.de/job-listing/augenoptiker-mwd-apollo-optik-JV_IC4990650_KO0,16_KE17,29.htm?jl=1010074533625"
1010082448230,Stakeholder Relations Manager (m/w/d) für die Branche „Sicherheit & Verteidigung“,NürnbergMesse GmbH,Nürnberg,,,,,EUR,True,,,,,"https://www.glassdoor.de/job-listing/stakeholder-relations-manager-mwd-für-die-branche-sicherheit-verteidigung-nürnbergmesse-JV_IC4990970_KO0,73_KE74,87.htm?jl=1010082448230"
1010075840108,Augenoptikermeister (m/w/d) oder Augenoptiker (m/w/d),Apollo-Optik Holding GmbH & Co. KG,Nürnberg,,,,,EUR,False,,,,,"https://www.glassdoor.de/job-listing/augenoptikermeister-mwd-oder-augenoptiker-mwd-apollo-optik-JV_IC4990970_KO0,45_KE46,58.htm?jl=1010075840108"
1010079024033,Augenoptiker (m/w/d),Apollo-Optik Holding GmbH & Co. KG,Stein,,,,,EUR,False,,,,,"https://www.glassdoor.de/job-listing/augenoptiker-mwd-apollo-optik-JV_IC2588915_KO0,16_KE17,29.htm?jl=1010079024033"
1009850064154,Rigger / Höhenarbeiter in der Veranstaltungstechnik m/w/d,SPIE SAG GmbH,Nürnberg,,,,,EUR,True,,,,,"https://www.glassdoor.de/job-listing/rigger-höhenarbeiter-in-der-veranstaltungstechnik-mwd-spie-JV_IC4990970_KO0,53_KE54,58.htm?jl=1009850064154"
1010047384061,KFZ-Prüfingenieur| Kfz-Sachverständiger (m/w/d),HolDeinePlakette,Nürnberg,,,,,EUR,True,,,,,"https://www.glassdoor.de/job-listing/kfz-prüfingenieur-kfz-sachverständiger-mwd-holdeineplakette-JV_IC4990970_KO0,42_KE43,59.htm?jl=1010047384061"
1010101394948,Senior IT Consultant / Projektmanager (w/m/d) - Schwerpunkt Change Management,digatus it group AG,Erlangen,,,,,EUR,False,,,,,"https://www.glassdoor.de/job-listing/senior-it-consultant-projektmanager-wmd-schwerpunkt-change-management-digatus-JV_IC2830398_KO0,69_KE70,77.htm?jl=1010101394948"
1010116141507,Marktleitung (m/w/d) - Kulinarikwelten Stengel,Kulinarikwelten E-Center Stengel e.K.,Fürth,,,,,EUR,False,,,,,"https://www.glassdoor.de/job-listing/marktleitung-mwd-kulinarikwelten-stengel-kulinarikwelten-e-center-stengel-ek-JV_IC4990650_KO0,40_KE41,76.htm?jl=1010116141507"
1009818999596,Augenoptikermeister (d/w/m),Apollo-Optik Holding GmbH & Co. KG,Nürnberg,,,,,EUR,False,,,,,"https://www.glassdoor.de/job-listing/augenoptikermeister-dwm-apollo-optik-JV_IC4990970_KO0,23_KE24,36.htm?jl=1009818999596"
1009975277642,Project Engineering Manager (f/m/d) – HVDC Portfolio,Siemens Energy,Erlangen,,,,,EUR,False,,,,,"https://www.glassdoor.de/job-listing/project-engineering-manager-fmd-hvdc-portfolio-siemens-energy-JV_IC2830398_KO0,46_KE47,61.htm?jl=1009975277642"
1009922398723,Bauleiter Elektrotechnik m/w/d,SPIE SAG GmbH,Nürnberg,,,,,EUR,True,,,,,"https://www.glassdoor.de/job-listing/bauleiter-elektrotechnik-mwd-spie-JV_IC4990970_KO0,28_KE29,33.htm?jl=1009922398723"
1010116967868,Vorarbeiter / Teamleitung (m/w/d) der Gebäudereinigung,Klinikum Neumarkt Service GmbH,Neumarkt in der Oberpfalz,,,,,EUR,False,,,,,"https://www.glassdoor.de/job-listing/vorarbeiter-teamleitung-mwd-der-gebäudereinigung-kliniken-des-landkreises-neumarkt-JV_IC4991683_KO0,48_KE49,82.htm?jl=1010116967868"
1009818999618,Augenoptikermeister (d/w/m),Apollo-Optik Holding GmbH & Co. KG,Schwabach,,,,,EUR,False,,,,,"https://www.glassdoor.de/job-listing/augenoptikermeister-dwm-apollo-optik-JV_IC2594579_KO0,23_KE24,36.htm?jl=1009818999618"
1010040236176,Product Manager (f/m/d) Low-Voltage,Siemens AG,Erlangen,,,,,EUR,False,,,,,"https://www.glassdoor.de/job-listing/product-manager-fmd-low-voltage-siemens-JV_IC2830398_KO0,31_KE32,39.htm?jl=1010040236176"
1010123381459,Copywriter - AI Trainer,DataAnnotation,Nürnberg,,,,,EUR,False,,,,,"https://www.glassdoor.de/job-listing/copywriter-ai-trainer-dataannotation-JV_IC4990970_KO0,21_KE22,36.htm?jl=1010123381459"
1009880100527,Augenoptiker (m/w/d),Apollo-Optik Holding GmbH & Co. KG,Nürnberg,,,,,EUR,False,,,,,"https://www.glassdoor.de/job-listing/augenoptiker-mwd-apollo-optik-JV_IC4990970_KO0,16_KE17,29.htm?jl=1009880100527"
1010095567653,Specialist Key Account Office (all genders),A.W. Faber-Castell Vertrieb GmbH,Stein,,,,,EUR,False,,,,,"https://www.glassdoor.de/job-listing/specialist-key-account-office-all-genders-faber-castell-JV_IC2588915_KO0,41_KE42,55.htm?jl=1010095567653"
1010042971994,Engineer (f/m/d) Switching Operations and SiEmergy,Siemens AG,Nürnberg,,,,,EUR,False,,,,,"https://www.glassdoor.de/job-listing/engineer-fmd-switching-operations-and-siemergy-siemens-JV_IC4990970_KO0,46_KE47,54.htm?jl=1010042971994"
1010117129579,Elektroniker | fester Einsatzort m/w/d,SPIE Efficient Facilities GmbH,Nürnberg,,,,,EUR,True,,,,,"https://www.glassdoor.de/job-listing/elektroniker-fester-einsatzort-mwd-spie-JV_IC4990970_KO0,34_KE35,39.htm?jl=1010117129579"
1009880100506,Augenoptiker (m/w/d),Apollo-Optik Holding GmbH & Co. KG,Erlangen,,,,,EUR,False,,,,,"https://www.glassdoor.de/job-listing/augenoptiker-mwd-apollo-optik-JV_IC2830398_KO0,16_KE17,29.htm?jl=1009880100506"
1009974982059,Project Engineering Manager (f/m/d) - Power Plant Portfolio,Siemens Energy,Erlangen,,,,,EUR,False,,,,,"https://www.glassdoor.de/job-listing/project-engineering-manager-fmd-power-plant-portfolio-siemens-energy-JV_IC2830398_KO0,53_KE54,68.htm?jl=1009974982059"
1009810512712,Elektroplaner / Technischer Systemplaner m/w/d,SPIE SAG GmbH,Nürnberg,,,,,EUR,True,,,,,"https://www.glassdoor.de/job-listing/elektroplaner-technischer-systemplaner-mwd-spie-JV_IC4990970_KO0,42_KE43,47.htm?jl=1009810512712"
1010118241666,Vertriebsmanager (m/w/d) im Unternehmenskundengeschäft,LBBW,Nürnberg,,,,,EUR,True,,,,,"https://www.glassdoor.de/job-listing/vertriebsmanager-mwd-im-unternehmenskundengeschäft-landesbank-baden-württemberg-JV_IC4990970_KO0,50_KE51,79.htm?jl=1010118241666"
1010065360246,KFZ-Prüfingenieur| Kfz-Sachverständiger (m/w/d),HolDeinePlakette,Forchheim,,,,,EUR,True,,,,,"https://www.glassdoor.de/job-listing/kfz-prüfingenieur-kfz-sachverständiger-mwd-holdeineplakette-JV_IC2754591_KO0,42_KE43,59.htm?jl=1010065360246"
1010099482610,Freileitungsmonteur m/w/d,SPIE SAG GmbH,Nürnberg,,,,,EUR,True,,,,,"https://www.glassdoor.de/job-listing/freileitungsmonteur-mwd-spie-JV_IC4990970_KO0,23_KE24,28.htm?jl=1010099482610"
1009946702399,"Fachkräfte aus dem Rettungsdienst, Gesundheitswesen oder der freiwilligen Feuerwehr für die Weiterbildung zum/zur Leitstellendisponenten/-in (w/m/d) bei der Feuerwehr Nürnberg",Stadt Nürnberg,Nürnberg,,,,,EUR,False,,,,,"https://www.glassdoor.de/job-listing/fachkräfte-aus-dem-rettungsdienst-gesundheitswesen-oder-der-freiwilligen-feuerwehr-für-die-weiterbildung-zum-zur-leitstellendisponenten-in-wmd-bei-der-feuerwehr-nürnberg-stadt-nürnberg-JV_IC4990970_KO0,169_KE170,184.htm?jl=1009946702399"
1010075898133,Systemadministrator M365 Copilot & Compliance (m/w/d),N-ERGIE Aktiengesellschaft,Nürnberg,,,,,EUR,False,,,,,"https://www.glassdoor.de/job-listing/systemadministrator-m365-copilot-compliance-mwd-n-ergie-ag-JV_IC4990970_KO0,47_KE48,58.htm?jl=1010075898133"
1010087314108,Lead Engineer (f/m/d) Relay Protection and Control for High Voltage Substations,Siemens Energy,Erlangen,,,,,EUR,False,,,,,"https://www.glassdoor.de/job-listing/lead-engineer-fmd-relay-protection-and-control-for-high-voltage-substations-siemens-energy-JV_IC2830398_KO0,75_KE76,90.htm?jl=1010087314108"
1010129047091,Elektroniker / Mechatroniker (m/w/d) für Montage & Service elektrotechnischer Systeme,SAV GmbH,Nürnberg,,,,,EUR,False,,,,,"https://www.glassdoor.de/job-listing/elektroniker-mechatroniker-mwd-für-montage-service-elektrotechnischer-systeme-sav-JV_IC4990970_KO0,77_KE78,81.htm?jl=1010129047091"
1010019984483,"Ausbildung zur/zum Verwaltungsfachangestellten (w/m/d), Kommunalverwaltung",Stadt Nürnberg,Nürnberg,,,,,EUR,False,,,,,"https://www.glassdoor.de/job-listing/ausbildung-zur-zum-verwaltungsfachangestellten-wmd-kommunalverwaltung-stadt-nürnberg-JV_IC4990970_KO0,69_KE70,84.htm?jl=1010019984483"
1010004631779,Verkäufer (m/w/d) im Außendienst,Wack Group,Nürnberg,,,,,EUR,False,,,,,"https://www.glassdoor.de/job-listing/verkäufer-mwd-im-außendienst-wack-group-JV_IC4990970_KO0,28_KE29,39.htm?jl=1010004631779"
1010063578188,Bauleiter / Projektleiter Straßen- und Tiefbau (m/w/d) | 85.000 – 95.000 €,Riverstate Premium Recruiting,Greding,,,,,EUR,True,,,,,"https://www.glassdoor.de/job-listing/bauleiter-projektleiter-straßen-und-tiefbau-mwd-85-000-95-000-riverstate-international-consulting-JV_IC2828529_KO0,61_KE62,97.htm?jl=1010063578188"
1010098760491,Mediaberater (m/w/d),WIKOMmedia GmbH,Nürnberg,,,,,EUR,True,,,,,"https://www.glassdoor.de/job-listing/mediaberater-mwd-wikommedia-gmbh-JV_IC4990970_KO0,16_KE17,32.htm?jl=1010098760491"
1010104338906,Ergotherapeut (m/w/d) ab August für Medizinisches Zentrum gesucht!,M-A-Z Physio,Bayern,,,,,EUR,True,,,,,"https://www.glassdoor.de/job-listing/ergotherapeut-mwd-ab-august-für-medizinisches-zentrum-gesucht-maz-physio-JV_KO0,61_KE62,72.htm?jl=1010104338906"
1010101616041,Junior Projektleiter Elektrotechnik m/w/d,SPIE SAG GmbH,Nürnberg,,,,,EUR,True,,,,,"https://www.glassdoor.de/job-listing/junior-projektleiter-elektrotechnik-mwd-spie-JV_IC4990970_KO0,39_KE40,44.htm?jl=1010101616041"
1010127693349,Teamleiter (m/w/d) Lager Logistik,CHEFS CULINAR Süd GmbH & Co.KG,Pilsach,,,,,EUR,False,,,,,"https://www.glassdoor.de/job-listing/teamleiter-mwd-lager-logistik-chefs-culinar-JV_IC2501084_KO0,29_KE30,43.htm?jl=1010127693349"
1010063583185,Bautechniker / Meister Tiefbau Straßenbau (m/w/d) | 85.000 – 95.000 €,Riverstate Premium Recruiting,Greding,,,,,EUR,True,,,,,"https://www.glassdoor.de/job-listing/bautechniker-meister-tiefbau-straßenbau-mwd-85-000-95-000-riverstate-international-consulting-JV_IC2828529_KO0,57_KE58,93.htm?jl=1010063583185"
1010094653594,Baugeräteführer Kabelbau m/w/d,SPIE SAG GmbH,Nürnberg,,,,,EUR,True,,,,,"https://www.glassdoor.de/job-listing/baugeräteführer-kabelbau-mwd-spie-JV_IC4990970_KO0,28_KE29,33.htm?jl=1010094653594"
1010063677040,Bautechniker / Meister Betoninstandsetzung für Brücken (m/w/d) | 85.000 – 95.000 €,Riverstate Premium Recruiting,Greding,,,,,EUR,True,,,,,"https://www.glassdoor.de/job-listing/bautechniker-meister-betoninstandsetzung-für-brücken-mwd-85-000-95-000-riverstate-international-consulting-JV_IC2828529_KO0,70_KE71,106.htm?jl=1010063677040"
1010108090179,Fachinformatiker Systemintegration (m/w/d) – Infrastruktur & Backend,Köstner Servicezentrum GmbH & Co. KG,Neustadt an der Aisch,,,,,EUR,True,,,,,"https://www.glassdoor.de/job-listing/fachinformatiker-systemintegration-mwd-infrastruktur-backend-köstner-servicezentrum-gmbh-co-kg-JV_IC4991690_KO0,60_KE61,94.htm?jl=1010108090179"
1009960737083,Augenoptiker (m/w/d),Apollo-Optik Holding GmbH & Co. KG,Roth,,,,,EUR,False,,,,,"https://www.glassdoor.de/job-listing/augenoptiker-mwd-apollo-optik-JV_IC2540284_KO0,16_KE17,29.htm?jl=1009960737083"
1010104307048,Sachbearbeiter:in (m/w/d) Vollzeit 40 Std. Schwerpunkt Auftragsbearbeitung/Rezeptmanagement,CC Care-Consult GmbH,Nürnberg,,,,,EUR,True,,,,,"https://www.glassdoor.de/job-listing/sachbearbeiter-in-mwd-vollzeit-40-std-schwerpunkt-auftragsbearbeitung-rezeptmanagement-cc-care-consult-gmbh-JV_IC4990970_KO0,86_KE87,107.htm?jl=1010104307048"
1010097083497,Vertriebsaußendienst Feuerwehrfachhandel 12-2 (m/w/d),Wolfgang Jahn GmbH,Wendelstein,,,,,EUR,True,,,,,"https://www.glassdoor.de/job-listing/vertriebsaußendienst-feuerwehrfachhandel-12-2mwd-wolfgang-jahn-gmbh-JV_IC2496904_KO0,48_KE49,67.htm?jl=1010097083497"
1009811635649,"Servicetechniker für Türen, Tore und kraftbetätigte Anlagen m/w/d",SPIE SAG GmbH,Nürnberg,,,,,EUR,True,,,,,"https://www.glassdoor.de/job-listing/servicetechniker-für-türen-tore-und-kraftbetätigte-anlagen-mwd-spie-JV_IC4990970_KO0,62_KE63,67.htm?jl=1009811635649"
1010100235815,Key Account Manager (m/w/d),DPG Deutsche Elektro Prüfgesellschaft mbH,Bayern,,,,,EUR,True,,,,,"https://www.glassdoor.de/job-listing/key-account-manager-mwd-dpg-deutsche-elektro-prüfgesellschaft-JV_KO0,23_KE24,61.htm?jl=1010100235815"
1010063674981,Bauingenieur Ingenieurbau Brückenbau (m/w/d) | 85.000 – 95.000 €,Riverstate Premium Recruiting,Greding,,,,,EUR,True,,,,,"https://www.glassdoor.de/job-listing/bauingenieur-ingenieurbau-brückenbau-mwd-85-000-95-000-riverstate-international-consulting-JV_IC2828529_KO0,54_KE55,90.htm?jl=1010063674981"
1009939693760,KFZ-Prüfingenieur:in | Fahrzeugprüfung & Fahrzeugtechnik (m/w/d),HolDeinePlakette,Schwabach,,,,,EUR,True,,,,,"https://www.glassdoor.de/job-listing/kfz-prüfingenieur-in-fahrzeugprüfung-fahrzeugtechnik-mwd-holdeineplakette-JV_IC2594579_KO0,56_KE57,73.htm?jl=1009939693760"
1010090610836,Fachkraft für Lagerlogistik (m/w/d),HEADFOUND GmbH,Sengenthal,,,,,EUR,True,,,,,"https://www.glassdoor.de/job-listing/fachkraft-für-lagerlogistik-mwd-headfound-gmbh-JV_IC2745640_KO0,31_KE32,46.htm?jl=1010090610836"
1010078610859,Quereinstieg mit Weiterbildung in die Payroll / Lohnbuchhaltung (m/w/d),Talentspring Payroll Academy,Nürnberg,,,,,EUR,True,,,,,"https://www.glassdoor.de/job-listing/quereinstieg-mit-weiterbildung-in-die-payroll-lohnbuchhaltung-mwd-talentspring-payroll-academy-JV_IC4990970_KO0,65_KE66,94.htm?jl=1010078610859"
1010115914579,Service Assistent (m/w/d) Nürnberg,DRS Holding AG,Nürnberg,,,,,EUR,True,,,,,"https://www.glassdoor.de/job-listing/service-assistent-mwd-nürnberg-drs-hagelschaden-JV_IC4990970_KO0,30_KE31,47.htm?jl=1010115914579"
1009997547559,Anlagenmechaniker / -techniker (m/w/d) Betriebsmittel & Produktion,FERCHAU GmbH,Nürnberg,,,,,EUR,False,,,,,"https://www.glassdoor.de/job-listing/anlagenmechaniker-techniker-mwd-betriebsmittel-produktion-ferchau-JV_IC4990970_KO0,57_KE58,65.htm?jl=1009997547559"
1010126058379,Speditionskaufmann (m/w/d) Seefracht (Import),TALOGIS Air & Sea GmbH,Nürnberg,,,,,EUR,False,,,,,"https://www.glassdoor.de/job-listing/speditionskaufmann-mwd-seefracht-import-talogis-air-sea-gmbh-JV_IC4990970_KO0,39_KE40,60.htm?jl=1010126058379"
1010128416519,Senior Software Developer - AI Trainer,DataAnnotation,Deutschland,,,,,EUR,True,,,,,"https://www.glassdoor.de/job-listing/senior-software-developer-ai-trainer-dataannotation-JV_KO0,36_KE37,51.htm?jl=1010128416519"
1009923631624,Industriemechaniker (m/w/d),GOLDMANN Personaldienste,Lauf an der Pegnitz,,,,,EUR,True,,,,,"https://www.glassdoor.de/job-listing/industriemechaniker-mwd-goldmann-personaldienste-JV_IC4991595_KO0,23_KE24,48.htm?jl=1009923631624"
1010109092961,Biologielaborant (m/w/d),N-ERGIE Aktiengesellschaft,Nürnberg,,,,,EUR,False,,,,,"https://www.glassdoor.de/job-listing/biologielaborant-mwd-n-ergie-ag-JV_IC4990970_KO0,20_KE21,31.htm?jl=1010109092961"
1010030431837,Warenpräsentation im Außendienst - Verkauf in Teilzeit (w/m/d),beeline Concessions GmbH,Lauf an der Pegnitz,,,,,EUR,True,,,,,"https://www.glassdoor.de/job-listing/warenpräsentation-im-außendienst-verkauf-in-teilzeit-wmd-beeline-group-JV_IC4991595_KO0,56_KE57,70.htm?jl=1010030431837"
1010010954852,Auslieferungsfahrer (m/w/d) Nahverkehr Klasse C,CCG DE GmbH,Nürnberg,,,,,EUR,False,,,,,"https://www.glassdoor.de/job-listing/auslieferungsfahrer-mwd-nahverkehr-klasse-c-cool-chain-group-holding-JV_IC4990970_KO0,43_KE44,68.htm?jl=1010010954852"
1010051390112,Feinwerkmechaniker (m/w/d),GOLDMANN Personaldienste,Nürnberg,,,,,EUR,True,,,,,"https://www.glassdoor.de/job-listing/feinwerkmechaniker-mwd-goldmann-personaldienste-JV_IC4990970_KO0,22_KE23,47.htm?jl=1010051390112"
1009997547610,Softwareentwickler (m/w/d),FERCHAU GmbH,Nürnberg,,,,,EUR,False,,,,,"https://www.glassdoor.de/job-listing/softwareentwickler-mwd-ferchau-JV_IC4990970_KO0,22_KE23,30.htm?jl=1009997547610"
1010116996116,Kundenberater*in/ Verkäufer*in (w/m/d),Europcar,Nürnberg,,,,,EUR,False,,,,,"https://www.glassdoor.de/job-listing/kundenberater-in-verkäufer-in-wmd-europcar-mobility-group-JV_IC4990970_KO0,33_KE34,57.htm?jl=1010116996116"
1010078697241,MFA (m/w/d) in Vollzeit in unserem allgemeinmedizinischen Standort Schwabach - Limbach,ÜBAG Dr. Renard & Kollegen,Schwabach,,,,,EUR,True,,,,,"https://www.glassdoor.de/job-listing/mfa-mwd-in-vollzeit-in-unserem-allgemeinmedizinischen-standort-schwabach-limbach-übag-dr-renard-kollegen-JV_IC2594579_KO0,80_KE81,104.htm?jl=1010078697241"
1010100220243,"Dozent:in (m/w/d) f. Einzelcoaching auf Honorarbasis (berufl. Sprache, DaF, Jobcoaching) in Präsenz",Intelligenzknoten,Nürnberg,,,,,EUR,True,,,,,"https://www.glassdoor.de/job-listing/dozent-in-mwdf-einzelcoaching-auf-honorarbasis-berufl-sprache-daf-jobcoaching-in-präsenz-intelligenzknoten-JV_IC4990970_KO0,88_KE89,106.htm?jl=1010100220243"
1010059276864,BIM-Konstrukteur Verkehrswegebau (m/w/d) | Homeoffice möglich | 50.000 - 65.000 €,Riverstate Premium Recruiting,Nürnberg,,,,,EUR,True,,,,,"https://www.glassdoor.de/job-listing/bim-konstrukteur-verkehrswegebau-mwd-homeoffice-möglich-50-000-65-000-riverstate-international-consulting-JV_IC4990970_KO0,69_KE70,105.htm?jl=1010059276864"
1010073283182,Monteur für Küchen (m/w/d),Schüller Möbelwerk GmbH,Herrieden,,,,,EUR,False,,,,,"https://www.glassdoor.de/job-listing/monteur-für-küchen-mwd-schüller-möbelwerk-JV_IC2536968_KO0,22_KE23,41.htm?jl=1010073283182"
1010004631762,Warenpräsentation im Außendienst - Verkauf in Teilzeit (w/m/d),beeline Concessions GmbH,Erlangen,,,,,EUR,True,,,,,"https://www.glassdoor.de/job-listing/warenpräsentation-im-außendienst-verkauf-in-teilzeit-wmd-beeline-group-JV_IC2830398_KO0,56_KE57,70.htm?jl=1010004631762"
1009997547556,Hardwareentwickler (m/w/d),FERCHAU GmbH,Nürnberg,,,,,EUR,False,,,,,"https://www.glassdoor.de/job-listing/hardwareentwickler-mwd-ferchau-JV_IC4990970_KO0,22_KE23,30.htm?jl=1009997547556"
1009944290123,Fahrkartenkontrolleur (m/w/d) in Nürnberg Quereinstieg möglich,Deutsche Bildungs- und Sicherheitslösungen GmbH,Nürnberg,,,,,EUR,True,,,,,"https://www.glassdoor.de/job-listing/fahrkartenkontrolleur-mwd-in-nürnberg-quereinstieg-möglich-deutsche-bildungs-und-sicherheitslösungen-gmbh-JV_IC4990970_KO0,58_KE59,105.htm?jl=1009944290123"
1010081268092,Mechatroniker/Industriemechaniker (m/w/d),Gubesch GmbH,Wilhelmsdorf,,,,,EUR,False,,,,,"https://www.glassdoor.de/job-listing/mechatroniker-industriemechaniker-mwd-hbw-gubesch-kunststoff-engineering-JV_IC2754059_KO0,37_KE38,72.htm?jl=1010081268092"
1010022994127,Augenoptiker (m/w/d),Apollo-Optik Holding GmbH & Co. KG,Neustadt an der Aisch,,,,,EUR,False,,,,,"https://www.glassdoor.de/job-listing/augenoptiker-mwd-apollo-optik-JV_IC4991690_KO0,16_KE17,29.htm?jl=1010022994127"
1010043844014,Fachagrarwirt*in - Baumpflege (m/w/d),Baumpflege & Forstbetrieb Erlbacher,Schwarzenbruck,,,,,EUR,True,,,,,"https://www.glassdoor.de/job-listing/fachagrarwirt-in-baumpflege-mwd-baumpflege-forstbetrieb-erlbacher-JV_IC2745458_KO0,31_KE32,65.htm?jl=1010043844014"
1010074533601,Verkäufer (d/m/w) im Einzelhandel - Optik,Apollo-Optik Holding GmbH & Co. KG,Neustadt an der Aisch,,,,,EUR,False,,,,,"https://www.glassdoor.de/job-listing/verkäufer-dmw-im-einzelhandel-optik-apollo-optik-JV_IC4991690_KO0,35_KE36,48.htm?jl=1010074533601"
1010095542114,Senior Engineer (f/m/d) Switching Operations and SiEmergy,Siemens AG,Nürnberg,,,,,EUR,False,,,,,"https://www.glassdoor.de/job-listing/senior-engineer-fmd-switching-operations-and-siemergy-siemens-JV_IC4990970_KO0,53_KE54,61.htm?jl=1010095542114"
1010096685777,Plant Layout Lead Engineer (f/m/d) for FACTS Systems,Siemens Energy,Erlangen,,,,,EUR,False,,,,,"https://www.glassdoor.de/job-listing/plant-layout-lead-engineer-fmd-for-facts-systems-siemens-energy-JV_IC2830398_KO0,48_KE49,63.htm?jl=1010096685777"
1009948127768,IT Security Engineer (m/w/d) in Weiden in der Oberpfalz,A.T.U Auto-Teile-Unger GmbH & Co. KG,Bayern,,,,,EUR,True,,,,,"https://www.glassdoor.de/job-listing/it-security-engineer-mwd-in-weiden-in-der-oberpfalz-atu-auto-teile-unger-JV_KO0,51_KE52,72.htm?jl=1009948127768"
1009805019441,Revit-Konstrukteur (m/w/d) Verkehrsprojekte – BIM | 45.000 - 65.000 €,Riverstate Premium Recruiting,Nürnberg,,,,,EUR,True,,,,,"https://www.glassdoor.de/job-listing/revit-konstrukteur-mwd-verkehrsprojekte-bim-45-000-65-000-riverstate-international-consulting-JV_IC4990970_KO0,57_KE58,93.htm?jl=1009805019441"
1010043334081,Verkäufer mit Kassiertätigkeit (m/w/d),REWE,Fürth,,,,,EUR,False,,,,,"https://www.glassdoor.de/job-listing/verkäufer-mit-kassiertätigkeit-mwd-rewe-markt-JV_IC4990650_KO0,34_KE35,45.htm?jl=1010043334081"
1010063674582,Bauleiter / Projektleiter Ingenieurbau (m/w/d) | 85.000 – 95.000 €,Riverstate Premium Recruiting,Nürnberg,,,,,EUR,True,,,,,"https://www.glassdoor.de/job-listing/bauleiter-projektleiter-ingenieurbau-mwd-85-000-95-000-riverstate-international-consulting-JV_IC4990970_KO0,54_KE55,90.htm?jl=1010063674582"
1010055475073,Facharzt Radiologie Südbayern (m/w/d),HiPo Executive Ärztevermittlung,Bayern,,,,,EUR,True,,,,,"https://www.glassdoor.de/job-listing/facharzt-radiologie-südbayern-mwd-hipo-executive-ärztevermittlung-JV_KO0,33_KE34,65.htm?jl=1010055475073"
1009805017599,BIM-Konstrukteur Verkehrswegebau (m/w/d) | Homeoffice möglich | 45.000 - 65.000 €,Riverstate Premium Recruiting,Nürnberg,,,,,EUR,True,,,,,"https://www.glassdoor.de/job-listing/bim-konstrukteur-verkehrswegebau-mwd-homeoffice-möglich-45-000-65-000-riverstate-international-consulting-JV_IC4990970_KO0,69_KE70,105.htm?jl=1009805017599"
1010063579076,Bauleiter / Projektleiter Straßen- und Tiefbau (m/w/d) | 85.000 – 95.000 €,Riverstate Premium Recruiting,Nürnberg,,,,,EUR,True,,,,,"https://www.glassdoor.de/job-listing/bauleiter-projektleiter-straßen-und-tiefbau-mwd-85-000-95-000-riverstate-international-consulting-JV_IC4990970_KO0,61_KE62,97.htm?jl=1010063579076"
1010128073175,Technischer Sachbearbeiter Elektro (m/w/d),Leasotec GmbH,Nürnberg,,,,,EUR,True,,,,,"https://www.glassdoor.de/job-listing/technischer-sachbearbeiter-elektro-mwd-leasotec-JV_IC4990970_KO0,38_KE39,47.htm?jl=1010128073175"
1010102495627,Mitarbeiter QM (m/w/a) - Süßwaren,Bluetec Production GmbH & Co. KG,Neustadt an der Aisch,,,,,EUR,True,,,,,"https://www.glassdoor.de/job-listing/mitarbeiter-qm-mwa-süßwaren-bluetec-production-gmbh-co-kg-JV_IC4991690_KO0,27_KE28,57.htm?jl=1010102495627"
1010106530352,Helfer (m/w/d) - Qualitätssicherung,Unique Personalservice,Fürth,,,,,EUR,True,,,,,"https://www.glassdoor.de/job-listing/helfer-mwd-qualitätssicherung-unique-personalservice-JV_IC4990650_KO0,29_KE30,52.htm?jl=1010106530352"
1010123550280,Teamleiter (m/w/d) Lager Logistik,CHEFS CULINAR Süd GmbH & Co. KG,Pilsach,,,,,EUR,False,,,,,"https://www.glassdoor.de/job-listing/teamleiter-mwd-lager-logistik-chefs-culinar-JV_IC2501084_KO0,29_KE30,43.htm?jl=1010123550280"
1010117161965,(Senior) Consultant (m/w/d) Gewerblich-Technisch,Synergie Personal Deutschland GmbH,Nürnberg,,,,,EUR,True,,,,,"https://www.glassdoor.de/job-listing/senior-consultant-mwd-gewerblich-technisch-runtime-JV_IC4990970_KO0,42_KE43,50.htm?jl=1010117161965"
1009620275480,Elektroniker Energie Gebäudetechnik m/w/x,EURA Personalservice GmbH,Nürnberg,,,,,EUR,True,,,,,"https://www.glassdoor.de/job-listing/elektroniker-energie-gebäudetechnik-mwx-eura-JV_IC4990970_KO0,39_KE40,44.htm?jl=1009620275480"
1010123456906,Mitarbeiter/-in für Dokumentenmanagement (m/w/d) in Nürnberg,IHK FOSA (Foreign Skills Approval),Nürnberg,,,,,EUR,True,,,,,"https://www.glassdoor.de/job-listing/mitarbeiter-in-für-dokumentenmanagement-mwd-in-nürnberg-ihk-fosa-foreign-skills-approval-JV_IC4990970_KO0,55_KE56,88.htm?jl=1010123456906"
1009678706548,Lehrkräfte (w/m/d) für den kommunalen Schuldienst - berufliche Schulen der Stadt Nürnberg,Stadt Nürnberg,Nürnberg,,,,,EUR,False,,,,,"https://www.glassdoor.de/job-listing/lehrkräfte-wmd-für-den-kommunalen-schuldienst-berufliche-schulen-der-stadt-nürnberg-stadt-nürnberg-JV_IC4990970_KO0,83_KE84,98.htm?jl=1009678706548"
1008920130132,Lehrkraft (w/m/d) für den kommunalen Schuldienst - Gymnasien und Realschulen der Stadt Nürnberg,Stadt Nürnberg,Nürnberg,,,,,EUR,False,,,,,"https://www.glassdoor.de/job-listing/lehrkraft-wmd-für-den-kommunalen-schuldienst-gymnasien-und-realschulen-der-stadt-nürnberg-stadt-nürnberg-JV_IC4990970_KO0,89_KE90,104.htm?jl=1008920130132"
1009945087973,MFA (w/m/d) Voll- und Teilzeit (ab 25h/Woche) für unseren Standort Nürnberg-Katzwang,ÜBAG Dr. Renard & Kollegen,Nürnberg,,,,,EUR,True,,,,,"https://www.glassdoor.de/job-listing/mfa-wmd-voll-und-teilzeit-ab-25h-woche-für-unseren-standort-nürnberg-katzwang-übag-dr-renard-kollegen-JV_IC4990970_KO0,77_KE78,101.htm?jl=1009945087973"
1010128073172,Elektroniker (m/w/d) Schaltschrankbau,Leasotec GmbH,Heroldsberg,,,,,EUR,True,,,,,"https://www.glassdoor.de/job-listing/elektroniker-mwd-schaltschrankbau-leasotec-JV_IC2829910_KO0,33_KE34,42.htm?jl=1010128073172"
1010117136541,Sachbearbeiter Luft- und Seefracht Export (m/w/d),Gebrüder Weiss GmbH,Nürnberg,,,,,EUR,True,,,,,"https://www.glassdoor.de/job-listing/sachbearbeiter-luft-und-seefracht-export-mwd-gebrüder-weiss-gmbh-JV_IC4990970_KO0,44_KE45,64.htm?jl=1010117136541"
1009676924721,Fachlagerist (m/w/d),GOLDMANN Personaldienste,Lauf an der Pegnitz,,,,,EUR,True,,,,,"https://www.glassdoor.de/job-listing/fachlagerist-mwd-goldmann-personaldienste-JV_IC4991595_KO0,16_KE17,41.htm?jl=1009676924721"
1010124605742,Projektsteuerer (w/m/d),Robert Half,Nürnberg,,,,,EUR,True,,,,,"https://www.glassdoor.de/job-listing/projektsteuerer-wmd-robert-half-JV_IC4990970_KO0,19_KE20,31.htm?jl=1010124605742"
1009997547615,Spezialist Energietechnik (m/w/d),FERCHAU GmbH,Nürnberg,,,,,EUR,False,,,,,"https://www.glassdoor.de/job-listing/spezialist-energietechnik-mwd-ferchau-JV_IC4990970_KO0,29_KE30,37.htm?jl=1009997547615"
1010109576785,Prüfungsassistent ab Oktober 2026 (all genders),Forvis Mazars,Nürnberg,,,,,EUR,True,,,,,"https://www.glassdoor.de/job-listing/prüfungsassistent-ab-oktober-2026-all-genders-mazars-JV_IC4990970_KO0,45_KE46,52.htm?jl=1010109576785"
1010077523603,Strategische Assistenz der Geschäftsführung (m/w/d),KB Container GmbH,Schlüsselfeld,,,,,EUR,True,,,,,"https://www.glassdoor.de/job-listing/strategische-assistenz-der-geschäftsführung-mwd-kb-container-gmbh-JV_IC2745194_KO0,47_KE48,65.htm?jl=1010077523603"
1010128416470,Full Stack Developer - AI Trainer,DataAnnotation,Deutschland,,,,,EUR,True,,,,,"https://www.glassdoor.de/job-listing/full-stack-developer-ai-trainer-dataannotation-JV_KO0,31_KE32,46.htm?jl=1010128416470"
1010128849383,Auslieferungsfahrer/ Lieferant/Servicefahrer (m/w/d),Morgengold Frühstücksdienste Neustadt a. d. Aisch,Weihenzell,,,,,EUR,True,,,,,"https://www.glassdoor.de/job-listing/auslieferungsfahrer-lieferant-servicefahrer-mwd-morgengold-frühstücksdienste-franchise-JV_IC2845357_KO0,47_KE48,86.htm?jl=1010128849383"
1010123499159,Einsteller (m/w/d),Unique Personalservice,Auerbach in der Oberpfalz,,,,,EUR,True,,,,,"https://www.glassdoor.de/job-listing/einsteller-mwd-unique-personalservice-JV_IC4991289_KO0,14_KE15,37.htm?jl=1010123499159"
1010080229640,Verkäufer (d/m/w) im Einzelhandel - Optik,Apollo-Optik Holding GmbH & Co. KG,Erlangen,,,,,EUR,False,,,,,"https://www.glassdoor.de/job-listing/verkäufer-dmw-im-einzelhandel-optik-apollo-optik-JV_IC2830398_KO0,35_KE36,48.htm?jl=1010080229640"
1010004631780,Warenpräsentation im Außendienst - Verkauf in Teilzeit (w/m/d),beeline Concessions GmbH,Erlangen,,,,,EUR,True,,,,,"https://www.glassdoor.de/job-listing/warenpräsentation-im-außendienst-verkauf-in-teilzeit-wmd-beeline-group-JV_IC2830398_KO0,56_KE57,70.htm?jl=1010004631780"
1010113054073,Bürokraft / Kauffrau für Bürokommunikation / Kaufmännische Angestellte (m/w/d),Alfred Stephan Tief- und Spezialtiefbau GmbH & Co. KG,Berching,,,,,EUR,False,,,,,"https://www.glassdoor.de/job-listing/bürokraft-kauffrau-für-bürokommunikation-kaufmännische-angestellte-mwd-alfred-stephan-tief-und-spezialtiefbau-gmbh-co-kg-JV_IC2459859_KO0,70_KE71,120.htm?jl=1010113054073"
1010063672661,Bauleiter / Projektleiter Ingenieurbau (m/w/d) | 85.000 – 95.000 €,Riverstate Premium Recruiting,Greding,,,,,EUR,True,,,,,"https://www.glassdoor.de/job-listing/bauleiter-projektleiter-ingenieurbau-mwd-85-000-95-000-riverstate-international-consulting-JV_IC2828529_KO0,54_KE55,90.htm?jl=1010063672661"
1010128821695,Manager Verrechnungspreise - Transfer Pricing / Steuern (m/w/d),Kanzlei SONNTAG,Nürnberg,,,,,EUR,True,,,,,"https://www.glassdoor.de/job-listing/manager-verrechnungspreise-transfer-pricing-steuern-mwd-sonntag-partner-JV_IC4990970_KO0,55_KE56,71.htm?jl=1010128821695"
1010002373249,Ausbildung zur Medizinischen Fachangestellten (w/m/d) ÜBAG Dr. Renard & Kollegen,ÜBAG Dr. Renard & Kollegen GbR,Nürnberg,,,,,EUR,True,,,,,"https://www.glassdoor.de/job-listing/ausbildung-zur-medizinischen-fachangestellten-wmd-übag-dr-renard-kollegen-übag-dr-renard-kollegen-gbr-JV_IC4990970_KO0,73_KE74,101.htm?jl=1010002373249"
1010123743582,Staff Engineer Crypto Firmware Developer (f/m/div),Infineon Technologies AG,Bayern,,,,,EUR,False,,,,,"https://www.glassdoor.de/job-listing/staff-engineer-crypto-firmware-developer-fm-div-infineon-technologies-JV_KO0,47_KE48,69.htm?jl=1010123743582"
1010044782619,Industrielackierer (m/w/d),GOLDMANN Personaldienste,Lauf an der Pegnitz,,,,,EUR,True,,,,,"https://www.glassdoor.de/job-listing/industrielackierer-mwd-goldmann-personaldienste-JV_IC4991595_KO0,22_KE23,47.htm?jl=1010044782619"
1009949000966,Gas Turbine Exhaust System Engineer (R&D) (f/m/d),Siemens Energy,Erlangen,,,,,EUR,False,,,,,"https://www.glassdoor.de/job-listing/gas-turbine-exhaust-system-engineer-rdfmd-siemens-energy-JV_IC2830398_KO0,41_KE42,56.htm?jl=1009949000966"
1010072707540,Techniker Gebäudemanagement - TGA / Sanierung (m/w/d),Siedlungswerk Nürnberg GmbH,Nürnberg,,,,,EUR,True,,,,,"https://www.glassdoor.de/job-listing/techniker-gebäudemanagement-tga-sanierung-mwd-siedlungswerk-nürnberg-gmbh-JV_IC4990970_KO0,45_KE46,73.htm?jl=1010072707540"
1010051463778,CNC-Fräser (m/w/d),GOLDMANN Personaldienste,Nürnberg,,,,,EUR,True,,,,,"https://www.glassdoor.de/job-listing/cnc-fräser-mwd-goldmann-personaldienste-JV_IC4990970_KO0,14_KE15,39.htm?jl=1010051463778"
1010126321442,Junior Full Stack .NET Entwickler:in (m/w/d),dacore Datenbanksysteme AG,Heroldsberg,,,,,EUR,False,,,,,"https://www.glassdoor.de/job-listing/junior-full-stack-net-entwickler-in-mwd-dacore-datenbanksysteme-ag-JV_IC2829910_KO0,39_KE40,66.htm?jl=1010126321442"
1010128073170,Elektroniker (m/w/d) Energie- und Gebäudetechnik,Leasotec GmbH,Nürnberg,,,,,EUR,True,,,,,"https://www.glassdoor.de/job-listing/elektroniker-mwd-energie-und-gebäudetechnik-leasotec-JV_IC4990970_KO0,43_KE44,52.htm?jl=1010128073170"
1010052454532,Maschinen- und Anlagenführer (m/w/d),GOLDMANN Personaldienste,Nürnberg,,,,,EUR,True,,,,,"https://www.glassdoor.de/job-listing/maschinen-und-anlagenführer-mwd-goldmann-personaldienste-JV_IC4990970_KO0,31_KE32,56.htm?jl=1010052454532"
1009997547659,Entwicklungsingenieur Elektrotechnik (m/w/d),FERCHAU GmbH,Nürnberg,,,,,EUR,False,,,,,"https://www.glassdoor.de/job-listing/entwicklungsingenieur-elektrotechnik-mwd-ferchau-JV_IC4990970_KO0,40_KE41,48.htm?jl=1009997547659"
1010059277571,Revit-Konstrukteur (m/w/d) Verkehrsprojekte – BIM | 50.000 - 65.000 €,Riverstate Premium Recruiting,Nürnberg,,,,,EUR,True,,,,,"https://www.glassdoor.de/job-listing/revit-konstrukteur-mwd-verkehrsprojekte-bim-50-000-65-000-riverstate-international-consulting-JV_IC4990970_KO0,57_KE58,93.htm?jl=1010059277571"
1010128416518,DevOps Engineer - AI Trainer,DataAnnotation,Deutschland,,,,,EUR,True,,,,,"https://www.glassdoor.de/job-listing/devops-engineer-ai-trainer-dataannotation-JV_KO0,26_KE27,41.htm?jl=1010128416518"
1010049470446,Sozialpädagoge (m/w/d),Promedis24 GmbH,Fürth,,,,,EUR,True,,,,,"https://www.glassdoor.de/job-listing/sozialpädagoge-mwd-promedis24-JV_IC4990650_KO0,18_KE19,29.htm?jl=1010049470446"
1009936052229,Vertriebsmitarbeiter (m/w/d) Innendienst,Emons,Nürnberg,,,,,EUR,True,,,,,"https://www.glassdoor.de/job-listing/vertriebsmitarbeiter-mwd-innendienst-emons-spedition-logistik-JV_IC4990970_KO0,36_KE37,61.htm?jl=1009936052229"
1010063677616,Bautechniker / Meister Betoninstandsetzung für Brücken (m/w/d) | 85.000 – 95.000 €,Riverstate Premium Recruiting,Nürnberg,,,,,EUR,True,,,,,"https://www.glassdoor.de/job-listing/bautechniker-meister-betoninstandsetzung-für-brücken-mwd-85-000-95-000-riverstate-international-consulting-JV_IC4990970_KO0,70_KE71,106.htm?jl=1010063677616"
1010086642424,Montagemitarbeiter (m/w/d),procedo by gps GmbH,Lauf an der Pegnitz,,,,,EUR,True,,,,,"https://www.glassdoor.de/job-listing/montagemitarbeiter-mwd-procedo-by-gps-gmbh-JV_IC4991595_KO0,22_KE23,42.htm?jl=1010086642424"
1009960737058,Augenoptiker (m/w/d),Apollo-Optik Holding GmbH & Co. KG,Weißenburg in Bayern,,,,,EUR,False,,,,,"https://www.glassdoor.de/job-listing/augenoptiker-mwd-apollo-optik-JV_IC4991926_KO0,16_KE17,29.htm?jl=1009960737058"
1010010954442,Auslieferungsfahrer (m/w/d) Nahverkehr Klasse C,CCG DE GmbH,Nürnberg,,,,,EUR,False,,,,,"https://www.glassdoor.de/job-listing/auslieferungsfahrer-mwd-nahverkehr-klasse-c-cool-chain-group-holding-JV_IC4990970_KO0,43_KE44,68.htm?jl=1010010954442"
1009902725710,Area Manager (m/w/d),60 seconds to napoli Holding GmbH,Nürnberg,,,,,EUR,True,,,,,"https://www.glassdoor.de/job-listing/area-manager-mwd-60-seconds-to-napoli-JV_IC4990970_KO0,16_KE17,37.htm?jl=1009902725710"
1010119603980,WEG Verwalter Immobilienverwalter (m/w/d) Nürnberg keine Abendtermine bis 60.000 €,job-angel Personalmanagement GmbH,Nürnberg,,,,,EUR,True,,,,,"https://www.glassdoor.de/job-listing/weg-verwalter-immobilienverwalter-mwd-nürnberg-keine-abendtermine-bis-60-000-job-angel-personalmanagement-JV_IC4990970_KO0,76_KE77,105.htm?jl=1010119603980"
1010126004825,Customer Service Mitarbeiter (m/w/d),GFP Gesellschaft für Personalleasing mbH,Erlangen,,,,,EUR,True,,,,,"https://www.glassdoor.de/job-listing/customer-service-mitarbeiter-mwd-gfp-gesellschaft-für-personalleasing-mbh-JV_IC2830398_KO0,32_KE33,73.htm?jl=1010126004825"
1010128849384,Auslieferungsfahrer/ Lieferant/Servicefahrer (m/w/d),Morgengold Frühstücksdienste Neustadt a. d. Aisch,Dietenhofen,,,,,EUR,True,,,,,"https://www.glassdoor.de/job-listing/auslieferungsfahrer-lieferant-servicefahrer-mwd-morgengold-frühstücksdienste-franchise-JV_IC2459882_KO0,47_KE48,86.htm?jl=1010128849384"
1010126903272,Software-Tester (m/w/d),Schmitt Engineering,Erlangen,,,,,EUR,True,,,,,"https://www.glassdoor.de/job-listing/software-tester-mwd-schmitt-engineering-JV_IC2830398_KO0,19_KE20,39.htm?jl=1010126903272"
1010004631773,Warenpräsentation im Außendienst - Verkauf in Teilzeit (w/m/d),beeline Concessions GmbH,Erlangen,,,,,EUR,True,,,,,"https://www.glassdoor.de/job-listing/warenpräsentation-im-außendienst-verkauf-in-teilzeit-wmd-beeline-group-JV_IC2830398_KO0,56_KE57,70.htm?jl=1010004631773"
1010128387257,Speditionskaufmann (m/w/d) Transportvorbereitung,Schmitt Engineering,Erlangen,,,,,EUR,True,,,,,"https://www.glassdoor.de/job-listing/speditionskaufmann-mwd-transportvorbereitung-schmitt-engineering-JV_IC2830398_KO0,44_KE45,64.htm?jl=1010128387257"
1010097516633,Senior Data Engineer (f/m/d),CeramTec GmbH,Lauf an der Pegnitz,,,,,EUR,True,,,,,"https://www.glassdoor.de/job-listing/senior-data-engineer-fmd-ceramtec-JV_IC4991595_KO0,24_KE25,33.htm?jl=1010097516633"
1010063585061,Bautechniker / Meister Tiefbau Straßenbau (m/w/d) | 85.000 – 95.000 €,Riverstate Premium Recruiting,Nürnberg,,,,,EUR,True,,,,,"https://www.glassdoor.de/job-listing/bautechniker-meister-tiefbau-straßenbau-mwd-85-000-95-000-riverstate-international-consulting-JV_IC4990970_KO0,57_KE58,93.htm?jl=1010063585061"
1010106530484,Produktionshelfer Qualitätssicherung (m/w/d),Unique Personalservice,Fürth,,,,,EUR,True,,,,,"https://www.glassdoor.de/job-listing/produktionshelfer-qualitätssicherung-mwd-unique-personalservice-JV_IC4990650_KO0,40_KE41,63.htm?jl=1010106530484"
1010063580194,Bauingenieur Infrastrukturbau (m/w/d) | 85.000 – 95.000 €,Riverstate Premium Recruiting,Greding,,,,,EUR,True,,,,,"https://www.glassdoor.de/job-listing/bauingenieur-infrastrukturbau-mwd-85-000-95-000-riverstate-international-consulting-JV_IC2828529_KO0,47_KE48,83.htm?jl=1010063580194"
1010052463550,Kfz-Mechatroniker (m/w/d),GOLDMANN Personaldienste,Lauf an der Pegnitz,,,,,EUR,True,,,,,"https://www.glassdoor.de/job-listing/kfz-mechatroniker-mwd-goldmann-personaldienste-JV_IC4991595_KO0,21_KE22,46.htm?jl=1010052463550"
1010106348028,Bäcker (m/w/d) - Metzger (m/w/d) - Koch (m/w/d),Unique Personalservice,Nürnberg,,,,,EUR,True,,,,,"https://www.glassdoor.de/job-listing/bäcker-mwd-metzger-mwd-koch-mwd-unique-personalservice-JV_IC4990970_KO0,31_KE32,54.htm?jl=1010106348028"
1010100116344,Sales Manager (m/w/d),SEATS AND SOFAS,Fürth,,,,,EUR,True,,,,,"https://www.glassdoor.de/job-listing/sales-manager-mwd-seats-and-sofas-JV_IC4990650_KO0,17_KE18,33.htm?jl=1010100116344"
1010125003121,Elektrischer und mechanischer Kalibriertechniker (m/w/d),Schmitt Engineering,Nürnberg,,,,,EUR,True,,,,,"https://www.glassdoor.de/job-listing/elektrischer-und-mechanischer-kalibriertechniker-mwd-schmitt-engineering-JV_IC4990970_KO0,52_KE53,72.htm?jl=1010125003121"
1010103060986,Bereichsleiter Controlling (m/ w/ d) Metallbranche (m/w/d),I. K. Hofmann GmbH,Nürnberg,,,,,EUR,True,,,,,"https://www.glassdoor.de/job-listing/bereichsleiter-controlling-mwd-metallbranche-mwd-ik-hofmann-JV_IC4990970_KO0,48_KE49,59.htm?jl=1010103060986"
1009969884129,Verkäufer Obst & Gemüse (m/w/d),REWE,Merkendorf,,,,,EUR,False,,,,,"https://www.glassdoor.de/job-listing/verkäufer-obst-gemüse-mwd-rewe-markt-JV_IC2737872_KO0,25_KE26,36.htm?jl=1009969884129"
1010094048297,Tourenplaner / Disponent (m/w/d) in der Tourenplanung,CHEFS CULINAR Süd GmbH & Co. KG,Pilsach,,,,,EUR,False,,,,,"https://www.glassdoor.de/job-listing/tourenplaner-disponent-mwd-in-der-tourenplanung-chefs-culinar-JV_IC2501084_KO0,47_KE48,61.htm?jl=1010094048297"
1009938607952,OTA (m/w/d),akut... Medizinische Personallogistik GmbH,Nürnberg,,,,,EUR,True,,,,,"https://www.glassdoor.de/job-listing/ota-mwd-akut-medizinische-personallogistik-JV_IC4990970_KO0,7_KE8,42.htm?jl=1009938607952"
1010128387255,HVDC Projektingenieur (m/w/d) IT-Netzwerkkommunikation,Schmitt Engineering,Erlangen,,,,,EUR,True,,,,,"https://www.glassdoor.de/job-listing/hvdc-projektingenieur-mwd-it-netzwerkkommunikation-schmitt-engineering-JV_IC2830398_KO0,50_KE51,70.htm?jl=1010128387255"
1010063582437,Bauingenieur Infrastrukturbau (m/w/d) | 85.000 – 95.000 €,Riverstate Premium Recruiting,Nürnberg,,,,,EUR,True,,,,,"https://www.glassdoor.de/job-listing/bauingenieur-infrastrukturbau-mwd-85-000-95-000-riverstate-international-consulting-JV_IC4990970_KO0,47_KE48,83.htm?jl=1010063582437"
1010117161960,(Senior) Consultant (m/w/d),Synergie Personal Deutschland GmbH,Nürnberg,,,,,EUR,True,,,,,"https://www.glassdoor.de/job-listing/senior-consultant-mwd-runtime-JV_IC4990970_KO0,21_KE22,29.htm?jl=1010117161960"
1010113969174,MFA (w/m/d) in Voll-Teilzeit (ab 25h/Woche) im Bereich Neurologie in der Nürnberger Innenstadt,ÜBAG Dr. Renard & Kollegen GbR,Nürnberg,,,,,EUR,True,,,,,"https://www.glassdoor.de/job-listing/mfa-wmd-in-voll-teilzeit-ab-25h-woche-im-bereich-neurologie-in-der-nürnberger-innenstadt-übag-dr-renard-kollegen-gbr-JV_IC4990970_KO0,88_KE89,116.htm?jl=1010113969174"
1010104670597,Reinigungskraft Teilzeit (Mensch),Sodexo Services GmbH,Nürnberg,,,,,EUR,True,,,,,"https://www.glassdoor.de/job-listing/reinigungskraft-teilzeit-mensch-sodexo-JV_IC4990970_KO0,31_KE32,38.htm?jl=1010104670597"
1010128034361,Fachkraft Qualitätsmanagement (m/w/d) Direkteinstellung,redworkgroup GmbH - Nürnberg,Nürnberg,,,,,EUR,True,,,,,"https://www.glassdoor.de/job-listing/fachkraft-qualitätsmanagement-mwd-direkteinstellung-redworkgroup-gmbh-nürnberg-JV_IC4990970_KO0,51_KE52,78.htm?jl=1010128034361"
1009871971154,Medizinische Fachangestellte / MFA (m/w/d),Diakoniewerk Martha-Maria e. V.,Nürnberg,,,,,EUR,True,,,,,"https://www.glassdoor.de/job-listing/medizinische-fachangestellte-mfa-mwd-diakoniewerk-martha-maria-JV_IC4990970_KO0,36_KE37,62.htm?jl=1009871971154"
1010117136542,Sachbearbeiter Luft- und Seefracht Import (m/w/d),Gebrüder Weiss GmbH,Nürnberg,,,,,EUR,True,,,,,"https://www.glassdoor.de/job-listing/sachbearbeiter-luft-und-seefracht-import-mwd-gebrüder-weiss-gmbh-JV_IC4990970_KO0,44_KE45,64.htm?jl=1010117136542"
1010113315488,NGO Dialoger / Fundraiser (m/w/d) – Menschenrechte – deutschlandweit,TARGET e. V.,Erlangen,,,,,EUR,True,,,,,"https://www.glassdoor.de/job-listing/ngo-dialoger-fundraiser-mwd-menschenrechte-deutschlandweit-target-ev-JV_IC2830398_KO0,58_KE59,68.htm?jl=1010113315488"
1010029625471,Lagerarbeiter (m/w/d) bis 17 EUR dringend,redworkgroup GmbH - Nürnberg,Lauf an der Pegnitz,,,,,EUR,True,,,,,"https://www.glassdoor.de/job-listing/lagerarbeiter-mwd-bis-17-eur-dringend-redworkgroup-gmbh-nürnberg-JV_IC4991595_KO0,37_KE38,64.htm?jl=1010029625471"
1010096888051,Research Associate – Deep Learning for Speech and Audio Coding (all genders),Fraunhofer-Institut für Integrierte Schaltungen IIS,Erlangen,,,,,EUR,False,,,,,"https://www.glassdoor.de/job-listing/research-associate-deep-learning-for-speech-and-audio-coding-all-genders-fraunhofer-gesellschaft-JV_IC2830398_KO0,72_KE73,96.htm?jl=1010096888051"
1010118438866,Research Assistant (all genders) - Software Engineer for Speech and Audio AI Deployment,Fraunhofer-Institut für Integrierte Schaltungen IIS,Erlangen,,,,,EUR,False,,,,,"https://www.glassdoor.de/job-listing/research-assistant-all-genders-software-engineer-for-speech-and-audio-ai-deployment-fraunhofer-gesellschaft-JV_IC2830398_KO0,83_KE84,107.htm?jl=1010118438866"
1010127911991,Working Student – Deep Learning for Spatial Audio (all genders),Fraunhofer-Institut für Integrierte Schaltungen IIS,Erlangen,,,,,EUR,False,,,,,"https://www.glassdoor.de/job-listing/working-student-deep-learning-for-spatial-audio-all-genders-fraunhofer-gesellschaft-JV_IC2830398_KO0,59_KE60,83.htm?jl=1010127911991"
1010101521094,Promotion an der UTN im Bereich Verkörperte Räumlich-zeitliche Künstliche Intelligenz (m/w/d) (CSAI-MI-26-01),Technische Universität Nürnberg,Nürnberg,,,,,EUR,False,,,,,"https://www.glassdoor.de/job-listing/promotion-an-der-utn-im-bereich-verkörperte-räumlich-zeitliche-künstliche-intelligenz-mwd-csai-mi-26-01-technische-universität-nürnberg-JV_IC4990970_KO0,103_KE104,135.htm?jl=1010101521094"
1010126722128,Manager Business Intelligence Wholesale & Operations,PUMA,Herzogenaurach,,,,,EUR,False,,,,,"https://www.glassdoor.de/job-listing/manager-business-intelligence-wholesale-operations-puma-JV_IC2831060_KO0,50_KE51,55.htm?jl=1010126722128"
1010101769948,Research Associate – Test Architect for Audio Codec Certification (all genders),Fraunhofer-Institut für Integrierte Schaltungen IIS,Erlangen,,,,,EUR,False,,,,,"https://www.glassdoor.de/job-listing/research-associate-test-architect-for-audio-codec-certification-all-genders-fraunhofer-gesellschaft-JV_IC2830398_KO0,75_KE76,99.htm?jl=1010101769948"
1010123647628,Project Manager Business Supporting Solutions,PUMA,Herzogenaurach,,,,,EUR,False,,,,,"https://www.glassdoor.de/job-listing/project-manager-business-supporting-solutions-puma-JV_IC2831060_KO0,45_KE46,50.htm?jl=1010123647628"
1010098821717,Internship / Working Student (m/f/x) – Frontend Development (Angular / React),ITONICS GmbH,Nürnberg,,,,,EUR,False,,,,,"https://www.glassdoor.de/job-listing/internship-working-student-mfx-frontend-development-angular-react-itonics-JV_IC4990970_KO0,65_KE66,73.htm?jl=1010098821717"
1010126721958,Project Manager Business Intelligence Wholesale & Operations,PUMA,Herzogenaurach,,,,,EUR,False,,,,,"https://www.glassdoor.de/job-listing/project-manager-business-intelligence-wholesale-operations-puma-JV_IC2831060_KO0,58_KE59,63.htm?jl=1010126721958"
1010067417064,Research Associate - Engineer General Purpose Video Coding (all genders),Fraunhofer-Institut für Integrierte Schaltungen IIS,Erlangen,,,,,EUR,False,,,,,"https://www.glassdoor.de/job-listing/research-associate-engineer-general-purpose-video-coding-all-genders-fraunhofer-gesellschaft-JV_IC2830398_KO0,68_KE69,92.htm?jl=1010067417064"
1010112733320,Senior Product Owner – Checkout,PUMA,Herzogenaurach,,,,,EUR,False,,,,,"https://www.glassdoor.de/job-listing/senior-product-owner-checkout-puma-JV_IC2831060_KO0,29_KE30,34.htm?jl=1010112733320"
1010124530712,Senior Project Manager Business Intelligence EBP *limited 12 months*,PUMA,Herzogenaurach,,,,,EUR,False,,,,,"https://www.glassdoor.de/job-listing/senior-project-manager-business-intelligence-ebp-limited-12-months-puma-JV_IC2831060_KO0,66_KE67,71.htm?jl=1010124530712"
1010067417179,Research Associate - Senior Architect General Purpose Video Coding (all genders),Fraunhofer-Institut für Integrierte Schaltungen IIS,Erlangen,,,,,EUR,False,,,,,"https://www.glassdoor.de/job-listing/research-associate-senior-architect-general-purpose-video-coding-all-genders-fraunhofer-gesellschaft-JV_IC2830398_KO0,76_KE77,100.htm?jl=1010067417179"
1010030641097,Working Student / Master Thesis / Intern (all genders) - Quantum Compilation,Fraunhofer-Institut für Integrierte Schaltungen IIS,Nürnberg,,,,,EUR,False,,,,,"https://www.glassdoor.de/job-listing/working-student-master-thesis-intern-all-genders-quantum-compilation-fraunhofer-gesellschaft-JV_IC4990970_KO0,68_KE69,92.htm?jl=1010030641097"
1010062626366,Praktikant / Werkstudent Künstliche Intelligenz zur Anomalieerkennung (m/w/d),iba AG,Fürth,,,,,EUR,False,,,,,"https://www.glassdoor.de/job-listing/praktikant-werkstudent-künstliche-intelligenz-zur-anomalieerkennung-mwd-iba-germany-JV_IC4990650_KO0,71_KE72,83.htm?jl=1010062626366"
1010112733607,Customer Data Platform (CDP) Product Owner,PUMA,Herzogenaurach,,,,,EUR,False,,,,,"https://www.glassdoor.de/job-listing/customer-data-platform-cdp-product-owner-puma-JV_IC2831060_KO0,40_KE41,45.htm?jl=1010112733607"
1010112733417,Senior Product Owner – Personalization,PUMA,Herzogenaurach,,,,,EUR,False,,,,,"https://www.glassdoor.de/job-listing/senior-product-owner-personalization-puma-JV_IC2831060_KO0,36_KE37,41.htm?jl=1010112733417"
1010112732892,IT Cloud Architect,PUMA,Herzogenaurach,,,,,EUR,False,,,,,"https://www.glassdoor.de/job-listing/it-cloud-architect-puma-JV_IC2831060_KO0,18_KE19,23.htm?jl=1010112732892"
1010072645193,Software Engineer,Walaris,Nürnberg,,,,,EUR,True,,,,,"https://www.glassdoor.de/job-listing/software-engineer-walaris-JV_IC4990970_KO0,17_KE18,25.htm?jl=1010072645193"
1010112225708,Frontend Software Engineer,Walaris,Nürnberg,,,,,EUR,True,,,,,"https://www.glassdoor.de/job-listing/frontend-software-engineer-walaris-JV_IC4990970_KO0,26_KE27,34.htm?jl=1010112225708"
1007188187958,"Senior Consultant - Cyber Security Technology, Transformation & Defense (w/m/d)",KPMG,Nürnberg,,,,,EUR,False,,,,,"https://www.glassdoor.de/job-listing/senior-consultant-cyber-security-technology-transformation-defense-wmd-kpmg-JV_IC4990970_KO0,70_KE71,75.htm?jl=1007188187958"
1010000864576,Senior Consultant IT Audit & IT Assurance (m/w/d),Deloitte GmbH,Nürnberg,,,,,EUR,False,,,,,"https://www.glassdoor.de/job-listing/senior-consultant-it-audit-it-assurance-mwd-deloitte-JV_IC4990970_KO0,43_KE44,52.htm?jl=1010000864576"
1010124854870,(Senior) Product Expert / Statistical Consultant,NielsenIQ,Nürnberg,,,,,EUR,True,,,,,"https://www.glassdoor.de/job-listing/senior-product-expert-statistical-consultant-nielseniq-JV_IC4990970_KO0,44_KE45,54.htm?jl=1010124854870"
1010122597805,(Senior) Product Expert / Statistical Consultant,NielsenIQ,Nürnberg,,,,,EUR,True,,,,,"https://www.glassdoor.de/job-listing/senior-product-expert-statistical-consultant-nielseniq-JV_IC4990970_KO0,44_KE45,54.htm?jl=1010122597805"
1010091149512,Innovation Lead – KI & Automatisierung im Kundenservice (m/w/d),Rhenus Office Systems GmbH,Bamberg,,,,,EUR,False,,,,,"https://www.glassdoor.de/job-listing/innovation-lead-ki-automatisierung-im-kundenservice-mwd-rhenus-group-JV_IC2747864_KO0,55_KE56,68.htm?jl=1010091149512"
1010118155549,MTRA m/w/d im Softwaretest und Systemtest,sepp.med GmbH,Erlangen,,,,,EUR,False,,,,,"https://www.glassdoor.de/job-listing/mtra-mwd-im-softwaretest-und-systemtest-sepp-med-JV_IC2830398_KO0,39_KE40,48.htm?jl=1010118155549"
1010118025370,AI Consultant m/w/d Software-Engineering & Beratung,sepp.med GmbH,Nürnberg,,,,,EUR,False,,,,,"https://www.glassdoor.de/job-listing/ai-consultant-mwd-software-engineering-beratung-sepp-med-JV_IC4990970_KO0,47_KE48,56.htm?jl=1010118025370"
1010052894826,Lieferantenmanager (m/w/d) Supplier Systems,Scherer Ingenieure,Erlangen,,,,,EUR,False,,,,,"https://www.glassdoor.de/job-listing/lieferantenmanager-mwd-supplier-systems-scherer-ingenieure-JV_IC2830398_KO0,39_KE40,58.htm?jl=1010052894826"
1010110660208,Process Mining & Automation Manager (m/w/d),UVEX,Fürth,,,,,EUR,False,,,,,"https://www.glassdoor.de/job-listing/process-mining-automation-manager-mwd-uvex-JV_IC4990650_KO0,37_KE38,42.htm?jl=1010110660208"
1010118063721,Senior Softwareentwickler C# m/w/d,sepp.med GmbH,Forchheim,,,,,EUR,False,,,,,"https://www.glassdoor.de/job-listing/senior-softwareentwickler-c-mwd-sepp-med-JV_IC2754591_KO0,31_KE32,40.htm?jl=1010118063721"
1010014842991,AI SOLUTIONS ENGINEER / AI FULL‑STACK DEVELOPER (M/W/D),xeomed GmbH,Nürnberg,,,,,EUR,False,,,,,"https://www.glassdoor.de/job-listing/ai-solutions-engineer-ai-full-stack-developer-mwd-xeomed-JV_IC4990970_KO0,49_KE50,56.htm?jl=1010014842991"
1010107968458,Entwicklungsingenieur (w/m/d) Modulation of Modular Multilevel Converter,Siemens Energy,Erlangen,,,,,EUR,False,,,,,"https://www.glassdoor.de/job-listing/entwicklungsingenieur-wmd-modulation-of-modular-multilevel-converter-siemens-energy-JV_IC2830398_KO0,68_KE69,83.htm?jl=1010107968458"
1010127744788,Quereinsteiger (m/w/d) GenAI Engineering,MSIT GmbH,Fürth,,,,,EUR,True,,,,,"https://www.glassdoor.de/job-listing/quereinsteiger-mwd-genai-engineering-msit-JV_IC4990650_KO0,36_KE37,41.htm?jl=1010127744788"
1010072938797,Duales Studium (m/w/d),A.I. Fitness GmbH,Erlangen,,,,,EUR,True,,,,,"https://www.glassdoor.de/job-listing/duales-studium-mwd-ai-management-JV_IC2830398_KO0,18_KE19,32.htm?jl=1010072938797"
1010118077485,Software-/Algorithmenentwickler C++ m/w/d,sepp.med GmbH,Forchheim,,,,,EUR,True,,,,,"https://www.glassdoor.de/job-listing/software-algorithmenentwickler-cmwd-sepp-med-JV_IC2754591_KO0,35_KE36,44.htm?jl=1010118077485"
1010098989768,(Senior) AI Enablement Manager (m/w/d),IU Internationale Hochschule,Nürnberg,,,,,EUR,False,,,,,"https://www.glassdoor.de/job-listing/senior-ai-enablement-manager-mwd-iu-internationale-hochschule-JV_IC4990970_KO0,32_KE33,61.htm?jl=1010098989768"
1010123550308,Inhouse KI / AI Solution Architekt/in (m/w/d),Mangelberger Elektrotechnik GmbH,Roth,,,,,EUR,False,,,,,"https://www.glassdoor.de/job-listing/inhouse-ki-ai-solution-architekt-in-mwd-mangelberger-elektrotechnik-JV_IC2540284_KO0,39_KE40,67.htm?jl=1010123550308"
1010072938837,Ausbildung Sport- und Fitnesskaufmann (m/w/d),A.I. Fitness GmbH,Erlangen,,,,,EUR,True,,,,,"https://www.glassdoor.de/job-listing/ausbildung-sport-und-fitnesskaufmann-mwd-ai-management-JV_IC2830398_KO0,40_KE41,54.htm?jl=1010072938837"
1010046097873,Senior Employer Relations Manager (m/w/d) Teilzeit (20h/Woche),IU Internationale Hochschule,Nürnberg,,,,,EUR,False,,,,,"https://www.glassdoor.de/job-listing/senior-employer-relations-manager-mwd-teilzeit-20h-woche-iu-internationale-hochschule-JV_IC4990970_KO0,56_KE57,85.htm?jl=1010046097873"
1010121770104,Clubmanager (m/w/d),A.I. Fitness GmbH,Nürnberg,,,,,EUR,False,,,,,"https://www.glassdoor.de/job-listing/clubmanager-mwd-ai-management-JV_IC4990970_KO0,15_KE16,29.htm?jl=1010121770104"
1010126496758,Filialleiter (m/w/d),A.I. Fitness GmbH,Nürnberg,,,,,EUR,True,,,,,"https://www.glassdoor.de/job-listing/filialleiter-mwd-ai-management-JV_IC4990970_KO0,16_KE17,30.htm?jl=1010126496758"
1010072938791,Fitnesstrainer Teilzeit (m/w/d),A.I. Fitness GmbH,Erlangen,,,,,EUR,True,,,,,"https://www.glassdoor.de/job-listing/fitnesstrainer-teilzeit-mwd-ai-management-JV_IC2830398_KO0,27_KE28,41.htm?jl=1010072938791"
1010127744786,Quereinsteiger (m/w/d) GenAI Engineering,MSIT GmbH,Erlangen,,,,,EUR,True,,,,,"https://www.glassdoor.de/job-listing/quereinsteiger-mwd-genai-engineering-msit-JV_IC2830398_KO0,36_KE37,41.htm?jl=1010127744786"
1010118030373,Senior Consultant QA & AI m/w/d,sepp.med GmbH,Nürnberg,,,,,EUR,False,,,,,"https://www.glassdoor.de/job-listing/senior-consultant-qa-ai-mwd-sepp-med-JV_IC4990970_KO0,27_KE28,36.htm?jl=1010118030373"
1010118153351,MTRA m/w/d im Softwaretest und Systemtest,sepp.med GmbH,Bamberg,,,,,EUR,False,,,,,"https://www.glassdoor.de/job-listing/mtra-mwd-im-softwaretest-und-systemtest-sepp-med-JV_IC2747864_KO0,39_KE40,48.htm?jl=1010118153351"
1010104406630,Softwareentwickler (m/w/d),Dorfner GmbH & Co. KG,Nürnberg,,,,,EUR,True,,,,,"https://www.glassdoor.de/job-listing/softwareentwickler-mwd-dorfner-gruppe-JV_IC4990970_KO0,22_KE23,37.htm?jl=1010104406630"
1010087047650,Cost Engineer - Kalkulation / Maschinenbau / KI (m/w/d),PartSpace GmbH,Nürnberg,,,,,EUR,True,,,,,"https://www.glassdoor.de/job-listing/cost-engineer-kalkulation-maschinenbau-ki-mwd-easy2parts-JV_IC4990970_KO0,45_KE46,56.htm?jl=1010087047650"
1010118069009,Senior Softwareentwickler C# m/w/d,sepp.med GmbH,Bamberg,,,,,EUR,False,,,,,"https://www.glassdoor.de/job-listing/senior-softwareentwickler-c-mwd-sepp-med-JV_IC2747864_KO0,31_KE32,40.htm?jl=1010118069009"
1010058822361,Pre Sales Solution Consultant - SaaS / AI / ERP / Demos (m/w/d),PartSpace GmbH,Nürnberg,,,,,EUR,True,,,,,"https://www.glassdoor.de/job-listing/pre-sales-solution-consultant-saas-ai-erp-demos-mwd-easy2parts-JV_IC4990970_KO0,51_KE52,62.htm?jl=1010058822361"
1010087047631,Senior Fertigungsplaner - Zerspanung / Kalkulation (m/w/d),PartSpace GmbH,Nürnberg,,,,,EUR,True,,,,,"https://www.glassdoor.de/job-listing/senior-fertigungsplaner-zerspanung-kalkulation-mwd-easy2parts-JV_IC4990970_KO0,50_KE51,61.htm?jl=1010087047631"
1010078706787,Fitnesstrainer Vollzeit (m/w/d),A.I. Fitness GmbH,Schwabach,,,,,EUR,True,,,,,"https://www.glassdoor.de/job-listing/fitnesstrainer-vollzeit-mwd-ai-management-JV_IC2594579_KO0,27_KE28,41.htm?jl=1010078706787"
1010118082887,Software-/Algorithmenentwickler C++ m/w/d,sepp.med GmbH,Bamberg,,,,,EUR,True,,,,,"https://www.glassdoor.de/job-listing/software-algorithmenentwickler-cmwd-sepp-med-JV_IC2747864_KO0,35_KE36,44.htm?jl=1010118082887"
1010088761841,Clinical AI Research Radiologist (f/m/d),Siemens Healthineers,Erlangen,,,,,EUR,False,,,,,"https://www.glassdoor.de/job-listing/clinical-ai-research-radiologist-fmd-siemens-healthineers-JV_IC2830398_KO0,36_KE37,57.htm?jl=1010088761841"
1010104711810,AI & Medical Imaging Engineer (m/w/d),Bertrandt AG,Erlangen,,,,,EUR,False,,,,,"https://www.glassdoor.de/job-listing/ai-medical-imaging-engineer-mwd-bertrandt-JV_IC2830398_KO0,31_KE32,41.htm?jl=1010104711810"
1010127933864,Global Lead (w/m/d) AI-driven Change & Efficiency in R&D,Siemens,Nürnberg,,,,,EUR,False,,,,,"https://www.glassdoor.de/job-listing/global-lead-wmd-ai-driven-change-efficiency-in-rd-siemens-JV_IC4990970_KO0,49_KE50,57.htm?jl=1010127933864"
1010103354516,AI-/ LLM-Engineer (m/w/d),DAHAG Rechtsservices AG,Nürnberg,,,,,EUR,False,,,,,"https://www.glassdoor.de/job-listing/ai-llm-engineer-mwd-dahag-rechtsservices-ag-JV_IC4990970_KO0,19_KE20,43.htm?jl=1010103354516"
1010088261086,Werkstudent Intelligent Automation & AI Solutions (m/w/d),Rödl & Partner GmbH,Nürnberg,,,,,EUR,False,,,,,"https://www.glassdoor.de/job-listing/werkstudent-intelligent-automation-ai-solutions-mwd-rödl-partner-JV_IC4990970_KO0,51_KE52,64.htm?jl=1010088261086"
1009888135730,Senior Agentic AI Consultant (w/m/d),S&N Invent GmbH,Nürnberg,,,,,EUR,False,,,,,"https://www.glassdoor.de/job-listing/senior-agentic-ai-consultant-wmd-sn-invent-gmbh-JV_IC4990970_KO0,32_KE33,47.htm?jl=1009888135730"
1009960539277,AI Engineer - Generative AI (m/w/d/pixelhead),Conrad Electronic SE,Nürnberg,,,,,EUR,False,,,,,"https://www.glassdoor.de/job-listing/ai-engineer-generative-ai-mwd-pixelhead-conrad-electronic-JV_IC4990970_KO0,39_KE40,57.htm?jl=1009960539277"
1010122727703,Working Student – Business Development Neuromorphic Computing (all genders),Fraunhofer-Institut für Integrierte Schaltungen IIS,Erlangen,,,,,EUR,False,,,,,"https://www.glassdoor.de/job-listing/working-student-business-development-neuromorphic-computing-all-genders-fraunhofer-gesellschaft-JV_IC2830398_KO0,71_KE72,95.htm?jl=1010122727703"
1010126433085,Working Student – Data Analysis for Electric Drive Systems,Cummins Inc.,Nürnberg,,,,,EUR,False,,,,,"https://www.glassdoor.de/job-listing/working-student-data-analysis-for-electric-drive-systems-cummins-JV_IC4990970_KO0,56_KE57,64.htm?jl=1010126433085"
1010098243602,Junior AI Engineer (m/w/d),MEKRA Lang GmbH & Co. KG,Ergersheim,,,,,EUR,True,,,,,"https://www.glassdoor.de/job-listing/junior-ai-engineer-mwd-mekra-lang-JV_IC2754496_KO0,22_KE23,33.htm?jl=1010098243602"
1010119202465,"Werkstudent (w/m/d) Digital Transformation, Knowledge & Competence Management",Siemens,Erlangen,,,,,EUR,False,,,,,"https://www.glassdoor.de/job-listing/werkstudent-wmd-digital-transformation-knowledge-competence-management-siemens-JV_IC2830398_KO0,70_KE71,78.htm?jl=1010119202465"
1010104126179,Working Student (all genders) - Shape Europe’s Chip Future: Join the Virtual ASIC Team,Fraunhofer-Institut für Integrierte Schaltungen IIS,Erlangen,,,,,EUR,False,,,,,"https://www.glassdoor.de/job-listing/working-student-all-genders-shape-europe-s-chip-future-join-the-virtual-asic-team-fraunhofer-gesellschaft-JV_IC2830398_KO0,81_KE82,105.htm?jl=1010104126179"
1010117934924,Senior Softwareentwickler C# m/w/d,sepp.med GmbH,Forchheim,,,,,EUR,False,,,,,"https://www.glassdoor.de/job-listing/senior-softwareentwickler-c-mwd-sepp-med-JV_IC2754591_KO0,31_KE32,40.htm?jl=1010117934924"
1010118022723,Full Stack Developer mit Pipeline-Erfahrung m/w/d,sepp.med GmbH,Forchheim,,,,,EUR,False,,,,,"https://www.glassdoor.de/job-listing/full-stack-developer-mit-pipeline-erfahrung-mwd-sepp-med-JV_IC2754591_KO0,47_KE48,56.htm?jl=1010118022723"
1010127853384,Quereinsteiger (m/w/d) GenAI Engineering,MSIT GmbH,Nürnberg,,,,,EUR,True,,,,,"https://www.glassdoor.de/job-listing/quereinsteiger-mwd-genai-engineering-msit-JV_IC4990970_KO0,36_KE37,41.htm?jl=1010127853384"
1010118061789,Senior Softwareentwickler C# m/w/d,sepp.med GmbH,Ansbach,,,,,EUR,False,,,,,"https://www.glassdoor.de/job-listing/senior-softwareentwickler-c-mwd-sepp-med-JV_IC2593366_KO0,31_KE32,40.htm?jl=1010118061789"
1010127770165,"IT Consultant - Incident Management - Erlangen, Germany",Infosys,Erlangen,,,,,EUR,False,,,,,"https://www.glassdoor.de/job-listing/it-consultant-incident-management-erlangen-germany-infosys-JV_IC2830398_KO0,50_KE51,58.htm?jl=1010127770165"
1010124955827,Working Student (f/m/d) for Content Creation,Siemens Healthineers,Erlangen,,,,,EUR,False,,,,,"https://www.glassdoor.de/job-listing/working-student-fmd-for-content-creation-siemens-healthineers-JV_IC2830398_KO0,40_KE41,61.htm?jl=1010124955827"
1010083960810,Dein Karrieresprung: KI-Spezialist (m/w/d) – Jetzt einsteigen und starten!,Syntex GmbH,Erlangen,,,,,EUR,True,,,,,"https://www.glassdoor.de/job-listing/dein-karrieresprung-ki-spezialist-mwd-jetzt-einsteigen-und-starten-syntex-JV_IC2830398_KO0,66_KE67,73.htm?jl=1010083960810"
1010108053534,Werkstudent (w/m/d) für Market Research/Content Generation in unserem Bereich Trends & Technology bei der evosoft GmbH,Siemens,Erlangen,,,,,EUR,False,,,,,"https://www.glassdoor.de/job-listing/werkstudent-wmd-für-market-research-content-generation-in-unserem-bereich-trends-technology-bei-der-evosoft-gmbh-siemens-JV_IC2830398_KO0,112_KE113,120.htm?jl=1010108053534"
1010107970551,Senior AI Developer (m/w/d),PartSpace GmbH,Nürnberg,,,,,EUR,False,,,,,"https://www.glassdoor.de/job-listing/senior-ai-developer-mwd-easy2parts-JV_IC4990970_KO0,23_KE24,34.htm?jl=1010107970551"
1010094215913,Tech Lead (f/m/d) AI & APIs for energy and sustainability management,Siemens,Erlangen,,,,,EUR,False,,,,,"https://www.glassdoor.de/job-listing/tech-lead-fmd-ai-apis-for-energy-and-sustainability-management-siemens-JV_IC2830398_KO0,62_KE63,70.htm?jl=1010094215913"
1010124055202,Intellectual Property Assistant (w/m/d) mit Schwerpunkt Marken und Design,Siemens Healthineers,Erlangen,,,,,EUR,False,,,,,"https://www.glassdoor.de/job-listing/intellectual-property-assistant-wmd-mit-schwerpunkt-marken-und-design-siemens-healthineers-JV_IC2830398_KO0,69_KE70,90.htm?jl=1010124055202"
1010077111112,Information Security Officer – KI Security (w/m/d),DATEV eg,Nürnberg,,,,,EUR,False,,,,,"https://www.glassdoor.de/job-listing/information-security-officer-ki-security-wmd-datev-JV_IC4990970_KO0,44_KE45,50.htm?jl=1010077111112"
1010111282183,KI-Berater (M/W/D),BES Systemhaus GmbH,Schwabach,,,,,EUR,False,,,,,"https://www.glassdoor.de/job-listing/ki-berater-mwd-bes-systemhaus-gmbh-JV_IC2594579_KO0,14_KE15,34.htm?jl=1010111282183"
1010100247481,IT Software License & Asset Management - 100% Remote (m/w/d),Digistore24,Nürnberg,,,,,EUR,False,,,,,"https://www.glassdoor.de/job-listing/it-software-license-asset-management-100-remote-mwd-digistore24-JV_IC4990970_KO0,51_KE52,63.htm?jl=1010100247481"
1010029354600,AI Execution Expert (m/w/d),DEHN SE,Neumarkt in der Oberpfalz,,,,,EUR,False,,,,,"https://www.glassdoor.de/job-listing/ai-execution-expert-mwd-dehn-se-JV_IC4991683_KO0,23_KE24,31.htm?jl=1010029354600"
1010111083957,Software Developer – Industrial & OT Monitoring (all genders),Paessler GmbH,Nürnberg,,,,,EUR,False,,,,,"https://www.glassdoor.de/job-listing/software-developer-industrial-ot-monitoring-all-genders-paessler-ag-JV_IC4990970_KO0,55_KE56,67.htm?jl=1010111083957"
1010125194974,Werkstudent (m/w/d) Künstliche Intelligenz – Conversational AI (Telefon- & Chatbots),Allgeier inovar GmbH,Nürnberg,,,,,EUR,True,,,,,"https://www.glassdoor.de/job-listing/werkstudent-mwd-künstliche-intelligenz-conversational-ai-telefon-chatbots-allgeier-inovar-gmbh-JV_IC4990970_KO0,73_KE74,94.htm?jl=1010125194974"
1010114431000,Internship Product Line Management Sportstyle Apparel,PUMA,Herzogenaurach,,,,,EUR,False,,,,,"https://www.glassdoor.de/job-listing/internship-product-line-management-sportstyle-apparel-puma-JV_IC2831060_KO0,53_KE54,58.htm?jl=1010114431000"
1010100132618,Working Student (f/m/d) - Procurement Center of Excellence,Siemens Energy,Erlangen,,,,,EUR,False,,,,,"https://www.glassdoor.de/job-listing/working-student-fmd-procurement-center-of-excellence-siemens-energy-JV_IC2830398_KO0,52_KE53,67.htm?jl=1010100132618"
1010031593216,"Technical Inside Sales Engineer, 80-100% (f/m/x)",OMICRON electronics,Erlangen,,,,,EUR,False,,,,,"https://www.glassdoor.de/job-listing/technical-inside-sales-engineer-80-100-fmx-omicron-electronics-JV_IC2830398_KO0,42_KE43,62.htm?jl=1010031593216"
1010056625177,Frontend Developer Vue.js (all genders),Paessler GmbH,Nürnberg,,,,,EUR,False,,,,,"https://www.glassdoor.de/job-listing/frontend-developer-vue-js-all-genders-paessler-ag-JV_IC4990970_KO0,37_KE38,49.htm?jl=1010056625177"
1010106509704,Computerlinguist:in (m/w/d) in der Technischen Kommunikation mit Schwerpunkt KI,doctima GmbH,Fürth,,,,,EUR,False,,,,,"https://www.glassdoor.de/job-listing/computerlinguist-in-mwd-in-der-technischen-kommunikation-mit-schwerpunkt-ki-doctima-gmbh-JV_IC4990650_KO0,75_KE76,88.htm?jl=1010106509704"
1010100928026,Data Scientist mit Schwerpunkt Quantencomputing (m/w/d),DATEV eg,Nürnberg,,,,,EUR,False,,,,,"https://www.glassdoor.de/job-listing/data-scientist-mit-schwerpunkt-quantencomputing-mwd-datev-JV_IC4990970_KO0,51_KE52,57.htm?jl=1010100928026"
1010110890161,"Germany Residents - Survey Participants - Nuremberg, Germany",Prolific Academic Ltd,Nürnberg,,,,,EUR,True,,,,,"https://www.glassdoor.de/job-listing/germany-residents-survey-participants-nuremberg-germany-prolific-JV_IC4990970_KO0,55_KE56,64.htm?jl=1010110890161"
1010117994690,Internship Global eCommerce Content Expertise,PUMA,Herzogenaurach,,,,,EUR,False,,,,,"https://www.glassdoor.de/job-listing/internship-global-ecommerce-content-expertise-puma-JV_IC2831060_KO0,45_KE46,50.htm?jl=1010117994690"
1009969548846,(Digitaler) Kundenberater (m/w/d) Mietwagen an unserem neuen Standort in Nürnberg,CHECK24 Travel,Nürnberg,,,,,EUR,False,,,,,"https://www.glassdoor.de/job-listing/digitaler-kundenberater-mwd-mietwagen-an-unserem-neuen-standort-in-nürnberg-check24-JV_IC4990970_KO0,75_KE76,83.htm?jl=1009969548846"
1010118357802,Internship Global E-Commerce Product Photography,PUMA,Herzogenaurach,,,,,EUR,False,,,,,"https://www.glassdoor.de/job-listing/internship-global-e-commerce-product-photography-puma-JV_IC2831060_KO0,48_KE49,53.htm?jl=1010118357802"
1010000864581,Consultant Strategie- und Managementberatung Fokus Data & AI (m/w/d),Deloitte GmbH,Nürnberg,,,,,EUR,False,,,,,"https://www.glassdoor.de/job-listing/consultant-strategie-und-managementberatung-fokus-data-ai-mwd-deloitte-JV_IC4990970_KO0,61_KE62,70.htm?jl=1010000864581"
1010080156589,Working Student - Design of Low-Power Digital systems (all genders),Fraunhofer-Institut für Integrierte Schaltungen IIS,Erlangen,,,,,EUR,False,,,,,"https://www.glassdoor.de/job-listing/working-student-design-of-low-power-digital-systems-all-genders-fraunhofer-gesellschaft-JV_IC2830398_KO0,63_KE64,87.htm?jl=1010080156589"
1010110047963,Werkstudent (w/m/d) Global Transportation Network,Siemens,Erlangen,,,,,EUR,False,,,,,"https://www.glassdoor.de/job-listing/werkstudent-wmd-global-transportation-network-siemens-JV_IC2830398_KO0,45_KE46,53.htm?jl=1010110047963"
1009948113672,KI Developer / RAG-Engineer (m/w/d),medienreaktor GmbH,Bamberg,,,,,EUR,False,,,,,"https://www.glassdoor.de/job-listing/ki-developer-rag-engineer-mwd-medienreaktor-JV_IC2747864_KO0,29_KE30,43.htm?jl=1009948113672"
1009948113662,IT-Consultant für KI-Transformation (m/w/d),medienreaktor GmbH,Bamberg,,,,,EUR,False,,,,,"https://www.glassdoor.de/job-listing/it-consultant-für-ki-transformation-mwd-medienreaktor-JV_IC2747864_KO0,39_KE40,53.htm?jl=1009948113662"
1010127831392,Internship Graphic Design Teamsport Footwear & Equipment,PUMA,Herzogenaurach,,,,,EUR,False,,,,,"https://www.glassdoor.de/job-listing/internship-graphic-design-teamsport-footwear-equipment-puma-JV_IC2831060_KO0,54_KE55,59.htm?jl=1010127831392"
1010127831626,Retail Director Europe Central,PUMA,Herzogenaurach,,,,,EUR,False,,,,,"https://www.glassdoor.de/job-listing/retail-director-europe-central-puma-JV_IC2831060_KO0,30_KE31,35.htm?jl=1010127831626"
1010126722000,Lead Head Office & Programs Global Operations,PUMA,Herzogenaurach,,,,,EUR,False,,,,,"https://www.glassdoor.de/job-listing/lead-head-office-programs-global-operations-puma-JV_IC2831060_KO0,43_KE44,48.htm?jl=1010126722000"
1010122656596,Director of Business Operations & Partnerships Global Retail,PUMA,Herzogenaurach,,,,,EUR,False,,,,,"https://www.glassdoor.de/job-listing/director-of-business-operations-partnerships-global-retail-puma-JV_IC2831060_KO0,58_KE59,63.htm?jl=1010122656596"
1009920909452,Digital Transformation Manager (m/f/d),Phoenix Medical,Fürth,,,,,EUR,False,,,,,"https://www.glassdoor.de/job-listing/digital-transformation-manager-mfd-phoenix-medical-JV_IC4990650_KO0,34_KE35,50.htm?jl=1009920909452"
1010119028535,Teamhead Global Retail Consumer in Store Experience,PUMA,Herzogenaurach,,,,,EUR,False,,,,,"https://www.glassdoor.de/job-listing/teamhead-global-retail-consumer-in-store-experience-puma-JV_IC2831060_KO0,51_KE52,56.htm?jl=1010119028535"
1010127841499,(Senior) Consultant / Manager - AI Transformation (all genders),Forvis Mazars GmbH & Co. KG,Nürnberg,,,,,EUR,False,,,,,"https://www.glassdoor.de/job-listing/senior-consultant-manager-ai-transformation-all-genders-mazars-JV_IC4990970_KO0,55_KE56,62.htm?jl=1010127841499"
1010119202491,Werkstudent*in (w/m/d) Training für Softwareentwicklung & Produktmanagement,Siemens Healthineers,Forchheim,,,,,EUR,False,,,,,"https://www.glassdoor.de/job-listing/werkstudent-in-wmd-training-für-softwareentwicklung-produktmanagement-siemens-healthineers-JV_IC2754591_KO0,69_KE70,90.htm?jl=1010119202491"
1010127933862,Global Marketing Manager (f/m/d) Industrial Computing,Siemens,Nürnberg,,,,,EUR,False,,,,,"https://www.glassdoor.de/job-listing/global-marketing-manager-fmd-industrial-computing-siemens-JV_IC4990970_KO0,49_KE50,57.htm?jl=1010127933862"
1010125188377,AI Engineer (all genders),Silbury Deutschland GmbH,Fürth,,,,,EUR,True,,,,,"https://www.glassdoor.de/job-listing/ai-engineer-all-genders-silbury-JV_IC4990650_KO0,23_KE24,31.htm?jl=1010125188377"
1010110890096,"German - Fluent Speakers - AI Training - Nuremberg, Germany",Prolific Academic Ltd,Nürnberg,,,,,EUR,True,,,,,"https://www.glassdoor.de/job-listing/german-fluent-speakers-ai-training-nuremberg-germany-prolific-JV_IC4990970_KO0,52_KE53,61.htm?jl=1010110890096"
1010029241222,Informationssicherheitsbeauftragter (m/w/d),OECHSLER AG,Ansbach,,,,,EUR,False,,,,,"https://www.glassdoor.de/job-listing/informationssicherheitsbeauftragter-mwd-oechsler-JV_IC2593366_KO0,39_KE40,48.htm?jl=1010029241222"
1010107992127,Data Engineer (d/m/w),NÜRNBERGER Versicherung,Nürnberg,,,,,EUR,False,,,,,"https://www.glassdoor.de/job-listing/data-engineer-dmw-nürnberger-versicherung-JV_IC4990970_KO0,17_KE18,41.htm?jl=1010107992127"
1009991516066,Senior AI Developer (m/w/d),PartSpace,Nürnberg,,,,,EUR,True,,,,,"https://www.glassdoor.de/job-listing/senior-ai-developer-mwd-easy2parts-JV_IC4990970_KO0,23_KE24,34.htm?jl=1009991516066"
1010128303490,Commodity Manager (f/m/d),Siemens Healthineers,Forchheim,,,,,EUR,False,,,,,"https://www.glassdoor.de/job-listing/commodity-manager-fmd-siemens-healthineers-JV_IC2754591_KO0,21_KE22,42.htm?jl=1010128303490"
1010107933162,Intelligent Automation Analyst (m/w/d),Rödl & Partner GmbH,Nürnberg,,,,,EUR,False,,,,,"https://www.glassdoor.de/job-listing/intelligent-automation-analyst-mwd-rödl-partner-JV_IC4990970_KO0,34_KE35,47.htm?jl=1010107933162"
1010128303489,Senior Strategic Clinical Marketing Manager Diagnostic Imaging (f/m/d),Siemens Healthineers,Forchheim,,,,,EUR,False,,,,,"https://www.glassdoor.de/job-listing/senior-strategic-clinical-marketing-manager-diagnostic-imaging-fmd-siemens-healthineers-JV_IC2754591_KO0,66_KE67,87.htm?jl=1010128303489"
1010124055325,Software Project Manager (w/m/d),Siemens Healthineers,Forchheim,,,,,EUR,False,,,,,"https://www.glassdoor.de/job-listing/software-project-manager-wmd-siemens-healthineers-JV_IC2754591_KO0,28_KE29,49.htm?jl=1010124055325"
1010107828999,Junior Digital Media Planner (Mensch),WPP Media,Frankfurt am Main,,,,,EUR,False,,,,,"https://www.glassdoor.de/job-listing/junior-digital-media-planner-mensch-groupm-JV_IC2632180_KO0,35_KE36,42.htm?jl=1010107828999"
1010124530728,Junior Manager Pricing Operations E-Commerce Europe (Limited until 30.11.2027),PUMA,Herzogenaurach,,,,,EUR,False,,,,,"https://www.glassdoor.de/job-listing/junior-manager-pricing-operations-e-commerce-europe-limited-until-30-11-2027-puma-JV_IC2831060_KO0,76_KE77,81.htm?jl=1010124530728"
1010118357772,Director Global E-Commerce Loyalty & CRM,PUMA,Herzogenaurach,,,,,EUR,False,,,,,"https://www.glassdoor.de/job-listing/director-global-e-commerce-loyalty-crm-puma-JV_IC2831060_KO0,38_KE39,43.htm?jl=1010118357772"
1010084026113,Internal Control (Senior) Associate,Siemens,Erlangen,,,,,EUR,False,,,,,"https://www.glassdoor.de/job-listing/internal-control-senior-associate-siemens-JV_IC2830398_KO0,33_KE34,41.htm?jl=1010084026113"
1010000864550,Senior Consultant Strategie- und Managementberatung Fokus Data & AI (m/w/d),Deloitte GmbH,Nürnberg,,,,,EUR,False,,,,,"https://www.glassdoor.de/job-listing/senior-consultant-strategie-und-managementberatung-fokus-data-ai-mwd-deloitte-JV_IC4990970_KO0,68_KE69,77.htm?jl=1010000864550"
1010100369021,Account Executive (m/w/d) - plusmeta Platform,Quanos Solutions GmbH,Nürnberg,,,,,EUR,False,,,,,"https://www.glassdoor.de/job-listing/account-executive-mwd-plusmeta-platform-quanos-service-solutions-JV_IC4990970_KO0,39_KE40,64.htm?jl=1010100369021"
1010107970508,Cost Modeling Engineer (m/w/d),PartSpace GmbH,Nürnberg,,,,,EUR,False,,,,,"https://www.glassdoor.de/job-listing/cost-modeling-engineer-mwd-easy2parts-JV_IC4990970_KO0,26_KE27,37.htm?jl=1010107970508"
1010123359181,Wissenschaftlicher Mitarbeiter (w/m/d) im Bereich KI-basierte Bildverarbeitung und automatisierte Qualitätsprüfung,Technische Hochschule Nürnberg Georg Simon Ohm,Nürnberg,,,,,EUR,True,,,,,"https://www.glassdoor.de/job-listing/wissenschaftlicher-mitarbeiter-wmd-im-bereich-ki-basierte-bildverarbeitung-und-automatisierte-qualitätsprüfung-technische-hochschule-nürnberg-JV_IC4990970_KO0,110_KE111,141.htm?jl=1010123359181"
1010083943546,Software Developer Delphi (all genders),Paessler GmbH,Nürnberg,,,,,EUR,False,,,,,"https://www.glassdoor.de/job-listing/software-developer-delphi-all-genders-paessler-ag-JV_IC4990970_KO0,37_KE38,49.htm?jl=1010083943546"
1010029729913,IT Product Owner / Business Analyst (all genders),EXXETA,Nürnberg,,,,,EUR,False,,,,,"https://www.glassdoor.de/job-listing/it-product-owner-business-analyst-all-genders-exxeta-JV_IC4990970_KO0,45_KE46,52.htm?jl=1010029729913"
1010119028499,Teamhead Social-Media Europe,PUMA,Herzogenaurach,,,,,EUR,False,,,,,"https://www.glassdoor.de/job-listing/teamhead-social-media-europe-puma-JV_IC2831060_KO0,28_KE29,33.htm?jl=1010119028499"
1010072803505,Enablement Lead,Paessler GmbH,Nürnberg,,,,,EUR,False,,,,,"https://www.glassdoor.de/job-listing/enablement-lead-paessler-ag-JV_IC4990970_KO0,15_KE16,27.htm?jl=1010072803505"
1010121210632,Head of Expert Response Services (f/m/d) – Switchgear Services (Global Role),Siemens Energy,Nürnberg,,,,,EUR,False,,,,,"https://www.glassdoor.de/job-listing/head-of-expert-response-services-fmd-switchgear-services-global-role-siemens-energy-JV_IC4990970_KO0,68_KE69,83.htm?jl=1010121210632"
1010117024329,Internship Sports Marketing Motorsport,PUMA,Herzogenaurach,,,,,EUR,False,,,,,"https://www.glassdoor.de/job-listing/internship-sports-marketing-motorsport-puma-JV_IC2831060_KO0,38_KE39,43.htm?jl=1010117024329"
1010127770163,"Senior Project Manager - SAP S/4 Fashion (m/w/d), Germany",Infosys,Erlangen,,,,,EUR,False,,,,,"https://www.glassdoor.de/job-listing/senior-project-manager-sap-s4-fashion-mwd-germany-infosys-JV_IC2830398_KO0,49_KE50,57.htm?jl=1010127770163"
1010025645513,Advanced IT Project Manager (m/w/d) – Focus Software Implementation,PixelMechanics,Nürnberg,,,,,EUR,False,,,,,"https://www.glassdoor.de/job-listing/advanced-it-project-manager-mwd-focus-software-implementation-pixelmechanics-JV_IC4990970_KO0,61_KE62,76.htm?jl=1010025645513"
1010122597656,Working Student People & Organisation (all genders),Zalando,Ansbach,,,,,EUR,False,,,,,"https://www.glassdoor.de/job-listing/working-student-people-organisation-all-genders-zalando-JV_IC2593366_KO0,47_KE48,55.htm?jl=1010122597656"
1010122141028,Teamhead Marketing Central Europe,PUMA,Herzogenaurach,,,,,EUR,False,,,,,"https://www.glassdoor.de/job-listing/teamhead-marketing-central-europe-puma-JV_IC2831060_KO0,33_KE34,38.htm?jl=1010122141028"
1010029354825,Business Partner Digitalisierung (m/w/d),DEHN SE,Neumarkt in der Oberpfalz,,,,,EUR,False,,,,,"https://www.glassdoor.de/job-listing/business-partner-digitalisierung-mwd-dehn-se-JV_IC4991683_KO0,36_KE37,44.htm?jl=1010029354825"
1009873429749,System on Chip (SoC) Verification Engineer (all genders),Fraunhofer-Institut für Integrierte Schaltungen IIS,Erlangen,,,,,EUR,False,,,,,"https://www.glassdoor.de/job-listing/system-on-chip-soc-verification-engineer-all-genders-fraunhofer-gesellschaft-JV_IC2830398_KO0,52_KE53,76.htm?jl=1009873429749"
1010127796977,Expert (m/f/d) Templates Creo,Siemens Energy,Nürnberg,,,,,EUR,False,,,,,"https://www.glassdoor.de/job-listing/expert-mfd-templates-creo-siemens-energy-JV_IC4990970_KO0,25_KE26,40.htm?jl=1010127796977"
1010115949280,Graphic Designer Teamsport Apparel - Handball,PUMA,Herzogenaurach,,,,,EUR,False,,,,,"https://www.glassdoor.de/job-listing/graphic-designer-teamsport-apparel-handball-puma-JV_IC2831060_KO0,43_KE44,48.htm?jl=1010115949280"
1010114430966,Internship Product Line Management Teamsport Footwear,PUMA,Herzogenaurach,,,,,EUR,False,,,,,"https://www.glassdoor.de/job-listing/internship-product-line-management-teamsport-footwear-puma-JV_IC2831060_KO0,53_KE54,58.htm?jl=1010114430966"
1009737621022,KI-Softwareentwickler (m/w/d),SINTEC Informatik GmbH,Fürth,,,,,EUR,False,,,,,"https://www.glassdoor.de/job-listing/ki-softwareentwickler-mwd-sintec-informatik-JV_IC4990650_KO0,25_KE26,43.htm?jl=1009737621022"
1010086000272,KI-Techniker (m/w/d),TeleSys,Breitengüßbach,,,,,EUR,False,,,,,"https://www.glassdoor.de/job-listing/ki-techniker-mwd-telesys-JV_IC2837436_KO0,16_KE17,24.htm?jl=1010086000272"
1010118329924,(Senior) Intelligent Automation Developer (m/w/d),Rödl & Partner GmbH,Nürnberg,,,,,EUR,False,,,,,"https://www.glassdoor.de/job-listing/senior-intelligent-automation-developer-mwd-rödl-partner-JV_IC4990970_KO0,43_KE44,56.htm?jl=1010118329924"
1009918037658,Manager Data & AI Governance (m/w/d),Deloitte GmbH,Nürnberg,,,,,EUR,False,,,,,"https://www.glassdoor.de/job-listing/manager-data-ai-governance-mwd-deloitte-JV_IC4990970_KO0,30_KE31,39.htm?jl=1009918037658"
1010128303491,Senior Strategic Clinical Marketing Manager Diagnostic Imaging (w/m/d),Siemens Healthineers,Forchheim,,,,,EUR,False,,,,,"https://www.glassdoor.de/job-listing/senior-strategic-clinical-marketing-manager-diagnostic-imaging-wmd-siemens-healthineers-JV_IC2754591_KO0,66_KE67,87.htm?jl=1010128303491"
1010070174318,Associate (f/m/d) – Technology and Financial Audit focus general Technology/Engineering,Siemens,Erlangen,,,,,EUR,False,,,,,"https://www.glassdoor.de/job-listing/associate-fmd-technology-and-financial-audit-focus-general-technology-engineering-siemens-JV_IC2830398_KO0,81_KE82,89.htm?jl=1010070174318"
1010064134784,Mixed-Signal IC Designer – Neuromorphic Computing,Fraunhofer-Institut für Integrierte Schaltungen IIS,Erlangen,,,,,EUR,False,,,,,"https://www.glassdoor.de/job-listing/mixed-signal-ic-designer-neuromorphic-computing-fraunhofer-gesellschaft-JV_IC2830398_KO0,47_KE48,71.htm?jl=1010064134784"
1010088218617,Senior Software Architekt – AI‑Driven DevOps (m/w/d),DATEV eg,Nürnberg,,,,,EUR,False,,,,,"https://www.glassdoor.de/job-listing/senior-software-architekt-ai-driven-devops-mwd-datev-JV_IC4990970_KO0,46_KE47,52.htm?jl=1010088218617"
1009975308013,Test Architect (f/m/d) Railigent X - IoT Platform,Siemens,Erlangen,,,,,EUR,False,,,,,"https://www.glassdoor.de/job-listing/test-architect-fmd-railigent-x-iot-platform-siemens-JV_IC2830398_KO0,43_KE44,51.htm?jl=1009975308013"
1010125191726,AI Consultant (all genders),Silbury Deutschland GmbH,Fürth,,,,,EUR,True,,,,,"https://www.glassdoor.de/job-listing/ai-consultant-all-genders-silbury-JV_IC4990650_KO0,25_KE26,33.htm?jl=1010125191726"
1010123798171,"Global Head (F/M/D) of EHS, Quality, and Security, Grid Technologies",Siemens Energy,Erlangen,,,,,EUR,False,,,,,"https://www.glassdoor.de/job-listing/global-head-fmd-of-ehs-quality-and-security-grid-technologies-siemens-energy-JV_IC2830398_KO0,61_KE62,76.htm?jl=1010123798171"
1010112732636,Retail Sales Associate,PUMA,Herzogenaurach,,,,,EUR,False,,,,,"https://www.glassdoor.de/job-listing/retail-sales-associate-puma-JV_IC2831060_KO0,22_KE23,27.htm?jl=1010112732636"
1010122656710,Director Global Retail Merchandising,PUMA,Herzogenaurach,,,,,EUR,False,,,,,"https://www.glassdoor.de/job-listing/director-global-retail-merchandising-puma-JV_IC2831060_KO0,36_KE37,41.htm?jl=1010122656710"
1010124055196,Projektmanager Analytics und Automatisierung in CRM und SCM (w/m/d) in Teilzeit (20 Stunden/Woche),Siemens Healthineers,Forchheim,,,,,EUR,False,,,,,"https://www.glassdoor.de/job-listing/projektmanager-analytics-und-automatisierung-in-crm-und-scm-wmd-in-teilzeit-20-stunden-woche-siemens-healthineers-JV_IC2754591_KO0,92_KE93,113.htm?jl=1010124055196"
1010095338423,Project Manager (w|m|d) mit IT & AI Know-how,BridgingIT GmbH,Nürnberg,,,,,EUR,True,,,,,"https://www.glassdoor.de/job-listing/project-manager-w-m-d-mit-it-ai-know-how-bridgingit-JV_IC4990970_KO0,40_KE41,51.htm?jl=1010095338423"
1010117328465,Lead BU Marketing Sportstyle,PUMA,Herzogenaurach,,,,,EUR,False,,,,,"https://www.glassdoor.de/job-listing/lead-bu-marketing-sportstyle-puma-JV_IC2831060_KO0,28_KE29,33.htm?jl=1010117328465"
1009560100910,(Senior) Softwareentwickler C# /.NET eHealth (m/w/d),CompuGroup Medical,Erlangen,,,,,EUR,False,,,,,"https://www.glassdoor.de/job-listing/senior-softwareentwickler-c-net-ehealth-mwd-compugroup-medical-JV_IC2830398_KO0,43_KE44,62.htm?jl=1009560100910"
1010112733054,Senior Manager Corporate Strategy,PUMA,Herzogenaurach,,,,,EUR,False,,,,,"https://www.glassdoor.de/job-listing/senior-manager-corporate-strategy-puma-JV_IC2831060_KO0,33_KE34,38.htm?jl=1010112733054"
1009991896280,Renewals Manager,Paessler GmbH,Nürnberg,,,,,EUR,False,,,,,"https://www.glassdoor.de/job-listing/renewals-manager-paessler-ag-JV_IC4990970_KO0,16_KE17,28.htm?jl=1009991896280"
1010122512720,Solution Architect DevOps und Automation mit KI-Fokus (m/w/d),IF-Tech AG,Ansbach,,,,,EUR,False,,,,,"https://www.glassdoor.de/job-listing/solution-architect-devops-und-automation-mit-ki-fokus-mwd-if-tech-ag-JV_IC2593366_KO0,57_KE58,68.htm?jl=1010122512720"
1010077139446,Junior Requirements Engineer / Consultant Digitalisierung (m/w/d),PixelMechanics,Nürnberg,,,,,EUR,True,,,,,"https://www.glassdoor.de/job-listing/junior-requirements-engineer-consultant-digitalisierung-mwd-pixelmechanics-JV_IC4990970_KO0,59_KE60,74.htm?jl=1010077139446"
1010031804751,Field Application Engineer (all genders) – mioty® LPWAN,Fraunhofer-Institut für Integrierte Schaltungen IIS,Nürnberg,,,,,EUR,False,,,,,"https://www.glassdoor.de/job-listing/field-application-engineer-all-genders-mioty-lpwan-fraunhofer-gesellschaft-JV_IC4990970_KO0,50_KE51,74.htm?jl=1010031804751"
1010107970556,Fertigungsplaner | Industrial Engineer (m/w/d),PartSpace GmbH,Nürnberg,,,,,EUR,False,,,,,"https://www.glassdoor.de/job-listing/fertigungsplaner-industrial-engineer-mwd-easy2parts-JV_IC4990970_KO0,40_KE41,51.htm?jl=1010107970556"
1009975033735,Database Engineer (m/w/d),DATEV eg,Deutschland,,,,,EUR,False,,,,,"https://www.glassdoor.de/job-listing/database-engineer-mwd-datev-JV_KO0,21_KE22,27.htm?jl=1009975033735"
1010126722034,Internship Product Line Management Outerwear,PUMA,Herzogenaurach,,,,,EUR,False,,,,,"https://www.glassdoor.de/job-listing/internship-product-line-management-outerwear-puma-JV_IC2831060_KO0,44_KE45,49.htm?jl=1010126722034"
1010054316822,PhD Students in Cybersecurity (m-f-d),Framatome,Erlangen,,,,,EUR,True,,,,,"https://www.glassdoor.de/job-listing/phd-students-in-cybersecurity-mfd-framatome-JV_IC2830398_KO0,33_KE34,43.htm?jl=1010054316822"
1010128303488,Commodity Manager (w/m/d),Siemens Healthineers,Forchheim,,,,,EUR,False,,,,,"https://www.glassdoor.de/job-listing/commodity-manager-wmd-siemens-healthineers-JV_IC2754591_KO0,21_KE22,42.htm?jl=1010128303488"
1010112733457,Designer Accessories Womens,PUMA,Herzogenaurach,,,,,EUR,False,,,,,"https://www.glassdoor.de/job-listing/designer-accessories-womens-puma-JV_IC2831060_KO0,27_KE28,32.htm?jl=1010112733457"
1010081732896,Senior Fullstack Engineer (m/f/d) - main focus: anwalt.de,anwalt.de services AG,Nürnberg,,,,,EUR,False,,,,,"https://www.glassdoor.de/job-listing/senior-fullstack-engineer-mfd-main-focus-anwalt-de-anwalt-de-services-JV_IC4990970_KO0,50_KE51,69.htm?jl=1010081732896"
1009693447468,Praxissemester und Praktika,ANGERMEIER INGENIEURE GmbH,Erlangen,,,,,EUR,False,,,,,"https://www.glassdoor.de/job-listing/praxissemester-und-praktika-angermeier-ingenieure-JV_IC2830398_KO0,27_KE28,49.htm?jl=1009693447468"
1010122656396,Senior Manager Global Retail Category Planning,PUMA,Herzogenaurach,,,,,EUR,False,,,,,"https://www.glassdoor.de/job-listing/senior-manager-global-retail-category-planning-puma-JV_IC2831060_KO0,46_KE47,51.htm?jl=1010122656396"
1010116297919,Senior Manager Head Office Global Brands,PUMA,Herzogenaurach,,,,,EUR,False,,,,,"https://www.glassdoor.de/job-listing/senior-manager-head-office-global-brands-puma-JV_IC2831060_KO0,40_KE41,45.htm?jl=1010116297919"
1007188189420,Senior Consultant OT / IoT - Cyber Security (w/m/d),KPMG,Nürnberg,,,,,EUR,False,,,,,"https://www.glassdoor.de/job-listing/senior-consultant-ot-iot-cyber-security-wmd-kpmg-JV_IC4990970_KO0,43_KE44,48.htm?jl=1007188189420"
1010086525348,Tradebyte Senior Product Analyst - Data Products (all genders),Zalando,Ansbach,,,,,EUR,False,,,,,"https://www.glassdoor.de/job-listing/tradebyte-senior-product-analyst-data-products-all-genders-zalando-JV_IC2593366_KO0,58_KE59,66.htm?jl=1010086525348"
1010118805758,Program Lead - Future Founders (m/f/d),Zollhof Betreiber GmbH,Nürnberg,,,,,EUR,False,,,,,"https://www.glassdoor.de/job-listing/program-lead-future-founders-mfd-zollhof-JV_IC4990970_KO0,32_KE33,40.htm?jl=1010118805758"
1010004068546,Software Developer C++ (all genders),Paessler GmbH,Nürnberg,,,,,EUR,False,,,,,"https://www.glassdoor.de/job-listing/software-developer-c-all-genders-paessler-ag-JV_IC4990970_KO0,32_KE33,44.htm?jl=1010004068546"
1010122574348,Senior Designer - Originals - Apparel Women (m/f/d),Adidas,Herzogenaurach,,,,,EUR,False,,,,,"https://www.glassdoor.de/job-listing/senior-designer-originals-apparel-women-mfd-adidas-JV_IC2831060_KO0,43_KE44,50.htm?jl=1010122574348"
1010057683431,Backend Software Developer – Rust (all genders),Paessler GmbH,Nürnberg,,,,,EUR,False,,,,,"https://www.glassdoor.de/job-listing/backend-software-developer-rust-all-genders-paessler-ag-JV_IC4990970_KO0,43_KE44,55.htm?jl=1010057683431"
1010114430854,Senior Marketing Manager Teamsport & Indoor Europe,PUMA,Herzogenaurach,,,,,EUR,False,,,,,"https://www.glassdoor.de/job-listing/senior-marketing-manager-teamsport-indoor-europe-puma-JV_IC2831060_KO0,48_KE49,53.htm?jl=1010114430854"
1010127933866,"Senior Complaint Manager*in / Safety Officer for Post-Market Surveillance, X-Ray Products (w/m/d)",Siemens Healthineers,Forchheim,,,,,EUR,False,,,,,"https://www.glassdoor.de/job-listing/senior-complaint-manager-in-safety-officer-for-post-market-surveillance-x-ray-products-wmd-siemens-healthineers-JV_IC2754591_KO0,90_KE91,111.htm?jl=1010127933866"
1010101681994,Senior Data & AI Consultant (w/m/d) – Hands‑on | Microsoft Data & AI | Nürnberg,Hitachi Solutions Europe,Nürnberg,,,,,EUR,True,,,,,"https://www.glassdoor.de/job-listing/senior-data-ai-consultant-wmd-hands-on-microsoft-data-ai-nürnberg-hitachi-solutions-north-america-JV_IC4990970_KO0,65_KE66,97.htm?jl=1010101681994"
1010021394722,Client & Media Strategy Consultant Consumer Brands (Mensch),WPP Media,Frankfurt am Main,,,,,EUR,False,,,,,"https://www.glassdoor.de/job-listing/client-media-strategy-consultant-consumer-brands-mensch-groupm-JV_IC2632180_KO0,55_KE56,62.htm?jl=1010021394722"
1010054342173,Media Consultant (Mensch),WPP Media,Frankfurt am Main,,,,,EUR,False,,,,,"https://www.glassdoor.de/job-listing/media-consultant-mensch-groupm-JV_IC2632180_KO0,23_KE24,30.htm?jl=1010054342173"
